timestamp,source_machine_id,material_category,material_name,quantity_used_kg,recycled_material_pct,energy_consumption_kwh,production_output_units,defect_rate_pct
01/05/25 8:00,M002,Raw Material,Polypropylene,86.73,0.00,96.74,204,3.38
01/05/25 8:05,M009,Raw Material,Cotton,54.77,0.00,91.24,338,2.53
01/05/25 8:10,M001,Hazardous Material,Lead-Based Alloy,157.4,0.00,164.16,529,1.10
01/05/25 8:15,M010,Process Additive,Industrial Oil,163.82,0.00,99.16,532,1.70
01/05/25 8:20,M003,Intermediate Material,Plastic Resin,65.33,0.00,125.59,467,4.24
01/05/25 8:25,M010,Process Additive,Industrial Oil,159.46,0.00,144.35,487,0.39
01/05/25 8:30,M005,Finished Material,Packaging,182.82,0.00,123.4,296,3.52
01/05/25 8:35,M001,Finished Material,Circuit Board,165.96,0.00,198.23,975,1.16
01/05/25 8:40,M002,Recycled Material,Reprocessed Plastics,118.01,41.71,99.52,463,1.05
01/05/25 8:45,M005,Finished Material,Packaging,147.21,0.00,153.1,275,2.67
01/05/25 8:50,M004,Intermediate Material,Plastic Resin,106.92,0.00,198.74,755,3.44
01/05/25 8:55,M004,Finished Material,Machine Component,176.43,0.00,173.12,334,4.11
01/05/25 9:00,M006,Recycled Material,Reprocessed Plastics,59.93,45.66,148.06,835,1.57
01/05/25 9:05,M008,Recycled Material,Reprocessed Plastics,71.43,6.98,169.4,651,1.31
01/05/25 9:10,M010,Recycled Material,Reprocessed Plastics,104.3,49.87,96.6,605,0.45
01/05/25 9:15,M001,Raw Material,Aluminum,144.12,0.00,175.05,532,2.98
01/05/25 9:20,M007,Recycled Material,Reprocessed Plastics,129.37,48.55,183.29,111,3.40
01/05/25 9:25,M002,Finished Material,Packaging,162.63,0.00,172.23,448,0.56
01/05/25 9:30,M007,Intermediate Material,Plastic Resin,50.49,0.00,166.65,836,1.32
01/05/25 9:35,M009,Intermediate Material,Textiles,186.89,0.00,184.46,405,4.21
01/05/25 9:40,M009,Hazardous Material,Lead-Based Alloy,72.93,0.00,171.5,652,4.77
01/05/25 9:45,M009,Raw Material,Polypropylene,123.29,0.00,93.42,471,4.39
01/05/25 9:50,M005,Intermediate Material,Sheet Metal,86.13,0.00,148.08,180,0.43
01/05/25 9:55,M008,Raw Material,Aluminum,69.26,0.00,137.03,662,0.83
01/05/25 10:00,M009,Hazardous Material,Solvent,194.65,0.00,191.47,873,3.65
01/05/25 10:05,M004,Finished Material,Machine Component,109.85,0.00,160.6,482,2.19
01/05/25 10:10,M009,Recycled Material,Scrap Steel,87.19,3.20,82.52,667,1.15
01/05/25 10:15,M004,Raw Material,Steel,156.18,0.00,87.06,169,4.53
01/05/25 10:20,M006,Raw Material,Aluminum,91.77,0.00,138.25,652,0.66
01/05/25 10:25,M010,Hazardous Material,Solvent,86.45,0.00,136.76,516,0.95
01/05/25 10:30,M002,Finished Material,Machine Component,103.14,0.00,129.33,984,3.65
01/05/25 10:35,M002,Raw Material,Cotton,159.23,0.00,176.07,211,1.24
01/05/25 10:40,M004,Hazardous Material,Solvent,71.03,0.00,102.02,573,1.25
01/05/25 10:45,M002,Recycled Material,Scrap Steel,57.59,49.96,180.32,195,4.63
01/05/25 10:50,M004,Intermediate Material,Plastic Resin,122.85,0.00,105.65,510,4.51
01/05/25 10:55,M003,Recycled Material,Scrap Steel,197.8,13.26,174.09,565,1.43
01/05/25 11:00,M009,Finished Material,Packaging,123,0.00,102.79,322,4.84
01/05/25 11:05,M010,Finished Material,Packaging,59.14,0.00,117.63,151,2.92
01/05/25 11:10,M009,Hazardous Material,Lead-Based Alloy,58.53,0.00,140.94,971,0.93
01/05/25 11:15,M010,Raw Material,Aluminum,110.57,0.00,192.99,683,1.23
01/05/25 11:20,M010,Raw Material,Steel,112.88,0.00,150.04,635,1.58
01/05/25 11:25,M005,Intermediate Material,Textiles,157.43,0.00,108.64,505,0.65
01/05/25 11:30,M005,Recycled Material,Reprocessed Plastics,189.35,46.79,81.12,736,4.99
01/05/25 11:35,M002,Raw Material,Aluminum,125.88,0.00,95.89,457,4.40
01/05/25 11:40,M004,Process Additive,Coolant,73.66,0.00,180.05,820,1.51
01/05/25 11:45,M009,Raw Material,Polypropylene,189.76,0.00,92.43,999,0.67
01/05/25 11:50,M002,Raw Material,Aluminum,90.85,0.00,152.58,834,1.71
01/05/25 11:55,M005,Hazardous Material,Solvent,87.67,0.00,188.98,152,0.46
01/05/25 12:00,M007,Process Additive,Industrial Oil,50.53,0.00,172.53,752,4.90
01/05/25 12:05,M003,Finished Material,Machine Component,132.75,0.00,131.32,109,0.56
01/05/25 12:10,M003,Hazardous Material,Lead-Based Alloy,175.19,0.00,149.9,251,2.15
01/05/25 12:15,M001,Process Additive,Coolant,184.85,0.00,175.53,981,0.20
01/05/25 12:20,M006,Intermediate Material,Textiles,87.43,0.00,92.34,898,2.80
01/05/25 12:25,M007,Hazardous Material,Lead-Based Alloy,188.86,0.00,108.41,266,4.88
01/05/25 12:30,M003,Recycled Material,Scrap Steel,76.9,46.22,173.89,521,4.01
01/05/25 12:35,M004,Process Additive,Industrial Oil,168.11,0.00,92.97,993,0.19
01/05/25 12:40,M008,Intermediate Material,Sheet Metal,172.49,0.00,135.24,412,4.10
01/05/25 12:45,M004,Intermediate Material,Sheet Metal,149,0.00,127.82,385,4.32
01/05/25 12:50,M005,Process Additive,Catalyst,126.41,0.00,161.54,963,2.68
01/05/25 12:55,M001,Raw Material,Polypropylene,76.79,0.00,195.5,371,0.19
01/05/25 13:00,M010,Recycled Material,Reprocessed Plastics,159.28,15.68,152.75,623,0.58
01/05/25 13:05,M010,Intermediate Material,Plastic Resin,56.66,0.00,132.33,632,4.63
01/05/25 13:10,M009,Finished Material,Packaging,191.04,0.00,168.44,301,1.82
01/05/25 13:15,M002,Finished Material,Machine Component,143.47,0.00,159.61,227,3.60
01/05/25 13:20,M005,Hazardous Material,Solvent,150.03,0.00,119.14,813,1.48
01/05/25 13:25,M003,Intermediate Material,Plastic Resin,149.74,0.00,125.5,866,4.51
01/05/25 13:30,M010,Hazardous Material,Solvent,110.91,0.00,180.05,411,1.43
01/05/25 13:35,M007,Hazardous Material,Solvent,119.75,0.00,133.06,318,2.56
01/05/25 13:40,M003,Finished Material,Circuit Board,92.57,0.00,159.66,734,1.68
01/05/25 13:45,M004,Finished Material,Machine Component,83.7,0.00,103.9,125,0.23
01/05/25 13:50,M008,Hazardous Material,Lead-Based Alloy,118.31,0.00,186.34,689,0.97
01/05/25 13:55,M007,Recycled Material,Reprocessed Plastics,86.6,32.80,80.67,868,4.30
01/05/25 14:00,M002,Recycled Material,Scrap Steel,76.38,47.90,142.15,151,2.79
01/05/25 14:05,M002,Recycled Material,Scrap Steel,170.21,33.38,198.55,709,1.59
01/05/25 14:10,M008,Hazardous Material,Solvent,174.59,0.00,145.74,262,3.72
01/05/25 14:15,M008,Recycled Material,Reprocessed Plastics,162.77,41.99,113.28,896,2.61
01/05/25 14:20,M004,Process Additive,Coolant,61.62,0.00,114.29,378,1.68
01/05/25 14:25,M009,Raw Material,Aluminum,72.62,0.00,125.96,256,3.53
01/05/25 14:30,M002,Recycled Material,Reprocessed Plastics,99.63,23.30,87.47,952,2.10
01/05/25 14:35,M010,Finished Material,Circuit Board,178.51,0.00,171.87,489,2.38
01/05/25 14:40,M006,Process Additive,Coolant,178.02,0.00,194.41,529,2.69
01/05/25 14:45,M009,Hazardous Material,Lead-Based Alloy,123.23,0.00,112.75,597,0.15
01/05/25 14:50,M006,Finished Material,Packaging,169.72,0.00,166.9,960,2.34
01/05/25 14:55,M003,Hazardous Material,Lead-Based Alloy,186.04,0.00,151.03,778,0.14
01/05/25 15:00,M007,Intermediate Material,Plastic Resin,77.26,0.00,111.22,435,1.06
01/05/25 15:05,M006,Process Additive,Coolant,91.74,0.00,194.14,531,1.26
01/05/25 15:10,M002,Recycled Material,Scrap Steel,162.35,2.60,194.23,329,3.25
01/05/25 15:15,M001,Raw Material,Aluminum,79.9,0.00,82.45,256,1.19
01/05/25 15:20,M008,Finished Material,Circuit Board,134.6,0.00,106.16,816,1.28
01/05/25 15:25,M006,Intermediate Material,Textiles,141.09,0.00,169.75,217,3.89
01/05/25 15:30,M003,Process Additive,Industrial Oil,136.8,0.00,191.47,689,3.39
01/05/25 15:35,M007,Recycled Material,Scrap Steel,61.4,34.53,155.27,204,3.49
01/05/25 15:40,M005,Finished Material,Packaging,170.83,0.00,175.55,679,3.91
01/05/25 15:45,M006,Hazardous Material,Solvent,149.23,0.00,88.27,763,1.71
01/05/25 15:50,M007,Recycled Material,Scrap Steel,115.03,18.11,186.99,570,3.54
01/05/25 15:55,M007,Intermediate Material,Textiles,128.26,0.00,158.05,730,4.04
01/05/25 16:00,M009,Recycled Material,Reprocessed Plastics,115.34,36.55,112.21,972,1.23
01/05/25 16:05,M002,Process Additive,Coolant,86.58,0.00,135.77,724,3.34
01/05/25 16:10,M006,Raw Material,Cotton,177.64,0.00,101.82,317,1.77
01/05/25 16:15,M005,Process Additive,Coolant,182.05,0.00,164.14,382,2.78
01/05/25 16:20,M009,Intermediate Material,Sheet Metal,86.2,0.00,128.77,668,3.79
01/05/25 16:25,M008,Finished Material,Packaging,123.62,0.00,175.15,195,1.47
01/05/25 16:30,M007,Finished Material,Circuit Board,95.93,0.00,149.79,584,2.77
01/05/25 16:35,M006,Recycled Material,Reprocessed Plastics,102.77,22.69,116.79,336,0.60
01/05/25 16:40,M004,Process Additive,Industrial Oil,161.43,0.00,194.11,806,0.93
01/05/25 16:45,M004,Finished Material,Machine Component,91.47,0.00,150.75,878,2.62
01/05/25 16:50,M005,Raw Material,Aluminum,94.44,0.00,123.31,409,0.07
01/05/25 16:55,M009,Intermediate Material,Plastic Resin,56.83,0.00,86.54,399,3.49
01/05/25 17:00,M003,Finished Material,Machine Component,65.39,0.00,81.47,391,2.35
01/05/25 17:05,M008,Process Additive,Industrial Oil,194.82,0.00,110.3,982,2.39
01/05/25 17:10,M002,Recycled Material,Reprocessed Plastics,61.11,31.47,86.43,252,4.06
01/05/25 17:15,M005,Raw Material,Aluminum,67.77,0.00,171.73,720,2.98
01/05/25 17:20,M010,Intermediate Material,Textiles,107.06,0.00,189.02,404,4.30
01/05/25 17:25,M007,Process Additive,Catalyst,143.15,0.00,153.16,857,0.50
01/05/25 17:30,M004,Finished Material,Circuit Board,89.7,0.00,89.74,345,0.87
01/05/25 17:35,M002,Intermediate Material,Sheet Metal,111.28,0.00,162.72,581,1.46
01/05/25 17:40,M004,Process Additive,Catalyst,92.41,0.00,183.15,172,3.44
01/05/25 17:45,M005,Finished Material,Packaging,149.18,0.00,192.04,535,0.57
01/05/25 17:50,M004,Finished Material,Circuit Board,186.26,0.00,179.2,173,0.30
01/05/25 17:55,M005,Hazardous Material,Solvent,115.87,0.00,136.24,411,3.50
01/05/25 18:00,M005,Hazardous Material,Solvent,115.66,0.00,151.76,542,3.67
01/05/25 18:05,M010,Process Additive,Industrial Oil,63.7,0.00,195.43,956,4.30
01/05/25 18:10,M010,Raw Material,Polypropylene,136.44,0.00,171.57,279,2.35
01/05/25 18:15,M008,Process Additive,Industrial Oil,199.54,0.00,132.31,933,2.46
01/05/25 18:20,M002,Recycled Material,Reprocessed Plastics,111.25,16.05,92.55,264,1.65
01/05/25 18:25,M008,Process Additive,Catalyst,191.78,0.00,177.63,663,0.18
01/05/25 18:30,M002,Process Additive,Coolant,98.49,0.00,196.42,513,4.32
01/05/25 18:35,M001,Finished Material,Packaging,119.3,0.00,86.5,630,1.81
01/05/25 18:40,M008,Finished Material,Machine Component,164,0.00,104.43,662,0.66
01/05/25 18:45,M005,Recycled Material,Reprocessed Plastics,68.21,48.66,153.06,345,3.55
01/05/25 18:50,M005,Hazardous Material,Lead-Based Alloy,132.84,0.00,91.19,961,4.56
01/05/25 18:55,M008,Raw Material,Aluminum,124.76,0.00,165.99,621,3.53
01/05/25 19:00,M007,Recycled Material,Reprocessed Plastics,86.56,27.56,126.03,713,2.54
01/05/25 19:05,M003,Raw Material,Polypropylene,165.9,0.00,182.53,448,4.67
01/05/25 19:10,M009,Process Additive,Industrial Oil,92.43,0.00,115.83,701,2.90
01/05/25 19:15,M008,Intermediate Material,Plastic Resin,130.79,0.00,121.41,665,3.81
01/05/25 19:20,M007,Recycled Material,Reprocessed Plastics,180.44,49.04,108.66,492,1.17
01/05/25 19:25,M007,Raw Material,Polypropylene,161.71,0.00,164.63,930,1.91
01/05/25 19:30,M003,Recycled Material,Scrap Steel,68.94,48.27,119.84,202,4.37
01/05/25 19:35,M008,Raw Material,Cotton,52.3,0.00,97.3,991,3.27
01/05/25 19:40,M003,Raw Material,Cotton,167.23,0.00,111.8,738,3.46
01/05/25 19:45,M002,Process Additive,Catalyst,178.9,0.00,125.6,424,3.13
01/05/25 19:50,M008,Hazardous Material,Lead-Based Alloy,142.62,0.00,108.17,800,4.60
01/05/25 19:55,M004,Finished Material,Circuit Board,115.1,0.00,91.81,748,3.52
01/05/25 20:00,M002,Recycled Material,Scrap Steel,154.1,45.17,85.52,915,0.28
01/05/25 20:05,M006,Process Additive,Coolant,71.84,0.00,143.74,679,3.41
01/05/25 20:10,M003,Intermediate Material,Sheet Metal,61.85,0.00,184.5,734,3.42
01/05/25 20:15,M008,Hazardous Material,Lead-Based Alloy,84.83,0.00,156.55,570,1.28
01/05/25 20:20,M001,Recycled Material,Reprocessed Plastics,151.64,7.90,133.01,453,4.94
01/05/25 20:25,M005,Finished Material,Machine Component,153.55,0.00,134.82,409,1.00
01/05/25 20:30,M007,Recycled Material,Scrap Steel,85.58,28.60,148.98,816,1.48
01/05/25 20:35,M007,Process Additive,Industrial Oil,134.89,0.00,162.3,862,4.87
01/05/25 20:40,M010,Finished Material,Machine Component,174.93,0.00,188.35,894,3.99
01/05/25 20:45,M010,Process Additive,Industrial Oil,145.49,0.00,154.51,794,3.78
01/05/25 20:50,M003,Finished Material,Circuit Board,185.51,0.00,157.56,416,3.94
01/05/25 20:55,M001,Hazardous Material,Solvent,159.85,0.00,90.82,402,1.63
01/05/25 21:00,M007,Intermediate Material,Sheet Metal,69.82,0.00,144.73,474,2.65
01/05/25 21:05,M005,Intermediate Material,Plastic Resin,187.11,0.00,193.3,925,1.48
01/05/25 21:10,M006,Raw Material,Cotton,194.43,0.00,96.89,331,4.30
01/05/25 21:15,M007,Hazardous Material,Solvent,63.55,0.00,127.35,370,2.68
01/05/25 21:20,M008,Process Additive,Catalyst,162.35,0.00,111.46,490,4.11
01/05/25 21:25,M006,Raw Material,Aluminum,120.72,0.00,154.35,674,1.64
01/05/25 21:30,M010,Intermediate Material,Textiles,59.48,0.00,178.86,817,1.51
01/05/25 21:35,M007,Raw Material,Aluminum,56.8,0.00,84.47,604,0.58
01/05/25 21:40,M004,Hazardous Material,Lead-Based Alloy,108.3,0.00,124.52,860,3.48
01/05/25 21:45,M009,Recycled Material,Scrap Steel,182.81,32.75,180.04,730,2.04
01/05/25 21:50,M005,Raw Material,Polypropylene,82.59,0.00,133.36,341,4.28
01/05/25 21:55,M002,Finished Material,Machine Component,131.67,0.00,197.34,467,0.30
01/05/25 22:00,M005,Intermediate Material,Sheet Metal,192.35,0.00,178.9,193,3.31
01/05/25 22:05,M010,Raw Material,Steel,168.02,0.00,109.23,228,3.93
01/05/25 22:10,M004,Raw Material,Aluminum,137.96,0.00,177.57,338,1.64
01/05/25 22:15,M003,Hazardous Material,Lead-Based Alloy,91.59,0.00,198.08,233,2.70
01/05/25 22:20,M003,Raw Material,Steel,69.77,0.00,122.99,907,1.19
01/05/25 22:25,M006,Raw Material,Aluminum,89.81,0.00,95.21,531,2.63
01/05/25 22:30,M002,Recycled Material,Reprocessed Plastics,166.7,25.66,93.09,615,1.11
01/05/25 22:35,M010,Raw Material,Polypropylene,118.71,0.00,195.68,162,4.99
01/05/25 22:40,M007,Recycled Material,Scrap Steel,123.54,45.49,88.82,182,1.61
01/05/25 22:45,M003,Raw Material,Aluminum,91.25,0.00,155.97,661,3.56
01/05/25 22:50,M007,Hazardous Material,Solvent,118.06,0.00,152.65,201,3.97
01/05/25 22:55,M002,Finished Material,Packaging,181.66,0.00,146.16,986,1.08
01/05/25 23:00,M008,Intermediate Material,Plastic Resin,100.84,0.00,134.42,525,3.65
01/05/25 23:05,M006,Recycled Material,Reprocessed Plastics,149.77,18.72,98.32,585,0.34
01/05/25 23:10,M002,Raw Material,Cotton,64.48,0.00,168.66,931,0.65
01/05/25 23:15,M001,Hazardous Material,Solvent,150.5,0.00,129.3,994,3.33
01/05/25 23:20,M007,Finished Material,Circuit Board,195.26,0.00,152.05,460,0.52
01/05/25 23:25,M009,Intermediate Material,Sheet Metal,148.51,0.00,106.91,210,1.75
01/05/25 23:30,M009,Process Additive,Industrial Oil,164.39,0.00,148.89,926,2.15
01/05/25 23:35,M009,Hazardous Material,Lead-Based Alloy,141.35,0.00,158.94,810,1.34
01/05/25 23:40,M003,Process Additive,Catalyst,164.36,0.00,190.58,459,0.03
01/05/25 23:45,M003,Hazardous Material,Solvent,60.44,0.00,168.92,131,0.46
01/05/25 23:50,M009,Intermediate Material,Plastic Resin,112.97,0.00,120.91,478,1.56
01/05/25 23:55,M006,Hazardous Material,Lead-Based Alloy,182.5,0.00,98.67,872,3.09
02/05/25 0:00,M002,Process Additive,Coolant,149.29,0.00,138.28,552,2.07
02/05/25 0:05,M004,Hazardous Material,Lead-Based Alloy,101.78,0.00,93.31,794,3.39
02/05/25 0:10,M008,Hazardous Material,Solvent,56.81,0.00,127.43,713,0.27
02/05/25 0:15,M004,Process Additive,Industrial Oil,165.1,0.00,171.7,396,1.64
02/05/25 0:20,M001,Recycled Material,Reprocessed Plastics,76.35,19.01,164.44,612,2.79
02/05/25 0:25,M006,Raw Material,Cotton,179.26,0.00,85.08,119,2.30
02/05/25 0:30,M002,Process Additive,Catalyst,114.39,0.00,128.53,755,2.09
02/05/25 0:35,M002,Recycled Material,Scrap Steel,194.93,8.59,193.71,571,4.16
02/05/25 0:40,M006,Raw Material,Cotton,176.67,0.00,109.2,703,2.00
02/05/25 0:45,M002,Recycled Material,Reprocessed Plastics,161.87,11.08,173.49,178,2.55
02/05/25 0:50,M002,Hazardous Material,Lead-Based Alloy,185.89,0.00,121.93,844,4.79
02/05/25 0:55,M003,Intermediate Material,Sheet Metal,71.97,0.00,103.67,716,0.76
02/05/25 1:00,M002,Intermediate Material,Textiles,124.12,0.00,170.53,878,2.90
02/05/25 1:05,M010,Finished Material,Packaging,197.98,0.00,118.78,742,1.58
02/05/25 1:10,M008,Raw Material,Cotton,116.33,0.00,116.34,381,2.96
02/05/25 1:15,M006,Hazardous Material,Lead-Based Alloy,96.56,0.00,134.23,158,1.84
02/05/25 1:20,M005,Raw Material,Steel,142.25,0.00,140.85,573,2.90
02/05/25 1:25,M001,Recycled Material,Scrap Steel,98.23,23.78,98.1,163,2.25
02/05/25 1:30,M006,Finished Material,Circuit Board,125.68,0.00,100.71,353,3.54
02/05/25 1:35,M008,Hazardous Material,Lead-Based Alloy,104.58,0.00,190.15,496,2.04
02/05/25 1:40,M006,Finished Material,Packaging,57.85,0.00,155.71,442,0.33
02/05/25 1:45,M002,Hazardous Material,Solvent,92.62,0.00,166.85,772,4.82
02/05/25 1:50,M010,Intermediate Material,Plastic Resin,62.23,0.00,159.63,458,1.55
02/05/25 1:55,M007,Intermediate Material,Textiles,156.33,0.00,90.17,672,1.88
02/05/25 2:00,M006,Intermediate Material,Textiles,155.42,0.00,193.65,801,4.56
02/05/25 2:05,M002,Finished Material,Packaging,113.51,0.00,123.42,471,1.54
02/05/25 2:10,M004,Process Additive,Coolant,78.8,0.00,200,258,0.39
02/05/25 2:15,M002,Hazardous Material,Lead-Based Alloy,149.29,0.00,185.17,732,0.66
02/05/25 2:20,M007,Intermediate Material,Sheet Metal,77.13,0.00,163.14,739,4.05
02/05/25 2:25,M003,Finished Material,Machine Component,56.55,0.00,123.72,836,1.19
02/05/25 2:30,M008,Hazardous Material,Solvent,162.86,0.00,174.06,339,2.67
02/05/25 2:35,M005,Recycled Material,Scrap Steel,105.18,47.36,198.13,572,3.85
02/05/25 2:40,M007,Hazardous Material,Solvent,194.94,0.00,178.03,920,3.02
02/05/25 2:45,M005,Raw Material,Cotton,181.12,0.00,146.54,205,3.56
02/05/25 2:50,M009,Raw Material,Polypropylene,62.58,0.00,99.24,560,4.53
02/05/25 2:55,M003,Recycled Material,Scrap Steel,191.96,11.10,134.14,457,4.65
02/05/25 3:00,M007,Raw Material,Cotton,125.3,0.00,108.29,183,1.87
02/05/25 3:05,M001,Process Additive,Industrial Oil,175.88,0.00,158,910,0.73
02/05/25 3:10,M001,Process Additive,Coolant,154.41,0.00,96.66,822,2.35
02/05/25 3:15,M010,Raw Material,Steel,52.85,0.00,105.88,253,2.74
02/05/25 3:20,M010,Hazardous Material,Solvent,66.68,0.00,114.57,408,0.61
02/05/25 3:25,M004,Recycled Material,Reprocessed Plastics,59.42,41.83,139.98,648,0.08
02/05/25 3:30,M009,Hazardous Material,Lead-Based Alloy,157.78,0.00,114.95,101,3.07
02/05/25 3:35,M004,Hazardous Material,Solvent,78.1,0.00,160.19,636,4.87
02/05/25 3:40,M002,Hazardous Material,Lead-Based Alloy,108.57,0.00,136.42,750,1.93
02/05/25 3:45,M006,Process Additive,Catalyst,52.44,0.00,174.62,453,1.21
02/05/25 3:50,M002,Hazardous Material,Solvent,70.01,0.00,122.28,446,4.07
02/05/25 3:55,M003,Finished Material,Machine Component,197.12,0.00,137.42,286,4.06
02/05/25 4:00,M002,Finished Material,Machine Component,55.55,0.00,104.19,910,1.00
02/05/25 4:05,M001,Process Additive,Coolant,127.31,0.00,198.69,656,2.37
02/05/25 4:10,M001,Finished Material,Circuit Board,92.92,0.00,183.46,148,4.33
02/05/25 4:15,M006,Process Additive,Industrial Oil,169.9,0.00,132.43,509,3.72
02/05/25 4:20,M007,Process Additive,Industrial Oil,124.43,0.00,139.7,916,2.60
02/05/25 4:25,M002,Finished Material,Machine Component,61.84,0.00,152.29,942,0.90
02/05/25 4:30,M005,Process Additive,Industrial Oil,62.01,0.00,159.31,413,2.23
02/05/25 4:35,M007,Intermediate Material,Textiles,116.59,0.00,133.66,844,4.35
02/05/25 4:40,M006,Hazardous Material,Solvent,91.18,0.00,197.6,158,0.38
02/05/25 4:45,M007,Process Additive,Catalyst,170.16,0.00,161.53,131,0.71
02/05/25 4:50,M010,Finished Material,Machine Component,55.22,0.00,88.07,897,3.23
02/05/25 4:55,M006,Recycled Material,Scrap Steel,140.76,33.95,193.86,480,2.22
02/05/25 5:00,M002,Hazardous Material,Lead-Based Alloy,129.42,0.00,127.76,765,1.39
02/05/25 5:05,M002,Raw Material,Aluminum,124.86,0.00,126.44,675,0.59
02/05/25 5:10,M005,Finished Material,Machine Component,82.19,0.00,153.43,810,4.58
02/05/25 5:15,M008,Intermediate Material,Sheet Metal,70.36,0.00,88.89,276,4.49
02/05/25 5:20,M008,Raw Material,Polypropylene,150.18,0.00,165.14,663,2.71
02/05/25 5:25,M005,Intermediate Material,Textiles,156.43,0.00,164.03,278,3.97
02/05/25 5:30,M009,Intermediate Material,Sheet Metal,197.77,0.00,175.05,342,3.95
02/05/25 5:35,M001,Process Additive,Catalyst,135.84,0.00,136.09,664,0.65
02/05/25 5:40,M002,Raw Material,Polypropylene,109.72,0.00,166.03,590,2.63
02/05/25 5:45,M007,Hazardous Material,Lead-Based Alloy,68.8,0.00,118.04,175,2.25
02/05/25 5:50,M009,Process Additive,Industrial Oil,181.69,0.00,173.63,755,2.94
02/05/25 5:55,M003,Recycled Material,Scrap Steel,174.71,25.91,116.49,265,1.61
02/05/25 6:00,M004,Process Additive,Catalyst,184.24,0.00,181.51,356,0.98
02/05/25 6:05,M009,Process Additive,Industrial Oil,143.75,0.00,153.73,195,2.51
02/05/25 6:10,M003,Hazardous Material,Lead-Based Alloy,75.68,0.00,154.94,719,1.69
02/05/25 6:15,M010,Raw Material,Steel,62.18,0.00,193.83,889,2.88
02/05/25 6:20,M004,Hazardous Material,Solvent,142.72,0.00,83.63,742,2.73
02/05/25 6:25,M005,Recycled Material,Scrap Steel,170.7,34.25,115.69,174,3.44
02/05/25 6:30,M003,Recycled Material,Reprocessed Plastics,122.64,10.20,152.8,420,4.31
02/05/25 6:35,M006,Finished Material,Machine Component,196.31,0.00,95.69,479,2.57
02/05/25 6:40,M002,Process Additive,Industrial Oil,119.97,0.00,112.1,353,0.70
02/05/25 6:45,M001,Process Additive,Coolant,179.62,0.00,130.18,986,4.51
02/05/25 6:50,M006,Hazardous Material,Solvent,78.48,0.00,99.12,627,2.33
02/05/25 6:55,M005,Recycled Material,Scrap Steel,63.51,19.66,134.87,346,1.08
02/05/25 7:00,M006,Raw Material,Steel,92.2,0.00,151.7,963,3.27
02/05/25 7:05,M008,Process Additive,Catalyst,51.23,0.00,92.9,237,4.41
02/05/25 7:10,M006,Recycled Material,Reprocessed Plastics,56.79,2.56,147.42,471,2.77
02/05/25 7:15,M002,Recycled Material,Reprocessed Plastics,164.66,13.99,198.69,796,3.06
02/05/25 7:20,M003,Raw Material,Cotton,105.98,0.00,198.41,671,4.69
02/05/25 7:25,M003,Intermediate Material,Textiles,126.37,0.00,140.01,146,0.19
02/05/25 7:30,M006,Recycled Material,Reprocessed Plastics,72.34,44.66,96.77,727,1.59
02/05/25 7:35,M007,Hazardous Material,Solvent,139.06,0.00,140.88,621,2.66
02/05/25 7:40,M010,Process Additive,Coolant,172.36,0.00,124.2,789,0.55
02/05/25 7:45,M007,Hazardous Material,Solvent,169.51,0.00,167.04,804,3.15
02/05/25 7:50,M010,Recycled Material,Reprocessed Plastics,195.06,39.15,173.14,691,1.14
02/05/25 7:55,M001,Hazardous Material,Solvent,75.58,0.00,155.48,734,3.87
02/05/25 8:00,M007,Intermediate Material,Textiles,86.33,0.00,148.71,817,0.55
02/05/25 8:05,M001,Recycled Material,Reprocessed Plastics,112.82,20.65,104.47,613,3.87
02/05/25 8:10,M008,Finished Material,Packaging,59.34,0.00,96.57,312,2.80
02/05/25 8:15,M008,Hazardous Material,Solvent,97.06,0.00,100.78,645,1.71
02/05/25 8:20,M006,Finished Material,Packaging,152.11,0.00,176.44,370,3.05
02/05/25 8:25,M004,Intermediate Material,Plastic Resin,133.71,0.00,106.98,404,3.86
02/05/25 8:30,M004,Finished Material,Packaging,123.35,0.00,137.58,673,4.67
02/05/25 8:35,M005,Process Additive,Industrial Oil,136.02,0.00,145.18,504,4.09
02/05/25 8:40,M003,Process Additive,Industrial Oil,93.14,0.00,165.7,454,4.62
02/05/25 8:45,M005,Finished Material,Machine Component,82.1,0.00,179.35,377,4.67
02/05/25 8:50,M005,Intermediate Material,Sheet Metal,142.35,0.00,150.42,348,0.25
02/05/25 8:55,M009,Intermediate Material,Textiles,84.93,0.00,92.02,438,3.59
02/05/25 9:00,M002,Finished Material,Circuit Board,50.78,0.00,146.04,261,2.03
02/05/25 9:05,M008,Recycled Material,Scrap Steel,163.39,14.36,114.25,160,4.54
02/05/25 9:10,M002,Finished Material,Packaging,84.83,0.00,168.64,970,4.68
02/05/25 9:15,M003,Recycled Material,Scrap Steel,190.09,1.82,180.34,906,2.48
02/05/25 9:20,M005,Raw Material,Steel,94.76,0.00,152.33,443,1.42
02/05/25 9:25,M009,Hazardous Material,Solvent,183.39,0.00,96.1,616,2.34
02/05/25 9:30,M004,Raw Material,Polypropylene,74.37,0.00,135.07,363,3.59
02/05/25 9:35,M001,Finished Material,Machine Component,168.62,0.00,148.13,875,0.97
02/05/25 9:40,M010,Finished Material,Machine Component,174.05,0.00,141.83,188,2.00
02/05/25 9:45,M002,Intermediate Material,Sheet Metal,121.62,0.00,192.3,106,1.30
02/05/25 9:50,M004,Recycled Material,Reprocessed Plastics,193.11,15.10,166.75,111,1.31
02/05/25 9:55,M006,Finished Material,Circuit Board,59.32,0.00,94.19,414,0.80
02/05/25 10:00,M009,Finished Material,Machine Component,153.54,0.00,156.65,402,1.84
02/05/25 10:05,M004,Intermediate Material,Sheet Metal,121.73,0.00,134.6,720,1.87
02/05/25 10:10,M009,Recycled Material,Scrap Steel,164.28,34.02,151.5,906,0.41
02/05/25 10:15,M008,Hazardous Material,Solvent,61.72,0.00,147.7,163,4.14
02/05/25 10:20,M009,Intermediate Material,Textiles,130.5,0.00,99.74,974,2.60
02/05/25 10:25,M002,Finished Material,Circuit Board,157.54,0.00,138.66,622,2.23
02/05/25 10:30,M001,Recycled Material,Scrap Steel,126.99,22.84,86.93,573,3.36
02/05/25 10:35,M005,Finished Material,Circuit Board,109.39,0.00,177.97,863,1.09
02/05/25 10:40,M002,Raw Material,Cotton,101.68,0.00,87.65,161,4.67
02/05/25 10:45,M002,Recycled Material,Scrap Steel,93.06,9.00,96.25,756,4.89
02/05/25 10:50,M007,Process Additive,Coolant,117.28,0.00,190.05,486,1.88
02/05/25 10:55,M009,Intermediate Material,Textiles,179.04,0.00,94.24,650,1.97
02/05/25 11:00,M003,Finished Material,Circuit Board,175.22,0.00,170.74,405,2.32
02/05/25 11:05,M009,Recycled Material,Reprocessed Plastics,173.5,12.38,121.54,382,0.94
02/05/25 11:10,M002,Raw Material,Cotton,142.24,0.00,192.35,116,1.20
02/05/25 11:15,M002,Raw Material,Steel,116.97,0.00,160.64,993,0.24
02/05/25 11:20,M001,Recycled Material,Reprocessed Plastics,85.15,10.86,183.65,157,0.70
02/05/25 11:25,M005,Intermediate Material,Textiles,136.42,0.00,149.3,891,3.36
02/05/25 11:30,M006,Intermediate Material,Plastic Resin,181.44,0.00,198.28,633,1.11
02/05/25 11:35,M005,Process Additive,Industrial Oil,133.51,0.00,151,852,4.56
02/05/25 11:40,M007,Hazardous Material,Solvent,57.03,0.00,121.33,758,3.36
02/05/25 11:45,M009,Process Additive,Catalyst,112.45,0.00,97.91,485,0.92
02/05/25 11:50,M009,Recycled Material,Scrap Steel,177.4,15.04,164.91,925,2.32
02/05/25 11:55,M001,Hazardous Material,Solvent,195.17,0.00,146.87,237,1.94
02/05/25 12:00,M005,Intermediate Material,Plastic Resin,147.01,0.00,190.67,967,1.86
02/05/25 12:05,M009,Finished Material,Circuit Board,57.73,0.00,125.26,719,3.01
02/05/25 12:10,M002,Intermediate Material,Textiles,158.65,0.00,147.06,590,1.04
02/05/25 12:15,M006,Process Additive,Industrial Oil,81.77,0.00,102.8,859,0.59
02/05/25 12:20,M008,Intermediate Material,Textiles,140.66,0.00,104.54,345,2.76
02/05/25 12:25,M005,Recycled Material,Reprocessed Plastics,130.05,17.96,111.39,625,4.41
02/05/25 12:30,M008,Raw Material,Cotton,164.24,0.00,118.43,308,1.85
02/05/25 12:35,M007,Raw Material,Aluminum,161.19,0.00,81.95,666,4.67
02/05/25 12:40,M010,Finished Material,Machine Component,94.28,0.00,103.54,335,1.90
02/05/25 12:45,M004,Recycled Material,Reprocessed Plastics,88.6,41.08,195.98,757,3.70
02/05/25 12:50,M008,Intermediate Material,Textiles,169.25,0.00,100.31,837,2.73
02/05/25 12:55,M003,Hazardous Material,Lead-Based Alloy,128.59,0.00,180.69,176,4.73
02/05/25 13:00,M001,Raw Material,Cotton,70.62,0.00,155.68,169,3.54
02/05/25 13:05,M001,Intermediate Material,Textiles,118.4,0.00,87.25,753,3.33
02/05/25 13:10,M010,Recycled Material,Reprocessed Plastics,52.36,26.61,129.36,117,2.65
02/05/25 13:15,M005,Hazardous Material,Solvent,52.57,0.00,177.58,790,2.15
02/05/25 13:20,M003,Raw Material,Steel,128.66,0.00,108.92,734,2.63
02/05/25 13:25,M006,Process Additive,Coolant,61.85,0.00,195.12,570,2.83
02/05/25 13:30,M004,Process Additive,Catalyst,174.21,0.00,89.67,978,3.25
02/05/25 13:35,M001,Raw Material,Cotton,106.89,0.00,146.32,157,3.18
02/05/25 13:40,M003,Raw Material,Cotton,176.8,0.00,157.39,439,2.83
02/05/25 13:45,M002,Hazardous Material,Lead-Based Alloy,84.46,0.00,188.15,808,4.44
02/05/25 13:50,M008,Process Additive,Industrial Oil,188.62,0.00,162.13,387,4.50
02/05/25 13:55,M010,Finished Material,Circuit Board,76.9,0.00,182.05,116,4.81
02/05/25 14:00,M010,Intermediate Material,Textiles,173.14,0.00,191.46,406,0.81
02/05/25 14:05,M004,Hazardous Material,Solvent,151.56,0.00,144.87,493,3.78
02/05/25 14:10,M003,Finished Material,Packaging,61.76,0.00,169.45,454,0.27
02/05/25 14:15,M007,Intermediate Material,Sheet Metal,101.09,0.00,172.28,709,1.98
02/05/25 14:20,M006,Raw Material,Polypropylene,167.53,0.00,134.07,333,1.78
02/05/25 14:25,M007,Recycled Material,Scrap Steel,151.95,33.03,90.28,733,1.48
02/05/25 14:30,M004,Finished Material,Circuit Board,62.31,0.00,98.51,828,3.92
02/05/25 14:35,M003,Finished Material,Machine Component,97.5,0.00,92.79,105,4.71
02/05/25 14:40,M008,Process Additive,Coolant,65.33,0.00,90.48,541,2.24
02/05/25 14:45,M009,Hazardous Material,Solvent,65.49,0.00,90.75,667,0.47
02/05/25 14:50,M010,Process Additive,Coolant,51.85,0.00,129.66,897,0.42
02/05/25 14:55,M009,Intermediate Material,Textiles,128.17,0.00,162.24,273,0.69
02/05/25 15:00,M005,Process Additive,Coolant,71.89,0.00,100.06,382,2.11
02/05/25 15:05,M008,Raw Material,Polypropylene,87.75,0.00,109.59,740,2.48
02/05/25 15:10,M010,Intermediate Material,Plastic Resin,66.05,0.00,116.56,505,1.66
02/05/25 15:15,M010,Recycled Material,Reprocessed Plastics,116.03,21.53,178.82,766,4.87
02/05/25 15:20,M003,Process Additive,Coolant,140.48,0.00,163.44,590,1.57
02/05/25 15:25,M007,Process Additive,Coolant,160.23,0.00,155.95,689,3.91
02/05/25 15:30,M006,Recycled Material,Reprocessed Plastics,172.47,19.65,93.67,677,1.00
02/05/25 15:35,M009,Intermediate Material,Textiles,165.14,0.00,83.23,844,2.31
02/05/25 15:40,M004,Recycled Material,Reprocessed Plastics,174.69,3.46,181.73,914,2.05
02/05/25 15:45,M008,Intermediate Material,Textiles,95.42,0.00,110.32,257,3.58
02/05/25 15:50,M007,Raw Material,Cotton,198.61,0.00,137.51,510,2.67
02/05/25 15:55,M007,Hazardous Material,Lead-Based Alloy,168.61,0.00,123.14,931,2.68
02/05/25 16:00,M002,Raw Material,Aluminum,148.64,0.00,122.6,762,3.06
02/05/25 16:05,M010,Finished Material,Packaging,147.01,0.00,196.02,439,4.83
02/05/25 16:10,M007,Raw Material,Steel,64.79,0.00,106.64,864,2.59
02/05/25 16:15,M010,Finished Material,Packaging,83.15,0.00,124.89,574,3.86
02/05/25 16:20,M010,Finished Material,Packaging,72.61,0.00,199.72,594,0.52
02/05/25 16:25,M007,Raw Material,Steel,174.7,0.00,167.62,456,1.56
02/05/25 16:30,M008,Intermediate Material,Textiles,122.44,0.00,137.14,548,3.61
02/05/25 16:35,M008,Process Additive,Industrial Oil,95.04,0.00,177.22,217,0.11
02/05/25 16:40,M006,Finished Material,Circuit Board,151.57,0.00,99.72,858,1.22
02/05/25 16:45,M003,Hazardous Material,Lead-Based Alloy,99.65,0.00,131.16,573,1.16
02/05/25 16:50,M007,Finished Material,Circuit Board,77.96,0.00,158.88,505,0.15
02/05/25 16:55,M010,Intermediate Material,Plastic Resin,138.83,0.00,126.66,821,1.07
02/05/25 17:00,M005,Finished Material,Circuit Board,136.6,0.00,175.94,649,0.93
02/05/25 17:05,M006,Intermediate Material,Plastic Resin,67.09,0.00,160.48,601,2.64
02/05/25 17:10,M006,Hazardous Material,Solvent,141.7,0.00,150.44,456,1.76
02/05/25 17:15,M008,Hazardous Material,Lead-Based Alloy,172.06,0.00,164.72,404,4.59
02/05/25 17:20,M010,Raw Material,Aluminum,96.98,0.00,108.63,219,0.92
02/05/25 17:25,M003,Hazardous Material,Solvent,112.74,0.00,96.54,492,2.12
02/05/25 17:30,M008,Finished Material,Packaging,154.01,0.00,157.43,277,2.77
02/05/25 17:35,M008,Process Additive,Industrial Oil,78.06,0.00,181.04,734,0.27
02/05/25 17:40,M006,Raw Material,Cotton,70.48,0.00,177.83,675,2.53
02/05/25 17:45,M008,Recycled Material,Reprocessed Plastics,112.34,41.99,138.64,184,2.83
02/05/25 17:50,M004,Process Additive,Industrial Oil,91.23,0.00,144.51,272,3.90
02/05/25 17:55,M010,Finished Material,Machine Component,132.46,0.00,93.59,216,1.34
02/05/25 18:00,M009,Process Additive,Catalyst,173.39,0.00,84.99,836,2.21
02/05/25 18:05,M004,Recycled Material,Scrap Steel,160.4,32.68,109.7,995,5.00
02/05/25 18:10,M008,Process Additive,Coolant,179.33,0.00,90.44,986,4.97
02/05/25 18:15,M004,Intermediate Material,Textiles,138.19,0.00,122.08,827,3.05
02/05/25 18:20,M007,Intermediate Material,Textiles,70.89,0.00,104.79,311,4.03
02/05/25 18:25,M010,Process Additive,Catalyst,92.16,0.00,144.65,431,4.90
02/05/25 18:30,M005,Process Additive,Catalyst,90.1,0.00,182.96,795,4.08
02/05/25 18:35,M003,Recycled Material,Scrap Steel,198.87,43.35,95.23,986,0.66
02/05/25 18:40,M003,Finished Material,Machine Component,174.27,0.00,171.38,792,1.96
02/05/25 18:45,M003,Hazardous Material,Solvent,144.17,0.00,125.02,177,3.17
02/05/25 18:50,M002,Recycled Material,Reprocessed Plastics,154.21,43.87,134.56,599,1.64
02/05/25 18:55,M001,Finished Material,Circuit Board,159.64,0.00,135.01,780,3.49
02/05/25 19:00,M002,Hazardous Material,Solvent,82.67,0.00,131.56,316,2.47
02/05/25 19:05,M006,Process Additive,Coolant,132.1,0.00,95.67,972,2.43
02/05/25 19:10,M006,Finished Material,Circuit Board,56.89,0.00,155.14,956,2.30
02/05/25 19:15,M002,Intermediate Material,Plastic Resin,118.48,0.00,199.02,538,1.01
02/05/25 19:20,M003,Finished Material,Machine Component,73.85,0.00,191.93,380,0.47
02/05/25 19:25,M006,Process Additive,Industrial Oil,105.78,0.00,188.46,269,0.26
02/05/25 19:30,M005,Finished Material,Packaging,163.28,0.00,131.51,193,3.52
02/05/25 19:35,M001,Intermediate Material,Plastic Resin,61.69,0.00,151.24,631,3.40
02/05/25 19:40,M001,Raw Material,Polypropylene,172.57,0.00,198.58,532,3.47
02/05/25 19:45,M008,Raw Material,Aluminum,107.46,0.00,167.69,204,0.52
02/05/25 19:50,M006,Process Additive,Industrial Oil,107.41,0.00,177.6,995,0.67
02/05/25 19:55,M003,Raw Material,Steel,141.55,0.00,99.69,459,3.61
02/05/25 20:00,M003,Recycled Material,Reprocessed Plastics,178.99,4.33,92.06,870,0.62
02/05/25 20:05,M007,Process Additive,Coolant,97.18,0.00,96.78,383,3.22
02/05/25 20:10,M004,Hazardous Material,Solvent,166.85,0.00,162.86,968,4.24
02/05/25 20:15,M005,Intermediate Material,Textiles,141.04,0.00,102.64,501,1.48
02/05/25 20:20,M001,Intermediate Material,Plastic Resin,107.88,0.00,108.93,753,2.97
02/05/25 20:25,M009,Raw Material,Polypropylene,190.09,0.00,95.84,981,4.19
02/05/25 20:30,M007,Process Additive,Catalyst,152.44,0.00,171.53,888,0.36
02/05/25 20:35,M010,Raw Material,Steel,89.33,0.00,84.78,161,4.74
02/05/25 20:40,M007,Hazardous Material,Solvent,144.29,0.00,140.13,525,2.12
02/05/25 20:45,M007,Raw Material,Aluminum,91.62,0.00,117.19,623,4.60
02/05/25 20:50,M003,Hazardous Material,Solvent,108.61,0.00,156.12,954,3.25
02/05/25 20:55,M002,Process Additive,Catalyst,115.62,0.00,194.41,344,0.29
02/05/25 21:00,M002,Recycled Material,Scrap Steel,118.01,30.44,117.11,859,3.29
02/05/25 21:05,M003,Raw Material,Steel,156.19,0.00,164.18,267,2.48
02/05/25 21:10,M006,Hazardous Material,Solvent,75.04,0.00,95.23,899,4.37
02/05/25 21:15,M002,Raw Material,Polypropylene,171.07,0.00,112.64,165,1.31
02/05/25 21:20,M010,Finished Material,Circuit Board,124.42,0.00,141.29,156,2.50
02/05/25 21:25,M010,Intermediate Material,Plastic Resin,73.6,0.00,172.8,687,3.37
02/05/25 21:30,M002,Intermediate Material,Textiles,126.32,0.00,85.28,983,0.06
02/05/25 21:35,M001,Recycled Material,Reprocessed Plastics,107.45,7.50,191.74,978,0.18
02/05/25 21:40,M007,Intermediate Material,Plastic Resin,87.24,0.00,189.9,427,1.36
02/05/25 21:45,M002,Hazardous Material,Solvent,67.91,0.00,160.8,153,0.90
02/05/25 21:50,M009,Raw Material,Cotton,60.34,0.00,135.81,389,3.87
02/05/25 21:55,M005,Process Additive,Industrial Oil,132.96,0.00,80.96,305,1.46
02/05/25 22:00,M005,Finished Material,Packaging,86.39,0.00,124.19,605,4.99
02/05/25 22:05,M004,Finished Material,Packaging,164.07,0.00,109.42,106,4.66
02/05/25 22:10,M001,Intermediate Material,Textiles,101.96,0.00,180.75,998,0.05
02/05/25 22:15,M006,Raw Material,Cotton,177.35,0.00,167.27,206,1.03
02/05/25 22:20,M004,Recycled Material,Reprocessed Plastics,194.18,48.63,97.08,386,0.47
02/05/25 22:25,M004,Hazardous Material,Solvent,155.13,0.00,124.7,865,0.42
02/05/25 22:30,M002,Hazardous Material,Lead-Based Alloy,145.58,0.00,127.32,706,2.84
02/05/25 22:35,M007,Finished Material,Circuit Board,85.52,0.00,111.32,422,4.63
02/05/25 22:40,M007,Finished Material,Packaging,98.94,0.00,134.33,339,0.37
02/05/25 22:45,M004,Intermediate Material,Textiles,66.35,0.00,92.68,560,2.33
02/05/25 22:50,M007,Raw Material,Polypropylene,194.7,0.00,104.92,415,2.32
02/05/25 22:55,M002,Raw Material,Aluminum,171.14,0.00,116.51,821,3.48
02/05/25 23:00,M001,Intermediate Material,Plastic Resin,72.25,0.00,165.34,464,1.98
02/05/25 23:05,M001,Finished Material,Machine Component,89.03,0.00,198.88,131,4.76
02/05/25 23:10,M008,Hazardous Material,Lead-Based Alloy,64.21,0.00,92.23,912,0.70
02/05/25 23:15,M001,Raw Material,Aluminum,69.61,0.00,178.84,481,3.43
02/05/25 23:20,M002,Hazardous Material,Solvent,187.61,0.00,89,166,0.99
02/05/25 23:25,M008,Intermediate Material,Sheet Metal,185.76,0.00,179.52,439,0.61
02/05/25 23:30,M008,Raw Material,Aluminum,188.62,0.00,131.98,841,1.97
02/05/25 23:35,M001,Recycled Material,Reprocessed Plastics,75.92,10.74,102.46,386,2.23
02/05/25 23:40,M003,Raw Material,Aluminum,147.09,0.00,139.87,663,2.40
02/05/25 23:45,M002,Process Additive,Coolant,70.59,0.00,103.93,916,2.63
02/05/25 23:50,M009,Raw Material,Cotton,167.29,0.00,123.09,657,3.91
02/05/25 23:55,M006,Hazardous Material,Solvent,108.26,0.00,101.58,426,2.99
03/05/25 0:00,M001,Process Additive,Industrial Oil,171.3,0.00,136.6,466,3.83
03/05/25 0:05,M004,Intermediate Material,Sheet Metal,87.18,0.00,108.94,646,4.08
03/05/25 0:10,M001,Intermediate Material,Textiles,176.98,0.00,175.69,463,4.68
03/05/25 0:15,M003,Intermediate Material,Sheet Metal,138.88,0.00,176.75,814,1.79
03/05/25 0:20,M010,Raw Material,Polypropylene,192.13,0.00,147.63,676,4.74
03/05/25 0:25,M008,Hazardous Material,Solvent,76.33,0.00,84.56,157,1.16
03/05/25 0:30,M004,Raw Material,Cotton,50.1,0.00,190.15,306,4.03
03/05/25 0:35,M006,Finished Material,Circuit Board,187.82,0.00,181.31,431,0.30
03/05/25 0:40,M003,Hazardous Material,Lead-Based Alloy,166.15,0.00,181.58,981,1.82
03/05/25 0:45,M002,Process Additive,Catalyst,191.29,0.00,127.47,203,1.68
03/05/25 0:50,M006,Intermediate Material,Sheet Metal,159.85,0.00,132.42,754,4.80
03/05/25 0:55,M006,Intermediate Material,Textiles,195.31,0.00,163.23,728,3.93
03/05/25 1:00,M004,Finished Material,Packaging,172.17,0.00,125.41,851,3.44
03/05/25 1:05,M003,Intermediate Material,Textiles,50.27,0.00,164.24,686,1.96
03/05/25 1:10,M010,Raw Material,Aluminum,140.36,0.00,190.52,726,1.10
03/05/25 1:15,M010,Raw Material,Cotton,71.1,0.00,169.44,343,1.73
03/05/25 1:20,M006,Intermediate Material,Textiles,182.8,0.00,90.65,825,3.35
03/05/25 1:25,M006,Recycled Material,Scrap Steel,89.78,12.48,88.14,362,3.94
03/05/25 1:30,M001,Raw Material,Cotton,115.73,0.00,130.36,270,4.42
03/05/25 1:35,M008,Recycled Material,Reprocessed Plastics,131.9,5.07,137.54,984,2.89
03/05/25 1:40,M004,Intermediate Material,Plastic Resin,61.06,0.00,181.49,401,0.10
03/05/25 1:45,M005,Raw Material,Steel,101.27,0.00,186.55,264,3.66
03/05/25 1:50,M009,Raw Material,Polypropylene,139.1,0.00,153.64,594,3.52
03/05/25 1:55,M007,Finished Material,Circuit Board,141.1,0.00,132.1,154,0.51
03/05/25 2:00,M004,Intermediate Material,Plastic Resin,154.58,0.00,166.64,847,2.70
03/05/25 2:05,M005,Process Additive,Industrial Oil,64.39,0.00,127.15,662,4.20
03/05/25 2:10,M003,Raw Material,Polypropylene,50.57,0.00,90.52,943,3.31
03/05/25 2:15,M010,Recycled Material,Scrap Steel,64.55,10.35,156.58,183,2.37
03/05/25 2:20,M002,Process Additive,Coolant,120.64,0.00,187.39,371,0.46
03/05/25 2:25,M009,Recycled Material,Scrap Steel,105.65,19.07,102.39,145,1.32
03/05/25 2:30,M008,Process Additive,Industrial Oil,175.56,0.00,147.71,254,3.76
03/05/25 2:35,M002,Raw Material,Polypropylene,171.23,0.00,129.68,874,2.95
03/05/25 2:40,M009,Raw Material,Cotton,172.76,0.00,130.24,648,3.44
03/05/25 2:45,M008,Hazardous Material,Lead-Based Alloy,121.44,0.00,89.47,974,3.57
03/05/25 2:50,M009,Hazardous Material,Lead-Based Alloy,68.04,0.00,170.86,277,4.75
03/05/25 2:55,M003,Intermediate Material,Sheet Metal,68.93,0.00,130.8,799,2.18
03/05/25 3:00,M003,Hazardous Material,Solvent,97.96,0.00,167.25,926,0.34
03/05/25 3:05,M007,Hazardous Material,Solvent,132.81,0.00,182.79,632,2.29
03/05/25 3:10,M001,Finished Material,Packaging,138.14,0.00,173.8,215,2.07
03/05/25 3:15,M003,Hazardous Material,Lead-Based Alloy,188.74,0.00,147.52,203,3.93
03/05/25 3:20,M009,Process Additive,Coolant,89.62,0.00,158.57,685,3.04
03/05/25 3:25,M001,Intermediate Material,Plastic Resin,110.45,0.00,154.19,797,3.47
03/05/25 3:30,M001,Recycled Material,Reprocessed Plastics,153.58,2.46,137.03,375,4.49
03/05/25 3:35,M001,Process Additive,Coolant,96.64,0.00,181.14,978,3.48
03/05/25 3:40,M002,Intermediate Material,Sheet Metal,95.07,0.00,169.25,892,4.13
03/05/25 3:45,M005,Finished Material,Machine Component,140.75,0.00,90.71,552,1.06
03/05/25 3:50,M007,Finished Material,Machine Component,163.92,0.00,184.06,940,0.28
03/05/25 3:55,M003,Raw Material,Polypropylene,156.44,0.00,128.41,899,4.26
03/05/25 4:00,M010,Raw Material,Aluminum,78.91,0.00,179.95,957,0.29
03/05/25 4:05,M001,Recycled Material,Scrap Steel,187.7,35.23,112.88,943,2.32
03/05/25 4:10,M007,Finished Material,Circuit Board,152.18,0.00,109.03,600,2.97
03/05/25 4:15,M003,Recycled Material,Reprocessed Plastics,101.64,41.88,111.04,950,3.44
03/05/25 4:20,M005,Raw Material,Cotton,57.45,0.00,182.46,898,4.82
03/05/25 4:25,M004,Finished Material,Circuit Board,151.65,0.00,112.29,519,2.57
03/05/25 4:30,M001,Recycled Material,Scrap Steel,147.11,30.06,81.02,358,3.04
03/05/25 4:35,M005,Finished Material,Packaging,146.41,0.00,130.86,485,4.26
03/05/25 4:40,M008,Process Additive,Industrial Oil,120,0.00,161.26,944,3.12
03/05/25 4:45,M010,Raw Material,Steel,126.73,0.00,159.48,963,4.20
03/05/25 4:50,M009,Finished Material,Packaging,141.36,0.00,115.82,210,2.41
03/05/25 4:55,M006,Process Additive,Catalyst,98.77,0.00,113.23,771,3.56
03/05/25 5:00,M005,Intermediate Material,Sheet Metal,127.59,0.00,108.84,158,4.03
03/05/25 5:05,M010,Recycled Material,Reprocessed Plastics,152.11,36.06,158.65,402,1.30
03/05/25 5:10,M007,Recycled Material,Reprocessed Plastics,160.51,29.15,199.37,935,0.95
03/05/25 5:15,M004,Finished Material,Packaging,145.75,0.00,137.09,787,1.79
03/05/25 5:20,M005,Intermediate Material,Textiles,181.47,0.00,101.74,199,2.35
03/05/25 5:25,M005,Finished Material,Packaging,164.44,0.00,101.97,796,4.50
03/05/25 5:30,M002,Intermediate Material,Plastic Resin,83.5,0.00,184.57,530,3.94
03/05/25 5:35,M006,Process Additive,Coolant,137.84,0.00,135.65,220,2.35
03/05/25 5:40,M010,Hazardous Material,Lead-Based Alloy,120.83,0.00,103.35,222,4.34
03/05/25 5:45,M007,Hazardous Material,Solvent,111.97,0.00,184.5,254,0.69
03/05/25 5:50,M004,Process Additive,Coolant,198.08,0.00,187.14,568,0.72
03/05/25 5:55,M003,Raw Material,Cotton,99.89,0.00,198.4,420,3.17
03/05/25 6:00,M001,Recycled Material,Reprocessed Plastics,81.41,38.68,149.15,262,2.45
03/05/25 6:05,M002,Intermediate Material,Textiles,115.06,0.00,131.53,539,4.83
03/05/25 6:10,M007,Raw Material,Steel,130.07,0.00,167.68,114,4.46
03/05/25 6:15,M009,Intermediate Material,Sheet Metal,151.51,0.00,155.2,354,1.13
03/05/25 6:20,M006,Process Additive,Industrial Oil,65.41,0.00,140.4,413,0.84
03/05/25 6:25,M001,Process Additive,Coolant,118.39,0.00,142.43,636,1.69
03/05/25 6:30,M003,Process Additive,Coolant,103.89,0.00,102.61,931,2.02
03/05/25 6:35,M004,Intermediate Material,Textiles,197.73,0.00,105.34,122,2.95
03/05/25 6:40,M003,Raw Material,Polypropylene,156.67,0.00,175.06,484,4.38
03/05/25 6:45,M005,Hazardous Material,Lead-Based Alloy,139.09,0.00,85.76,210,3.27
03/05/25 6:50,M001,Raw Material,Steel,112.52,0.00,125.63,660,1.26
03/05/25 6:55,M003,Intermediate Material,Textiles,152.86,0.00,81.12,530,3.31
03/05/25 7:00,M009,Process Additive,Catalyst,140.85,0.00,96.46,950,4.49
03/05/25 7:05,M009,Finished Material,Packaging,67.66,0.00,93.68,208,2.49
03/05/25 7:10,M010,Intermediate Material,Plastic Resin,174.72,0.00,196.77,466,3.52
03/05/25 7:15,M005,Intermediate Material,Sheet Metal,132.22,0.00,189.24,804,4.67
03/05/25 7:20,M006,Intermediate Material,Sheet Metal,51.91,0.00,90.68,213,4.18
03/05/25 7:25,M008,Intermediate Material,Sheet Metal,166.93,0.00,89.01,840,0.51
03/05/25 7:30,M005,Finished Material,Circuit Board,118.51,0.00,197.27,370,2.32
03/05/25 7:35,M002,Intermediate Material,Sheet Metal,177.84,0.00,123.23,793,1.56
03/05/25 7:40,M002,Raw Material,Steel,51.45,0.00,96.61,762,0.85
03/05/25 7:45,M006,Recycled Material,Reprocessed Plastics,181.77,4.65,177.8,287,0.57
03/05/25 7:50,M007,Recycled Material,Reprocessed Plastics,175.36,34.50,137.39,531,3.24
03/05/25 7:55,M003,Raw Material,Aluminum,154.43,0.00,87.04,964,0.80
03/05/25 8:00,M007,Hazardous Material,Solvent,170.34,0.00,161.41,285,3.06
03/05/25 8:05,M006,Hazardous Material,Lead-Based Alloy,179.39,0.00,185.59,844,4.87
03/05/25 8:10,M003,Recycled Material,Reprocessed Plastics,66.94,20.56,85.52,367,3.27
03/05/25 8:15,M001,Finished Material,Packaging,128.72,0.00,169.23,841,2.83
03/05/25 8:20,M006,Hazardous Material,Lead-Based Alloy,114.93,0.00,167.2,593,1.73
03/05/25 8:25,M007,Intermediate Material,Textiles,183.81,0.00,153.55,111,3.22
03/05/25 8:30,M003,Hazardous Material,Solvent,177.78,0.00,184.33,176,3.76
03/05/25 8:35,M006,Intermediate Material,Plastic Resin,195.52,0.00,86.04,328,2.75
03/05/25 8:40,M007,Recycled Material,Scrap Steel,61.82,22.21,148.76,190,4.28
03/05/25 8:45,M008,Process Additive,Industrial Oil,197.1,0.00,169.43,118,0.51
03/05/25 8:50,M007,Raw Material,Steel,173.89,0.00,175.01,733,3.19
03/05/25 8:55,M009,Hazardous Material,Lead-Based Alloy,148.19,0.00,134.74,449,1.82
03/05/25 9:00,M001,Intermediate Material,Plastic Resin,99.8,0.00,172.09,714,2.37
03/05/25 9:05,M006,Finished Material,Machine Component,67.1,0.00,171.12,327,0.01
03/05/25 9:10,M006,Finished Material,Machine Component,132.15,0.00,124.87,208,0.23
03/05/25 9:15,M003,Recycled Material,Scrap Steel,173.28,37.13,129.11,360,3.05
03/05/25 9:20,M004,Raw Material,Cotton,82.34,0.00,178.95,295,3.58
03/05/25 9:25,M002,Recycled Material,Scrap Steel,188.99,41.87,150.66,890,4.46
03/05/25 9:30,M008,Finished Material,Packaging,193.43,0.00,96.16,610,0.02
03/05/25 9:35,M001,Hazardous Material,Solvent,175.82,0.00,137.95,620,3.91
03/05/25 9:40,M003,Finished Material,Packaging,76.05,0.00,177.83,206,1.94
03/05/25 9:45,M010,Hazardous Material,Solvent,125.62,0.00,126.16,723,4.58
03/05/25 9:50,M004,Process Additive,Coolant,194.54,0.00,196.46,563,4.02
03/05/25 9:55,M003,Recycled Material,Reprocessed Plastics,176.46,27.39,117.67,854,4.68
03/05/25 10:00,M004,Intermediate Material,Sheet Metal,143.63,0.00,114.87,453,4.61
03/05/25 10:05,M003,Finished Material,Packaging,196.28,0.00,101.34,655,3.47
03/05/25 10:10,M006,Finished Material,Circuit Board,164.12,0.00,147.47,696,2.85
03/05/25 10:15,M007,Finished Material,Packaging,184.08,0.00,144.07,998,4.24
03/05/25 10:20,M001,Hazardous Material,Lead-Based Alloy,53.79,0.00,97.44,786,0.28
03/05/25 10:25,M005,Intermediate Material,Plastic Resin,152.51,0.00,97.57,163,3.45
03/05/25 10:30,M005,Intermediate Material,Textiles,54.85,0.00,177.68,204,3.08
03/05/25 10:35,M009,Intermediate Material,Textiles,147.07,0.00,126.67,623,3.92
03/05/25 10:40,M005,Finished Material,Packaging,57.05,0.00,125.79,526,4.78
03/05/25 10:45,M006,Hazardous Material,Lead-Based Alloy,51.94,0.00,110.16,735,4.34
03/05/25 10:50,M008,Intermediate Material,Textiles,155.69,0.00,157.72,873,2.94
03/05/25 10:55,M010,Intermediate Material,Textiles,194.64,0.00,115.3,281,4.92
03/05/25 11:00,M002,Intermediate Material,Sheet Metal,160.26,0.00,94.32,141,2.14
03/05/25 11:05,M009,Process Additive,Industrial Oil,74.14,0.00,181.52,105,1.65
03/05/25 11:10,M003,Raw Material,Aluminum,189.29,0.00,151.63,892,4.66
03/05/25 11:15,M010,Finished Material,Machine Component,123.58,0.00,148.72,466,0.36
03/05/25 11:20,M006,Hazardous Material,Lead-Based Alloy,193.55,0.00,142.47,905,2.53
03/05/25 11:25,M007,Hazardous Material,Solvent,63.79,0.00,106.54,318,3.32
03/05/25 11:30,M006,Process Additive,Coolant,82.77,0.00,170.32,643,2.37
03/05/25 11:35,M009,Finished Material,Circuit Board,67.21,0.00,121.52,346,4.52
03/05/25 11:40,M010,Hazardous Material,Lead-Based Alloy,193.83,0.00,161.91,428,1.91
03/05/25 11:45,M002,Recycled Material,Reprocessed Plastics,131.04,14.14,189.36,941,3.85
03/05/25 11:50,M009,Hazardous Material,Solvent,123.02,0.00,115.57,767,0.96
03/05/25 11:55,M009,Raw Material,Steel,75.11,0.00,194.75,650,2.67
03/05/25 12:00,M002,Intermediate Material,Textiles,144.43,0.00,105.58,801,2.12
03/05/25 12:05,M002,Intermediate Material,Textiles,174.31,0.00,185.44,859,3.88
03/05/25 12:10,M002,Finished Material,Packaging,73.06,0.00,135.11,439,0.19
03/05/25 12:15,M002,Raw Material,Aluminum,169.13,0.00,146.97,688,4.11
03/05/25 12:20,M005,Recycled Material,Reprocessed Plastics,117.67,20.22,117.97,498,3.37
03/05/25 12:25,M009,Raw Material,Steel,163.39,0.00,150.27,817,4.24
03/05/25 12:30,M006,Hazardous Material,Lead-Based Alloy,93.48,0.00,162.31,721,0.43
03/05/25 12:35,M008,Recycled Material,Reprocessed Plastics,173.32,1.54,98.76,325,0.68
03/05/25 12:40,M007,Hazardous Material,Solvent,194.02,0.00,97.29,793,4.43
03/05/25 12:45,M006,Raw Material,Aluminum,68.49,0.00,80.6,710,1.97
03/05/25 12:50,M009,Raw Material,Polypropylene,81.51,0.00,168.97,843,1.72
03/05/25 12:55,M007,Finished Material,Packaging,71.37,0.00,102.08,731,4.17
03/05/25 13:00,M004,Raw Material,Aluminum,150.65,0.00,148.08,155,4.26
03/05/25 13:05,M009,Recycled Material,Scrap Steel,93.6,3.37,91.78,843,2.90
03/05/25 13:10,M006,Process Additive,Industrial Oil,150.69,0.00,108.14,391,3.10
03/05/25 13:15,M004,Process Additive,Coolant,117.6,0.00,153.96,413,3.47
03/05/25 13:20,M003,Hazardous Material,Solvent,171.15,0.00,195.04,272,0.02
03/05/25 13:25,M004,Intermediate Material,Textiles,160.97,0.00,132.33,960,1.80
03/05/25 13:30,M006,Recycled Material,Reprocessed Plastics,116.8,38.74,138.44,211,0.88
03/05/25 13:35,M010,Raw Material,Polypropylene,178.81,0.00,96.8,651,0.98
03/05/25 13:40,M002,Finished Material,Circuit Board,183.82,0.00,181.95,746,0.16
03/05/25 13:45,M010,Hazardous Material,Solvent,165.38,0.00,105.53,137,2.76
03/05/25 13:50,M009,Hazardous Material,Solvent,148.09,0.00,97.84,501,1.12
03/05/25 13:55,M010,Finished Material,Machine Component,70.08,0.00,140.13,192,1.98
03/05/25 14:00,M009,Raw Material,Aluminum,177.2,0.00,176.78,728,3.42
03/05/25 14:05,M009,Intermediate Material,Plastic Resin,73.88,0.00,147.96,679,3.30
03/05/25 14:10,M003,Finished Material,Packaging,122.53,0.00,123.06,324,3.81
03/05/25 14:15,M004,Raw Material,Polypropylene,105.42,0.00,85.14,311,2.59
03/05/25 14:20,M006,Recycled Material,Reprocessed Plastics,187.69,44.08,84.79,764,1.62
03/05/25 14:25,M009,Finished Material,Machine Component,175.23,0.00,111.6,657,2.85
03/05/25 14:30,M007,Finished Material,Machine Component,104.79,0.00,158.4,955,0.39
03/05/25 14:35,M005,Recycled Material,Scrap Steel,127.46,17.64,184.13,598,3.96
03/05/25 14:40,M010,Raw Material,Aluminum,115.98,0.00,107.6,626,3.22
03/05/25 14:45,M004,Intermediate Material,Sheet Metal,73.6,0.00,152.24,936,0.59
03/05/25 14:50,M004,Recycled Material,Reprocessed Plastics,158.04,24.08,137.46,315,2.95
03/05/25 14:55,M007,Raw Material,Aluminum,56.47,0.00,148.82,264,0.67
03/05/25 15:00,M009,Raw Material,Aluminum,58.39,0.00,110.99,284,2.58
03/05/25 15:05,M007,Hazardous Material,Lead-Based Alloy,181.78,0.00,167.36,941,1.42
03/05/25 15:10,M002,Intermediate Material,Plastic Resin,140.98,0.00,136.57,593,0.85
03/05/25 15:15,M007,Hazardous Material,Lead-Based Alloy,169.19,0.00,178.45,286,3.12
03/05/25 15:20,M009,Process Additive,Industrial Oil,158.63,0.00,121.12,564,2.98
03/05/25 15:25,M002,Intermediate Material,Plastic Resin,107.82,0.00,93.03,307,2.61
03/05/25 15:30,M009,Finished Material,Machine Component,173.98,0.00,152.66,281,2.38
03/05/25 15:35,M010,Hazardous Material,Lead-Based Alloy,181.66,0.00,143.77,870,0.59
03/05/25 15:40,M008,Finished Material,Circuit Board,185.3,0.00,144.71,101,4.48
03/05/25 15:45,M007,Hazardous Material,Solvent,105.56,0.00,85.21,642,2.14
03/05/25 15:50,M008,Recycled Material,Reprocessed Plastics,138.36,37.07,171.38,813,2.88
03/05/25 15:55,M007,Intermediate Material,Plastic Resin,121.57,0.00,107.9,979,0.42
03/05/25 16:00,M010,Hazardous Material,Solvent,88.67,0.00,80.66,861,3.95
03/05/25 16:05,M010,Hazardous Material,Lead-Based Alloy,127.96,0.00,125,310,3.44
03/05/25 16:10,M006,Recycled Material,Reprocessed Plastics,65.99,21.30,150.24,367,4.27
03/05/25 16:15,M007,Hazardous Material,Solvent,141.78,0.00,199.02,506,3.77
03/05/25 16:20,M007,Hazardous Material,Solvent,76.81,0.00,147.09,595,1.27
03/05/25 16:25,M005,Hazardous Material,Solvent,166.13,0.00,127.78,241,4.27
03/05/25 16:30,M002,Finished Material,Circuit Board,116.99,0.00,163.92,265,0.50
03/05/25 16:35,M009,Recycled Material,Reprocessed Plastics,170.13,30.70,162.15,153,0.80
03/05/25 16:40,M001,Raw Material,Aluminum,120.75,0.00,152.03,190,0.32
03/05/25 16:45,M004,Process Additive,Industrial Oil,141.35,0.00,166.94,510,3.07
03/05/25 16:50,M009,Process Additive,Catalyst,194.53,0.00,86.9,892,4.10
03/05/25 16:55,M008,Recycled Material,Scrap Steel,80.26,32.84,176.47,392,0.97
03/05/25 17:00,M010,Hazardous Material,Lead-Based Alloy,142.28,0.00,160.88,468,1.20
03/05/25 17:05,M001,Intermediate Material,Sheet Metal,199.52,0.00,173.56,461,3.35
03/05/25 17:10,M007,Hazardous Material,Lead-Based Alloy,127.66,0.00,168.43,170,4.60
03/05/25 17:15,M009,Process Additive,Catalyst,174.46,0.00,189.8,456,1.74
03/05/25 17:20,M005,Intermediate Material,Textiles,194.46,0.00,134.57,513,2.87
03/05/25 17:25,M005,Intermediate Material,Plastic Resin,125.94,0.00,147.04,615,1.47
03/05/25 17:30,M002,Hazardous Material,Solvent,181.42,0.00,177.58,688,1.25
03/05/25 17:35,M008,Recycled Material,Reprocessed Plastics,165.5,37.87,195.35,569,3.41
03/05/25 17:40,M010,Raw Material,Cotton,67.44,0.00,88.11,748,3.94
03/05/25 17:45,M004,Finished Material,Packaging,84.49,0.00,117.89,461,2.58
03/05/25 17:50,M001,Finished Material,Machine Component,87.24,0.00,91.16,789,3.74
03/05/25 17:55,M006,Raw Material,Aluminum,121.48,0.00,122.42,687,1.35
03/05/25 18:00,M004,Recycled Material,Scrap Steel,85.23,12.10,111.85,334,1.01
03/05/25 18:05,M004,Hazardous Material,Solvent,73.4,0.00,92.8,180,3.38
03/05/25 18:10,M008,Hazardous Material,Lead-Based Alloy,164.64,0.00,144.98,143,4.24
03/05/25 18:15,M006,Hazardous Material,Solvent,123.85,0.00,198.24,688,4.34
03/05/25 18:20,M008,Intermediate Material,Textiles,92.04,0.00,106.65,690,0.64
03/05/25 18:25,M009,Recycled Material,Reprocessed Plastics,190.95,1.63,121.67,981,3.43
03/05/25 18:30,M003,Recycled Material,Scrap Steel,154.74,23.00,162.71,112,3.37
03/05/25 18:35,M007,Hazardous Material,Lead-Based Alloy,98.82,0.00,153.53,365,0.94
03/05/25 18:40,M005,Intermediate Material,Plastic Resin,120.7,0.00,153.57,474,0.92
03/05/25 18:45,M007,Intermediate Material,Plastic Resin,155.11,0.00,124.68,974,2.00
03/05/25 18:50,M008,Intermediate Material,Textiles,69.67,0.00,149.11,334,4.07
03/05/25 18:55,M005,Intermediate Material,Textiles,114.83,0.00,125.71,249,4.00
03/05/25 19:00,M003,Recycled Material,Scrap Steel,76.49,24.98,199.47,969,3.15
03/05/25 19:05,M009,Finished Material,Machine Component,167.8,0.00,116,675,4.29
03/05/25 19:10,M001,Recycled Material,Scrap Steel,153.58,3.00,177.66,587,4.19
03/05/25 19:15,M002,Recycled Material,Reprocessed Plastics,88.97,18.02,146.9,929,1.29
03/05/25 19:20,M001,Recycled Material,Scrap Steel,102.66,33.98,152.67,690,2.88
03/05/25 19:25,M009,Intermediate Material,Plastic Resin,103.27,0.00,160.78,599,3.87
03/05/25 19:30,M008,Raw Material,Cotton,142.05,0.00,135.65,248,4.34
03/05/25 19:35,M006,Recycled Material,Reprocessed Plastics,177.34,3.57,99.44,333,1.57
03/05/25 19:40,M005,Finished Material,Machine Component,140.81,0.00,127.45,555,3.90
03/05/25 19:45,M006,Finished Material,Packaging,128.14,0.00,134.03,271,0.92
03/05/25 19:50,M001,Intermediate Material,Textiles,85.19,0.00,110.2,861,3.50
03/05/25 19:55,M002,Intermediate Material,Sheet Metal,109.56,0.00,91.47,999,2.37
03/05/25 20:00,M001,Raw Material,Cotton,128.6,0.00,199.52,206,1.31
03/05/25 20:05,M003,Raw Material,Cotton,96.41,0.00,109.69,390,2.22
03/05/25 20:10,M003,Intermediate Material,Textiles,175.78,0.00,83.43,779,1.78
03/05/25 20:15,M006,Recycled Material,Reprocessed Plastics,196.25,27.03,112.69,555,0.68
03/05/25 20:20,M009,Intermediate Material,Textiles,139.64,0.00,155.73,751,4.39
03/05/25 20:25,M007,Hazardous Material,Solvent,186.34,0.00,137.8,332,4.02
03/05/25 20:30,M008,Process Additive,Coolant,111.83,0.00,98.69,110,0.00
03/05/25 20:35,M003,Process Additive,Coolant,120.38,0.00,81,603,4.73
03/05/25 20:40,M008,Process Additive,Industrial Oil,164.88,0.00,175.76,711,1.16
03/05/25 20:45,M001,Hazardous Material,Solvent,78.29,0.00,185.86,547,1.97
03/05/25 20:50,M003,Finished Material,Packaging,146.9,0.00,179.41,325,1.31
03/05/25 20:55,M007,Finished Material,Circuit Board,127.49,0.00,176,727,4.04
03/05/25 21:00,M005,Process Additive,Catalyst,161.44,0.00,177.06,522,0.94
03/05/25 21:05,M002,Intermediate Material,Sheet Metal,93.44,0.00,156.43,732,2.26
03/05/25 21:10,M010,Recycled Material,Scrap Steel,98.1,7.61,196.37,122,0.93
03/05/25 21:15,M002,Process Additive,Coolant,68.76,0.00,132.61,108,1.16
03/05/25 21:20,M003,Raw Material,Cotton,82.58,0.00,130.43,904,4.00
03/05/25 21:25,M006,Recycled Material,Scrap Steel,99.54,42.18,194.2,157,1.33
03/05/25 21:30,M007,Raw Material,Cotton,77.24,0.00,187.48,356,4.09
03/05/25 21:35,M001,Raw Material,Aluminum,107.72,0.00,197,353,3.69
03/05/25 21:40,M001,Intermediate Material,Plastic Resin,160.3,0.00,91.28,781,4.91
03/05/25 21:45,M008,Recycled Material,Reprocessed Plastics,190.43,7.93,167.39,862,4.69
03/05/25 21:50,M009,Raw Material,Polypropylene,122.18,0.00,115.86,469,4.44
03/05/25 21:55,M004,Raw Material,Aluminum,144.94,0.00,118.94,271,3.97
03/05/25 22:00,M010,Raw Material,Cotton,168.37,0.00,81.07,143,2.91
03/05/25 22:05,M008,Finished Material,Packaging,73.25,0.00,172.5,354,0.79
03/05/25 22:10,M002,Finished Material,Packaging,100.76,0.00,196.36,877,3.13
03/05/25 22:15,M001,Process Additive,Catalyst,73.09,0.00,144.36,209,0.63
03/05/25 22:20,M004,Process Additive,Catalyst,168.28,0.00,170.8,924,4.46
03/05/25 22:25,M004,Raw Material,Cotton,103.73,0.00,96.17,140,2.43
03/05/25 22:30,M008,Hazardous Material,Solvent,131.41,0.00,138.81,680,0.93
03/05/25 22:35,M006,Process Additive,Catalyst,120.26,0.00,184.12,713,4.57
03/05/25 22:40,M009,Intermediate Material,Sheet Metal,129.67,0.00,133.93,939,1.32
03/05/25 22:45,M006,Recycled Material,Scrap Steel,166.39,25.30,168.04,119,3.10
03/05/25 22:50,M006,Hazardous Material,Lead-Based Alloy,98.1,0.00,87.6,651,4.10
03/05/25 22:55,M004,Hazardous Material,Solvent,164.86,0.00,98.5,389,1.61
03/05/25 23:00,M006,Raw Material,Steel,128.48,0.00,88,955,4.69
03/05/25 23:05,M003,Raw Material,Aluminum,66.06,0.00,102.99,132,2.86
03/05/25 23:10,M007,Finished Material,Machine Component,128.87,0.00,164.16,362,0.25
03/05/25 23:15,M004,Hazardous Material,Lead-Based Alloy,51.96,0.00,190.52,771,2.46
03/05/25 23:20,M002,Recycled Material,Scrap Steel,104.14,37.17,186.85,941,1.85
03/05/25 23:25,M001,Hazardous Material,Solvent,129.35,0.00,168.12,954,1.52
03/05/25 23:30,M004,Hazardous Material,Lead-Based Alloy,65.18,0.00,107.72,494,0.95
03/05/25 23:35,M009,Finished Material,Circuit Board,135.5,0.00,193.7,671,3.75
03/05/25 23:40,M007,Finished Material,Circuit Board,164.94,0.00,149.19,790,2.29
03/05/25 23:45,M007,Raw Material,Aluminum,168.87,0.00,146,616,1.69
03/05/25 23:50,M003,Hazardous Material,Solvent,190.03,0.00,188.3,663,4.96
03/05/25 23:55,M006,Process Additive,Coolant,164.63,0.00,131.67,843,1.62
04/05/25 0:00,M004,Hazardous Material,Lead-Based Alloy,106.26,0.00,146.03,862,1.27
04/05/25 0:05,M008,Recycled Material,Reprocessed Plastics,50.03,1.73,114.14,116,2.59
04/05/25 0:10,M005,Raw Material,Polypropylene,197.66,0.00,105.78,422,0.11
04/05/25 0:15,M005,Hazardous Material,Lead-Based Alloy,64.14,0.00,135.24,259,0.69
04/05/25 0:20,M006,Hazardous Material,Lead-Based Alloy,84.95,0.00,177.33,194,2.85
04/05/25 0:25,M010,Intermediate Material,Textiles,61.58,0.00,118.96,594,0.86
04/05/25 0:30,M010,Raw Material,Polypropylene,55.61,0.00,177,490,0.39
04/05/25 0:35,M001,Process Additive,Coolant,181.97,0.00,132.12,988,0.60
04/05/25 0:40,M004,Finished Material,Packaging,177.42,0.00,191.44,749,3.89
04/05/25 0:45,M007,Raw Material,Polypropylene,128.66,0.00,118.32,678,0.75
04/05/25 0:50,M009,Finished Material,Circuit Board,72.98,0.00,160.84,502,4.86
04/05/25 0:55,M010,Hazardous Material,Lead-Based Alloy,83.31,0.00,114.77,503,0.74
04/05/25 1:00,M006,Raw Material,Cotton,135.72,0.00,85.92,508,1.31
04/05/25 1:05,M007,Hazardous Material,Solvent,166.07,0.00,95.65,238,2.40
04/05/25 1:10,M004,Recycled Material,Reprocessed Plastics,147.84,9.80,153.92,853,2.62
04/05/25 1:15,M004,Raw Material,Polypropylene,166.52,0.00,118.81,689,0.45
04/05/25 1:20,M007,Recycled Material,Reprocessed Plastics,102.25,16.04,151.27,124,3.85
04/05/25 1:25,M003,Process Additive,Catalyst,173.24,0.00,176.34,738,0.73
04/05/25 1:30,M001,Intermediate Material,Sheet Metal,152.8,0.00,98.72,845,4.26
04/05/25 1:35,M002,Finished Material,Circuit Board,86.46,0.00,154.52,251,4.34
04/05/25 1:40,M005,Raw Material,Polypropylene,154.07,0.00,93.35,560,2.36
04/05/25 1:45,M006,Intermediate Material,Textiles,130.7,0.00,104.46,635,3.75
04/05/25 1:50,M009,Recycled Material,Scrap Steel,154.26,33.41,125.19,779,2.63
04/05/25 1:55,M005,Intermediate Material,Sheet Metal,92.6,0.00,174.7,732,1.36
04/05/25 2:00,M008,Finished Material,Circuit Board,59.99,0.00,159.24,778,4.26
04/05/25 2:05,M006,Raw Material,Steel,93.87,0.00,186.01,495,1.16
04/05/25 2:10,M007,Hazardous Material,Lead-Based Alloy,185.58,0.00,138.16,711,2.66
04/05/25 2:15,M003,Intermediate Material,Textiles,195.02,0.00,147.28,829,0.11
04/05/25 2:20,M004,Hazardous Material,Solvent,100.04,0.00,127.21,260,0.09
04/05/25 2:25,M006,Process Additive,Catalyst,95.35,0.00,199.52,613,1.38
04/05/25 2:30,M001,Finished Material,Machine Component,181.8,0.00,186.85,934,4.95
04/05/25 2:35,M009,Process Additive,Industrial Oil,72.76,0.00,187.66,772,0.69
04/05/25 2:40,M007,Hazardous Material,Lead-Based Alloy,112.6,0.00,148.75,536,4.85
04/05/25 2:45,M010,Process Additive,Coolant,131.34,0.00,104.81,241,2.91
04/05/25 2:50,M004,Intermediate Material,Plastic Resin,153.28,0.00,187.84,238,2.15
04/05/25 2:55,M003,Finished Material,Packaging,187.57,0.00,118.1,670,2.66
04/05/25 3:00,M002,Intermediate Material,Plastic Resin,175.93,0.00,97.46,130,3.83
04/05/25 3:05,M007,Recycled Material,Reprocessed Plastics,116.45,46.69,187.3,856,1.37
04/05/25 3:10,M004,Raw Material,Aluminum,77.71,0.00,171.49,726,3.08
04/05/25 3:15,M010,Hazardous Material,Lead-Based Alloy,139.45,0.00,107.71,126,1.80
04/05/25 3:20,M008,Intermediate Material,Textiles,176.92,0.00,136.25,765,1.87
04/05/25 3:25,M007,Recycled Material,Reprocessed Plastics,70.63,9.66,83.87,882,4.84
04/05/25 3:30,M005,Recycled Material,Scrap Steel,161.35,49.41,170.93,167,0.89
04/05/25 3:35,M008,Hazardous Material,Solvent,153.18,0.00,184.01,352,2.14
04/05/25 3:40,M001,Hazardous Material,Solvent,158.03,0.00,127.3,860,2.86
04/05/25 3:45,M009,Hazardous Material,Lead-Based Alloy,128.1,0.00,134.19,946,4.39
04/05/25 3:50,M004,Hazardous Material,Solvent,197.57,0.00,84.71,496,2.58
04/05/25 3:55,M001,Intermediate Material,Plastic Resin,115.93,0.00,186.13,892,4.14
04/05/25 4:00,M008,Intermediate Material,Plastic Resin,94.16,0.00,190.28,806,2.58
04/05/25 4:05,M003,Recycled Material,Reprocessed Plastics,63.57,25.03,101.57,699,4.69
04/05/25 4:10,M009,Intermediate Material,Plastic Resin,112.03,0.00,134.11,283,2.27
04/05/25 4:15,M004,Recycled Material,Scrap Steel,87.51,34.59,188.86,915,0.82
04/05/25 4:20,M002,Raw Material,Steel,155.93,0.00,156.09,187,2.62
04/05/25 4:25,M007,Finished Material,Packaging,141.81,0.00,99.19,663,1.90
04/05/25 4:30,M003,Process Additive,Catalyst,180.7,0.00,183.52,266,4.34
04/05/25 4:35,M003,Finished Material,Circuit Board,112.94,0.00,117.14,887,4.80
04/05/25 4:40,M005,Finished Material,Circuit Board,67.63,0.00,95.79,307,0.02
04/05/25 4:45,M005,Raw Material,Cotton,124.64,0.00,139.84,926,0.03
04/05/25 4:50,M008,Intermediate Material,Sheet Metal,138.33,0.00,137.09,519,2.21
04/05/25 4:55,M010,Hazardous Material,Lead-Based Alloy,86.71,0.00,145.68,734,3.14
04/05/25 5:00,M004,Raw Material,Aluminum,72.24,0.00,158.39,137,0.73
04/05/25 5:05,M001,Finished Material,Packaging,175.7,0.00,115.81,189,0.25
04/05/25 5:10,M007,Intermediate Material,Sheet Metal,150.81,0.00,153.33,808,3.50
04/05/25 5:15,M010,Hazardous Material,Lead-Based Alloy,194.94,0.00,169.92,468,4.66
04/05/25 5:20,M002,Process Additive,Coolant,105.29,0.00,125.47,169,3.79
04/05/25 5:25,M009,Raw Material,Polypropylene,120.62,0.00,94.64,980,1.37
04/05/25 5:30,M009,Recycled Material,Scrap Steel,154.37,30.60,93.12,847,4.90
04/05/25 5:35,M009,Raw Material,Cotton,158.61,0.00,152.57,907,4.93
04/05/25 5:40,M005,Recycled Material,Reprocessed Plastics,88.95,28.76,154.79,232,3.07
04/05/25 5:45,M008,Hazardous Material,Solvent,123.88,0.00,101.59,724,1.16
04/05/25 5:50,M005,Intermediate Material,Sheet Metal,67.73,0.00,135.79,915,0.59
04/05/25 5:55,M004,Hazardous Material,Solvent,112.11,0.00,120.06,673,4.03
04/05/25 6:00,M004,Raw Material,Aluminum,153.5,0.00,110.53,169,1.54
04/05/25 6:05,M009,Hazardous Material,Solvent,165.05,0.00,93.66,441,1.71
04/05/25 6:10,M010,Hazardous Material,Lead-Based Alloy,174.81,0.00,103.28,953,1.69
04/05/25 6:15,M008,Recycled Material,Scrap Steel,146.85,24.07,155.26,985,2.68
04/05/25 6:20,M006,Recycled Material,Reprocessed Plastics,189.17,2.80,142.53,678,3.62
04/05/25 6:25,M006,Hazardous Material,Lead-Based Alloy,81.24,0.00,162.26,918,4.58
04/05/25 6:30,M006,Raw Material,Aluminum,92.07,0.00,83.74,484,3.13
04/05/25 6:35,M003,Hazardous Material,Solvent,78.11,0.00,94.02,901,3.76
04/05/25 6:40,M006,Finished Material,Circuit Board,90.72,0.00,90.42,998,1.19
04/05/25 6:45,M008,Process Additive,Industrial Oil,128.77,0.00,101,483,3.92
04/05/25 6:50,M004,Raw Material,Cotton,125.9,0.00,175.88,612,0.77
04/05/25 6:55,M006,Recycled Material,Reprocessed Plastics,166.33,7.16,184.62,941,4.91
04/05/25 7:00,M009,Finished Material,Circuit Board,80.78,0.00,84.39,496,3.57
04/05/25 7:05,M009,Raw Material,Steel,96.65,0.00,85.28,968,2.97
04/05/25 7:10,M002,Process Additive,Coolant,183.38,0.00,92.37,884,3.29
04/05/25 7:15,M005,Raw Material,Polypropylene,145.83,0.00,105.18,305,0.96
04/05/25 7:20,M005,Hazardous Material,Solvent,165.92,0.00,160.53,379,0.75
04/05/25 7:25,M005,Raw Material,Steel,193.74,0.00,147.16,204,1.03
04/05/25 7:30,M006,Hazardous Material,Solvent,90.66,0.00,193.19,923,1.42
04/05/25 7:35,M004,Intermediate Material,Sheet Metal,96.71,0.00,187.07,653,2.22
04/05/25 7:40,M003,Raw Material,Cotton,185.49,0.00,86.05,492,0.27
04/05/25 7:45,M007,Recycled Material,Scrap Steel,155.7,44.56,155.54,806,3.50
04/05/25 7:50,M010,Process Additive,Coolant,99.85,0.00,103.78,876,3.35
04/05/25 7:55,M009,Raw Material,Cotton,135.17,0.00,91.15,921,4.60
04/05/25 8:00,M008,Raw Material,Cotton,96.56,0.00,157.33,884,2.33
04/05/25 8:05,M004,Intermediate Material,Sheet Metal,179.16,0.00,154.03,472,1.96
04/05/25 8:10,M006,Process Additive,Coolant,123.13,0.00,87.84,215,1.76
04/05/25 8:15,M008,Intermediate Material,Plastic Resin,165.19,0.00,152.53,230,2.54
04/05/25 8:20,M007,Finished Material,Circuit Board,98.88,0.00,157.93,911,1.51
04/05/25 8:25,M008,Recycled Material,Reprocessed Plastics,85.79,12.18,99.08,593,1.92
04/05/25 8:30,M006,Intermediate Material,Textiles,138.65,0.00,174.12,545,2.84
04/05/25 8:35,M006,Hazardous Material,Lead-Based Alloy,75.96,0.00,160.35,857,4.65
04/05/25 8:40,M010,Recycled Material,Scrap Steel,138.82,23.15,146.61,941,2.23
04/05/25 8:45,M005,Recycled Material,Scrap Steel,139.74,34.28,151.57,939,1.89
04/05/25 8:50,M008,Finished Material,Packaging,59.22,0.00,106.11,242,4.44
04/05/25 8:55,M001,Intermediate Material,Textiles,72.38,0.00,143.75,499,3.08
04/05/25 9:00,M008,Intermediate Material,Sheet Metal,152.23,0.00,117.99,683,3.97
04/05/25 9:05,M005,Recycled Material,Reprocessed Plastics,198.54,29.14,153.38,622,2.02
04/05/25 9:10,M003,Process Additive,Industrial Oil,105.38,0.00,145.87,154,0.00
04/05/25 9:15,M009,Process Additive,Industrial Oil,179.19,0.00,183.88,340,2.16
04/05/25 9:20,M010,Recycled Material,Reprocessed Plastics,156.77,20.30,132.22,316,3.31
04/05/25 9:25,M008,Intermediate Material,Sheet Metal,133.31,0.00,181.2,468,4.20
04/05/25 9:30,M003,Process Additive,Catalyst,68.83,0.00,81.39,763,0.08
04/05/25 9:35,M008,Finished Material,Machine Component,196.25,0.00,96.29,240,3.21
04/05/25 9:40,M007,Recycled Material,Reprocessed Plastics,143.49,22.72,130.89,939,2.25
04/05/25 9:45,M006,Intermediate Material,Sheet Metal,113.72,0.00,80.89,610,4.23
04/05/25 9:50,M004,Finished Material,Packaging,90.39,0.00,191.19,690,1.83
04/05/25 9:55,M001,Hazardous Material,Solvent,155.73,0.00,93.58,593,4.81
04/05/25 10:00,M002,Intermediate Material,Textiles,159.69,0.00,198.03,868,3.89
04/05/25 10:05,M008,Hazardous Material,Lead-Based Alloy,128.5,0.00,153.21,351,2.36
04/05/25 10:10,M002,Finished Material,Packaging,130.88,0.00,149.56,727,0.26
04/05/25 10:15,M006,Hazardous Material,Lead-Based Alloy,120.33,0.00,141.52,580,2.87
04/05/25 10:20,M006,Recycled Material,Reprocessed Plastics,194.09,39.91,114.71,136,3.48
04/05/25 10:25,M010,Finished Material,Machine Component,159.05,0.00,147.64,162,3.15
04/05/25 10:30,M010,Intermediate Material,Textiles,57.74,0.00,198.84,928,3.69
04/05/25 10:35,M001,Process Additive,Coolant,62.38,0.00,140.67,971,3.92
04/05/25 10:40,M005,Intermediate Material,Textiles,92.15,0.00,182.94,114,3.71
04/05/25 10:45,M010,Intermediate Material,Textiles,160.85,0.00,159.1,478,4.04
04/05/25 10:50,M005,Finished Material,Circuit Board,122.74,0.00,175.92,982,0.17
04/05/25 10:55,M002,Intermediate Material,Textiles,190.09,0.00,98.5,607,3.76
04/05/25 11:00,M007,Recycled Material,Scrap Steel,149.1,36.30,100.07,691,3.67
04/05/25 11:05,M006,Raw Material,Polypropylene,163.32,0.00,93.92,271,2.32
04/05/25 11:10,M008,Process Additive,Coolant,161.92,0.00,170.29,645,1.17
04/05/25 11:15,M007,Recycled Material,Reprocessed Plastics,71.77,43.51,81.42,916,2.24
04/05/25 11:20,M006,Hazardous Material,Lead-Based Alloy,64.6,0.00,143.76,462,4.78
04/05/25 11:25,M007,Hazardous Material,Solvent,100.25,0.00,112.05,200,1.28
04/05/25 11:30,M010,Recycled Material,Reprocessed Plastics,165.97,37.45,168.12,702,3.85
04/05/25 11:35,M009,Process Additive,Catalyst,153.54,0.00,101.59,660,0.05
04/05/25 11:40,M001,Raw Material,Steel,111.69,0.00,143.03,801,2.23
04/05/25 11:45,M004,Finished Material,Machine Component,87.78,0.00,84.09,734,0.46
04/05/25 11:50,M010,Finished Material,Circuit Board,192.57,0.00,156.57,825,4.79
04/05/25 11:55,M002,Hazardous Material,Lead-Based Alloy,106.39,0.00,171.66,763,2.83
04/05/25 12:00,M003,Raw Material,Aluminum,88,0.00,136.03,177,3.19
04/05/25 12:05,M005,Recycled Material,Reprocessed Plastics,88.6,39.04,113.27,163,1.91
04/05/25 12:10,M006,Raw Material,Polypropylene,193.34,0.00,111.76,551,0.35
04/05/25 12:15,M004,Hazardous Material,Solvent,76.77,0.00,139.05,247,2.70
04/05/25 12:20,M007,Intermediate Material,Textiles,146.5,0.00,189.51,832,1.29
04/05/25 12:25,M001,Raw Material,Steel,135.7,0.00,110.07,556,0.09
04/05/25 12:30,M008,Intermediate Material,Textiles,146.05,0.00,191.95,780,1.95
04/05/25 12:35,M003,Finished Material,Machine Component,185.69,0.00,148.96,627,3.54
04/05/25 12:40,M008,Recycled Material,Reprocessed Plastics,110.59,36.39,177.47,171,2.70
04/05/25 12:45,M001,Recycled Material,Reprocessed Plastics,68.18,26.77,198.99,441,3.41
04/05/25 12:50,M007,Raw Material,Steel,104.8,0.00,182.4,448,0.40
04/05/25 12:55,M008,Process Additive,Catalyst,80.47,0.00,146.54,493,3.30
04/05/25 13:00,M005,Finished Material,Machine Component,184.47,0.00,155.67,467,2.43
04/05/25 13:05,M008,Finished Material,Circuit Board,70.99,0.00,103.17,837,4.98
04/05/25 13:10,M004,Recycled Material,Reprocessed Plastics,59.45,27.03,116.93,646,4.82
04/05/25 13:15,M008,Raw Material,Steel,100.89,0.00,120.53,838,0.21
04/05/25 13:20,M002,Intermediate Material,Textiles,150.1,0.00,135,794,4.35
04/05/25 13:25,M009,Intermediate Material,Textiles,136.9,0.00,190.98,137,3.68
04/05/25 13:30,M008,Finished Material,Circuit Board,120.68,0.00,190.16,146,1.21
04/05/25 13:35,M003,Raw Material,Aluminum,144.9,0.00,188.56,940,3.97
04/05/25 13:40,M008,Hazardous Material,Lead-Based Alloy,175.3,0.00,87.67,937,0.53
04/05/25 13:45,M008,Hazardous Material,Lead-Based Alloy,59.47,0.00,104.32,445,4.06
04/05/25 13:50,M007,Process Additive,Industrial Oil,196.38,0.00,149.12,240,1.61
04/05/25 13:55,M004,Raw Material,Aluminum,100.33,0.00,94.49,244,3.79
04/05/25 14:00,M003,Finished Material,Machine Component,133.01,0.00,132.64,695,0.20
04/05/25 14:05,M002,Finished Material,Packaging,106.42,0.00,98.93,1000,2.43
04/05/25 14:10,M001,Raw Material,Aluminum,188.92,0.00,164.81,707,4.43
04/05/25 14:15,M007,Finished Material,Machine Component,153.85,0.00,104.74,755,1.35
04/05/25 14:20,M008,Recycled Material,Scrap Steel,190.71,30.53,84.51,284,3.59
04/05/25 14:25,M010,Raw Material,Polypropylene,102.18,0.00,80.55,341,0.96
04/05/25 14:30,M009,Raw Material,Polypropylene,179.41,0.00,198.41,619,1.10
04/05/25 14:35,M004,Process Additive,Industrial Oil,79.06,0.00,175.59,801,4.22
04/05/25 14:40,M008,Recycled Material,Scrap Steel,73.96,46.13,86.48,472,1.43
04/05/25 14:45,M007,Process Additive,Coolant,142.52,0.00,186.81,564,0.22
04/05/25 14:50,M001,Hazardous Material,Lead-Based Alloy,73.71,0.00,83.49,627,0.58
04/05/25 14:55,M004,Finished Material,Machine Component,138.91,0.00,119.12,303,3.74
04/05/25 15:00,M006,Intermediate Material,Sheet Metal,98.92,0.00,91.77,855,2.06
04/05/25 15:05,M004,Recycled Material,Scrap Steel,61.03,29.25,86.52,546,0.72
04/05/25 15:10,M010,Recycled Material,Scrap Steel,108.1,6.82,166.38,747,1.79
04/05/25 15:15,M005,Intermediate Material,Plastic Resin,69.08,0.00,163.07,161,1.40
04/05/25 15:20,M002,Recycled Material,Reprocessed Plastics,112.73,38.02,106.38,402,3.02
04/05/25 15:25,M010,Intermediate Material,Textiles,195.52,0.00,182.6,188,2.06
04/05/25 15:30,M009,Recycled Material,Scrap Steel,138.74,41.85,113.5,847,2.14
04/05/25 15:35,M004,Intermediate Material,Plastic Resin,115.14,0.00,106.69,705,4.73
04/05/25 15:40,M010,Raw Material,Cotton,197.03,0.00,84.81,581,3.67
04/05/25 15:45,M009,Raw Material,Cotton,129.67,0.00,137.51,917,3.48
04/05/25 15:50,M002,Recycled Material,Reprocessed Plastics,86.08,27.92,81.49,849,2.03
04/05/25 15:55,M004,Intermediate Material,Plastic Resin,94.37,0.00,157.72,192,0.08
04/05/25 16:00,M005,Intermediate Material,Textiles,118.89,0.00,148.45,697,0.12
04/05/25 16:05,M008,Recycled Material,Scrap Steel,181.13,20.27,174.78,479,3.13
04/05/25 16:10,M001,Finished Material,Circuit Board,107.73,0.00,162.89,643,0.16
04/05/25 16:15,M007,Process Additive,Catalyst,191.91,0.00,145.09,913,1.04
04/05/25 16:20,M002,Hazardous Material,Solvent,160.36,0.00,86.58,790,1.82
04/05/25 16:25,M001,Raw Material,Cotton,104.84,0.00,154.3,474,1.83
04/05/25 16:30,M009,Finished Material,Circuit Board,134.11,0.00,172.83,241,4.91
04/05/25 16:35,M004,Hazardous Material,Lead-Based Alloy,147.36,0.00,168.49,870,2.90
04/05/25 16:40,M004,Finished Material,Circuit Board,98.07,0.00,187.75,615,3.40
04/05/25 16:45,M005,Raw Material,Steel,105.92,0.00,134.29,613,2.63
04/05/25 16:50,M002,Recycled Material,Reprocessed Plastics,117.8,18.41,160.8,809,4.04
04/05/25 16:55,M002,Intermediate Material,Plastic Resin,63.1,0.00,126.88,283,1.44
04/05/25 17:00,M002,Raw Material,Aluminum,91.39,0.00,163.65,608,0.75
04/05/25 17:05,M004,Hazardous Material,Lead-Based Alloy,93.98,0.00,196.35,654,4.66
04/05/25 17:10,M008,Process Additive,Coolant,116.58,0.00,157.36,398,0.95
04/05/25 17:15,M001,Intermediate Material,Textiles,146.7,0.00,129.4,451,3.28
04/05/25 17:20,M006,Recycled Material,Reprocessed Plastics,118.7,28.36,187.79,413,0.86
04/05/25 17:25,M005,Intermediate Material,Plastic Resin,105.79,0.00,114.58,965,0.24
04/05/25 17:30,M006,Process Additive,Coolant,193.43,0.00,154.24,264,3.56
04/05/25 17:35,M005,Intermediate Material,Sheet Metal,175.9,0.00,163.14,782,3.97
04/05/25 17:40,M003,Intermediate Material,Sheet Metal,56.17,0.00,118,229,2.20
04/05/25 17:45,M006,Intermediate Material,Sheet Metal,134.37,0.00,84.16,424,4.89
04/05/25 17:50,M003,Process Additive,Coolant,130.98,0.00,99.51,408,0.61
04/05/25 17:55,M001,Recycled Material,Reprocessed Plastics,165.28,47.39,191.34,259,0.02
04/05/25 18:00,M009,Hazardous Material,Solvent,147.09,0.00,115.47,396,4.85
04/05/25 18:05,M010,Finished Material,Circuit Board,169.94,0.00,167.43,552,1.69
04/05/25 18:10,M002,Finished Material,Machine Component,185.03,0.00,96.73,664,0.58
04/05/25 18:15,M001,Recycled Material,Scrap Steel,116.9,4.62,86.6,756,0.98
04/05/25 18:20,M009,Intermediate Material,Plastic Resin,79.36,0.00,90.03,969,2.23
04/05/25 18:25,M002,Hazardous Material,Solvent,79.17,0.00,118.13,719,2.56
04/05/25 18:30,M001,Finished Material,Machine Component,109.63,0.00,165.92,537,1.85
04/05/25 18:35,M006,Raw Material,Polypropylene,101.74,0.00,116.97,556,4.37
04/05/25 18:40,M002,Intermediate Material,Textiles,183.17,0.00,168.98,525,4.02
04/05/25 18:45,M005,Intermediate Material,Textiles,195.55,0.00,130.86,524,0.70
04/05/25 18:50,M010,Hazardous Material,Lead-Based Alloy,71.55,0.00,116.39,988,2.63
04/05/25 18:55,M006,Raw Material,Cotton,63.27,0.00,129.14,379,2.07
04/05/25 19:00,M009,Recycled Material,Scrap Steel,79.89,41.61,114.74,602,0.21
04/05/25 19:05,M005,Hazardous Material,Solvent,124.12,0.00,168.78,329,0.13
04/05/25 19:10,M001,Intermediate Material,Plastic Resin,95.03,0.00,156.87,751,2.36
04/05/25 19:15,M005,Recycled Material,Scrap Steel,123.78,34.39,109.37,222,3.82
04/05/25 19:20,M008,Raw Material,Polypropylene,137.16,0.00,147.87,989,1.29
04/05/25 19:25,M008,Finished Material,Circuit Board,105.98,0.00,167.95,117,4.23
04/05/25 19:30,M003,Hazardous Material,Lead-Based Alloy,71.92,0.00,135.33,809,0.68
04/05/25 19:35,M003,Raw Material,Polypropylene,104.17,0.00,156.35,464,0.24
04/05/25 19:40,M005,Hazardous Material,Lead-Based Alloy,127.08,0.00,171.97,287,3.82
04/05/25 19:45,M010,Intermediate Material,Textiles,98.39,0.00,117.95,965,3.42
04/05/25 19:50,M005,Process Additive,Catalyst,154.7,0.00,123.5,647,2.90
04/05/25 19:55,M003,Raw Material,Aluminum,127.73,0.00,124.76,596,2.06
04/05/25 20:00,M003,Raw Material,Aluminum,73.18,0.00,106.53,292,3.98
04/05/25 20:05,M009,Hazardous Material,Lead-Based Alloy,112.6,0.00,189.92,219,4.09
04/05/25 20:10,M001,Recycled Material,Reprocessed Plastics,96.74,18.13,178.04,711,2.62
04/05/25 20:15,M006,Intermediate Material,Textiles,95.7,0.00,169.34,221,1.11
04/05/25 20:20,M003,Finished Material,Circuit Board,96.11,0.00,105.18,180,2.12
04/05/25 20:25,M002,Raw Material,Steel,166.2,0.00,170.88,143,0.98
04/05/25 20:30,M001,Finished Material,Packaging,138.98,0.00,136.29,359,0.22
04/05/25 20:35,M005,Finished Material,Circuit Board,163.18,0.00,173.88,716,1.03
04/05/25 20:40,M004,Intermediate Material,Textiles,102.73,0.00,90.89,966,3.73
04/05/25 20:45,M005,Hazardous Material,Solvent,102.83,0.00,182.62,899,3.64
04/05/25 20:50,M004,Hazardous Material,Lead-Based Alloy,64.87,0.00,149.38,114,2.64
04/05/25 20:55,M004,Process Additive,Industrial Oil,185.25,0.00,144.46,842,0.49
04/05/25 21:00,M004,Hazardous Material,Solvent,104.97,0.00,150.73,550,3.37
04/05/25 21:05,M002,Intermediate Material,Plastic Resin,197.2,0.00,130.89,626,1.14
04/05/25 21:10,M002,Process Additive,Industrial Oil,119.89,0.00,142.37,607,3.81
04/05/25 21:15,M005,Hazardous Material,Lead-Based Alloy,62.34,0.00,139.25,494,1.42
04/05/25 21:20,M010,Finished Material,Machine Component,153.06,0.00,180.93,331,2.77
04/05/25 21:25,M005,Recycled Material,Scrap Steel,178.52,44.74,176.29,795,1.84
04/05/25 21:30,M001,Finished Material,Machine Component,150.81,0.00,127.56,635,3.29
04/05/25 21:35,M002,Raw Material,Aluminum,109.22,0.00,163.4,204,3.71
04/05/25 21:40,M003,Raw Material,Polypropylene,196.28,0.00,120.64,709,4.22
04/05/25 21:45,M007,Raw Material,Aluminum,175.72,0.00,167.02,385,3.82
04/05/25 21:50,M010,Hazardous Material,Solvent,163.45,0.00,176.12,509,1.78
04/05/25 21:55,M010,Recycled Material,Reprocessed Plastics,126.71,7.37,134.56,225,1.25
04/05/25 22:00,M008,Intermediate Material,Textiles,191.36,0.00,83.57,855,0.26
04/05/25 22:05,M002,Recycled Material,Scrap Steel,195.81,19.13,161.5,256,1.51
04/05/25 22:10,M010,Raw Material,Steel,149.16,0.00,142.39,604,3.96
04/05/25 22:15,M004,Process Additive,Catalyst,124.68,0.00,140.58,655,1.72
04/05/25 22:20,M009,Hazardous Material,Lead-Based Alloy,192.89,0.00,83.79,540,4.40
04/05/25 22:25,M002,Recycled Material,Reprocessed Plastics,97.18,18.82,135.16,133,0.88
04/05/25 22:30,M005,Finished Material,Circuit Board,123.72,0.00,96.14,832,1.95
04/05/25 22:35,M002,Hazardous Material,Solvent,149.01,0.00,162.24,685,2.35
04/05/25 22:40,M009,Intermediate Material,Textiles,58.36,0.00,111.61,705,4.85
04/05/25 22:45,M010,Finished Material,Machine Component,164.97,0.00,114.13,162,0.14
04/05/25 22:50,M001,Intermediate Material,Plastic Resin,102.33,0.00,169.05,127,3.83
04/05/25 22:55,M006,Recycled Material,Scrap Steel,114.22,49.60,129.43,157,3.31
04/05/25 23:00,M004,Intermediate Material,Textiles,96.81,0.00,90.19,804,0.33
04/05/25 23:05,M005,Raw Material,Polypropylene,75.47,0.00,144.61,138,2.30
04/05/25 23:10,M007,Hazardous Material,Solvent,89.99,0.00,163.52,702,0.11
04/05/25 23:15,M006,Recycled Material,Reprocessed Plastics,98.36,4.89,138.6,807,3.38
04/05/25 23:20,M006,Recycled Material,Reprocessed Plastics,74.99,14.98,196.33,306,2.48
04/05/25 23:25,M002,Hazardous Material,Lead-Based Alloy,93.1,0.00,85.7,687,2.01
04/05/25 23:30,M004,Hazardous Material,Lead-Based Alloy,157.66,0.00,149.38,706,1.68
04/05/25 23:35,M002,Hazardous Material,Solvent,114.07,0.00,121.68,178,3.26
04/05/25 23:40,M005,Hazardous Material,Solvent,114.94,0.00,144.79,304,2.07
04/05/25 23:45,M005,Hazardous Material,Solvent,150.73,0.00,145.71,119,3.14
04/05/25 23:50,M009,Intermediate Material,Textiles,124.88,0.00,159.3,943,3.71
04/05/25 23:55,M008,Process Additive,Catalyst,129.91,0.00,153.73,887,4.53
05/05/25 0:00,M010,Finished Material,Packaging,58.98,0.00,104.08,573,0.74
05/05/25 0:05,M003,Finished Material,Packaging,164.83,0.00,181.29,520,1.59
05/05/25 0:10,M002,Finished Material,Circuit Board,176.9,0.00,112.03,393,3.23
05/05/25 0:15,M005,Finished Material,Packaging,85.42,0.00,108.62,253,0.96
05/05/25 0:20,M004,Process Additive,Coolant,122.81,0.00,198.96,532,3.23
05/05/25 0:25,M001,Intermediate Material,Sheet Metal,90.91,0.00,83.5,908,4.02
05/05/25 0:30,M009,Intermediate Material,Textiles,177.88,0.00,195.65,597,3.91
05/05/25 0:35,M001,Raw Material,Polypropylene,140.24,0.00,184.06,516,4.48
05/05/25 0:40,M002,Recycled Material,Scrap Steel,85.41,28.55,140.03,223,2.61
05/05/25 0:45,M010,Hazardous Material,Solvent,124.47,0.00,90.83,714,0.61
05/05/25 0:50,M006,Process Additive,Catalyst,160.59,0.00,176.7,861,1.18
05/05/25 0:55,M007,Intermediate Material,Sheet Metal,66.02,0.00,105.69,381,2.20
05/05/25 1:00,M005,Hazardous Material,Lead-Based Alloy,123.55,0.00,124.96,215,1.58
05/05/25 1:05,M007,Recycled Material,Scrap Steel,194.5,43.97,192.44,471,2.38
05/05/25 1:10,M006,Process Additive,Industrial Oil,146.81,0.00,188.63,135,4.21
05/05/25 1:15,M001,Finished Material,Packaging,85.95,0.00,146.33,416,3.19
05/05/25 1:20,M006,Finished Material,Circuit Board,130.24,0.00,108.37,553,1.94
05/05/25 1:25,M007,Process Additive,Coolant,63.54,0.00,178.72,341,1.49
05/05/25 1:30,M003,Recycled Material,Reprocessed Plastics,181.92,38.34,128.75,134,1.37
05/05/25 1:35,M002,Recycled Material,Reprocessed Plastics,160.54,46.32,119.93,532,4.38
05/05/25 1:40,M002,Intermediate Material,Textiles,89.15,0.00,87.96,530,3.01
05/05/25 1:45,M009,Finished Material,Machine Component,117.99,0.00,83.28,153,3.21
05/05/25 1:50,M003,Finished Material,Machine Component,168.65,0.00,96.33,510,1.00
05/05/25 1:55,M005,Process Additive,Catalyst,62.33,0.00,98.94,628,3.57
05/05/25 2:00,M003,Hazardous Material,Solvent,168.9,0.00,118.33,589,4.37
05/05/25 2:05,M003,Process Additive,Industrial Oil,153.12,0.00,179.21,918,1.41
05/05/25 2:10,M002,Recycled Material,Reprocessed Plastics,77.28,43.82,193.37,684,1.12
05/05/25 2:15,M001,Hazardous Material,Lead-Based Alloy,186.03,0.00,196.9,303,1.31
05/05/25 2:20,M003,Raw Material,Cotton,142.7,0.00,152.05,252,0.45
05/05/25 2:25,M006,Intermediate Material,Textiles,67.6,0.00,166.23,545,3.87
05/05/25 2:30,M008,Finished Material,Machine Component,67.78,0.00,165.63,295,4.73
05/05/25 2:35,M005,Process Additive,Catalyst,124.13,0.00,95.62,976,1.03
05/05/25 2:40,M004,Process Additive,Catalyst,151.58,0.00,130.2,518,3.96
05/05/25 2:45,M001,Process Additive,Coolant,85.32,0.00,134.12,354,1.85
05/05/25 2:50,M008,Raw Material,Steel,120.33,0.00,184.57,809,1.99
05/05/25 2:55,M004,Finished Material,Machine Component,156.27,0.00,168.33,362,0.37
05/05/25 3:00,M009,Raw Material,Steel,99.93,0.00,108.18,462,4.98
05/05/25 3:05,M010,Finished Material,Packaging,171.48,0.00,80.64,616,3.10
05/05/25 3:10,M005,Recycled Material,Reprocessed Plastics,69.84,44.61,84.93,283,1.30
05/05/25 3:15,M009,Recycled Material,Reprocessed Plastics,181.68,6.60,118.08,643,2.16
05/05/25 3:20,M005,Raw Material,Polypropylene,56.62,0.00,95.34,992,4.87
05/05/25 3:25,M005,Finished Material,Machine Component,188.94,0.00,113.95,997,1.32
05/05/25 3:30,M005,Hazardous Material,Solvent,115.37,0.00,99.8,854,4.97
05/05/25 3:35,M003,Hazardous Material,Solvent,57.98,0.00,97.83,335,0.92
05/05/25 3:40,M008,Process Additive,Industrial Oil,155.89,0.00,132.37,606,0.20
05/05/25 3:45,M006,Finished Material,Packaging,122.78,0.00,139.16,966,3.60
05/05/25 3:50,M003,Raw Material,Polypropylene,64.04,0.00,184.18,284,4.17
05/05/25 3:55,M009,Process Additive,Catalyst,183.63,0.00,150.28,697,4.99
05/05/25 4:00,M001,Hazardous Material,Lead-Based Alloy,112.46,0.00,89.22,886,2.49
05/05/25 4:05,M002,Process Additive,Industrial Oil,92.64,0.00,197.76,224,1.97
05/05/25 4:10,M010,Raw Material,Polypropylene,73.07,0.00,89.73,950,3.54
05/05/25 4:15,M008,Recycled Material,Reprocessed Plastics,139.13,0.29,196.37,771,3.11
05/05/25 4:20,M008,Process Additive,Catalyst,199.97,0.00,188.83,916,2.85
05/05/25 4:25,M004,Raw Material,Polypropylene,98.48,0.00,86.66,172,2.74
05/05/25 4:30,M010,Recycled Material,Scrap Steel,109.83,8.90,195.81,986,1.99
05/05/25 4:35,M001,Intermediate Material,Sheet Metal,108.28,0.00,128.29,762,3.76
05/05/25 4:40,M003,Raw Material,Polypropylene,123.63,0.00,131.88,925,4.61
05/05/25 4:45,M010,Intermediate Material,Plastic Resin,149.83,0.00,179.85,624,1.00
05/05/25 4:50,M008,Recycled Material,Reprocessed Plastics,90.27,30.02,90.83,532,4.05
05/05/25 4:55,M010,Intermediate Material,Plastic Resin,144.6,0.00,91.15,625,1.71
05/05/25 5:00,M008,Finished Material,Circuit Board,147.14,0.00,165.64,607,2.64
05/05/25 5:05,M009,Raw Material,Polypropylene,120.23,0.00,89.5,920,2.39
05/05/25 5:10,M003,Intermediate Material,Textiles,185.44,0.00,180.98,635,2.14
05/05/25 5:15,M010,Raw Material,Steel,187.6,0.00,141.61,622,2.12
05/05/25 5:20,M002,Recycled Material,Reprocessed Plastics,103.32,29.28,172.24,116,0.57
05/05/25 5:25,M008,Intermediate Material,Sheet Metal,176.44,0.00,85.43,526,4.38
05/05/25 5:30,M005,Process Additive,Catalyst,158.61,0.00,170.88,560,3.12
05/05/25 5:35,M005,Process Additive,Industrial Oil,81.66,0.00,89.39,718,1.30
05/05/25 5:40,M002,Recycled Material,Scrap Steel,50.88,5.83,100.61,588,2.30
05/05/25 5:45,M007,Finished Material,Packaging,140.28,0.00,138.41,733,4.07
05/05/25 5:50,M010,Process Additive,Catalyst,151.07,0.00,162.84,504,4.02
05/05/25 5:55,M002,Intermediate Material,Sheet Metal,52.08,0.00,93.43,116,3.48
05/05/25 6:00,M004,Raw Material,Aluminum,122.17,0.00,97.42,347,2.18
05/05/25 6:05,M009,Intermediate Material,Sheet Metal,95.14,0.00,135.61,585,2.11
05/05/25 6:10,M002,Intermediate Material,Sheet Metal,160.82,0.00,133.43,596,2.36
05/05/25 6:15,M008,Hazardous Material,Lead-Based Alloy,80.2,0.00,148.33,953,1.96
05/05/25 6:20,M006,Raw Material,Steel,144.56,0.00,165.57,525,4.24
05/05/25 6:25,M010,Hazardous Material,Solvent,55.55,0.00,127.96,625,2.96
05/05/25 6:30,M010,Finished Material,Machine Component,84.79,0.00,87.28,119,2.11
05/05/25 6:35,M006,Hazardous Material,Lead-Based Alloy,90.18,0.00,157.8,584,0.58
05/05/25 6:40,M010,Finished Material,Machine Component,117.25,0.00,132.35,265,1.44
05/05/25 6:45,M004,Recycled Material,Reprocessed Plastics,115.72,25.38,150.52,801,1.70
05/05/25 6:50,M010,Finished Material,Packaging,120.27,0.00,185.98,840,3.56
05/05/25 6:55,M007,Finished Material,Packaging,160.19,0.00,175.52,918,4.85
05/05/25 7:00,M003,Hazardous Material,Lead-Based Alloy,92.37,0.00,169.91,783,2.41
05/05/25 7:05,M003,Intermediate Material,Sheet Metal,140.86,0.00,92.11,525,4.72
05/05/25 7:10,M008,Process Additive,Industrial Oil,81.41,0.00,85.65,118,1.79
05/05/25 7:15,M005,Process Additive,Catalyst,73.79,0.00,179.35,615,0.16
05/05/25 7:20,M002,Process Additive,Coolant,67.1,0.00,107.2,675,1.12
05/05/25 7:25,M005,Process Additive,Coolant,165.41,0.00,172.41,670,1.34
05/05/25 7:30,M003,Finished Material,Packaging,140.64,0.00,92.5,151,4.63
05/05/25 7:35,M008,Recycled Material,Scrap Steel,196.2,39.08,153.16,978,4.74
05/05/25 7:40,M009,Raw Material,Steel,75.06,0.00,94.17,310,4.55
05/05/25 7:45,M003,Finished Material,Machine Component,156.22,0.00,171.44,610,3.66
05/05/25 7:50,M002,Intermediate Material,Textiles,104.56,0.00,178.3,225,4.24
05/05/25 7:55,M008,Recycled Material,Scrap Steel,86.8,40.46,120.96,617,0.86
05/05/25 8:00,M005,Process Additive,Catalyst,163.23,0.00,123.28,780,1.23
05/05/25 8:05,M009,Recycled Material,Scrap Steel,70.7,21.44,190.16,569,4.76
05/05/25 8:10,M009,Finished Material,Machine Component,191.56,0.00,133.11,888,0.05
05/05/25 8:15,M009,Raw Material,Steel,100.75,0.00,128.2,890,0.82
05/05/25 8:20,M001,Recycled Material,Scrap Steel,149.03,32.07,188.3,159,4.89
05/05/25 8:25,M009,Process Additive,Coolant,110.3,0.00,161.7,666,4.37
05/05/25 8:30,M006,Process Additive,Industrial Oil,174.05,0.00,188.03,725,4.60
05/05/25 8:35,M007,Recycled Material,Scrap Steel,183.14,31.22,154.18,552,3.49
05/05/25 8:40,M007,Intermediate Material,Plastic Resin,62.64,0.00,144.49,499,3.63
05/05/25 8:45,M003,Hazardous Material,Solvent,82.06,0.00,141.4,419,2.61
05/05/25 8:50,M003,Raw Material,Steel,183.55,0.00,144.79,364,1.21
05/05/25 8:55,M005,Finished Material,Machine Component,198.04,0.00,93.25,161,4.21
05/05/25 9:00,M005,Finished Material,Packaging,103.17,0.00,85.73,766,4.71
05/05/25 9:05,M008,Process Additive,Catalyst,160.53,0.00,134.38,341,4.03
05/05/25 9:10,M010,Hazardous Material,Lead-Based Alloy,102.55,0.00,114.14,903,4.08
05/05/25 9:15,M010,Finished Material,Circuit Board,157.15,0.00,142.36,353,0.53
05/05/25 9:20,M009,Hazardous Material,Lead-Based Alloy,173.43,0.00,123.35,200,0.73
05/05/25 9:25,M007,Recycled Material,Scrap Steel,63.84,21.24,95.61,319,2.23
05/05/25 9:30,M006,Finished Material,Packaging,110.41,0.00,147.08,897,1.97
05/05/25 9:35,M005,Hazardous Material,Solvent,145.47,0.00,199.58,805,4.66
05/05/25 9:40,M008,Finished Material,Machine Component,173.57,0.00,97.32,230,2.42
05/05/25 9:45,M008,Intermediate Material,Textiles,126.98,0.00,143.5,811,1.06
05/05/25 9:50,M008,Raw Material,Aluminum,191.61,0.00,124.32,221,3.01
05/05/25 9:55,M007,Raw Material,Steel,105.44,0.00,114.75,635,0.77
05/05/25 10:00,M006,Process Additive,Coolant,95.49,0.00,138.31,910,0.71
05/05/25 10:05,M010,Recycled Material,Scrap Steel,190.52,15.26,114.02,287,4.10
05/05/25 10:10,M008,Raw Material,Steel,132.13,0.00,88.11,145,2.09
05/05/25 10:15,M010,Process Additive,Catalyst,117.86,0.00,120.54,486,2.38
05/05/25 10:20,M010,Intermediate Material,Sheet Metal,125.71,0.00,135.31,560,3.34
05/05/25 10:25,M003,Finished Material,Machine Component,63.4,0.00,154.97,738,2.05
05/05/25 10:30,M004,Recycled Material,Reprocessed Plastics,131.15,47.90,186.81,853,1.39
05/05/25 10:35,M002,Intermediate Material,Textiles,53.72,0.00,155.61,890,3.54
05/05/25 10:40,M009,Finished Material,Circuit Board,146.59,0.00,90.22,733,2.71
05/05/25 10:45,M001,Hazardous Material,Lead-Based Alloy,162.58,0.00,140.32,119,0.60
05/05/25 10:50,M009,Intermediate Material,Sheet Metal,91.24,0.00,104.7,949,3.53
05/05/25 10:55,M010,Recycled Material,Scrap Steel,171.04,30.34,128.22,146,2.46
05/05/25 11:00,M001,Process Additive,Coolant,77.08,0.00,82.89,640,1.59
05/05/25 11:05,M005,Raw Material,Steel,196.97,0.00,145.01,392,0.72
05/05/25 11:10,M005,Raw Material,Aluminum,96.02,0.00,128.87,273,0.29
05/05/25 11:15,M006,Intermediate Material,Sheet Metal,157,0.00,115.76,201,1.60
05/05/25 11:20,M007,Process Additive,Coolant,106.33,0.00,179.33,223,0.26
05/05/25 11:25,M004,Hazardous Material,Lead-Based Alloy,123.95,0.00,170.29,494,4.75
05/05/25 11:30,M005,Raw Material,Polypropylene,119.72,0.00,128.85,595,0.14
05/05/25 11:35,M004,Raw Material,Polypropylene,133.11,0.00,150.34,203,1.23
05/05/25 11:40,M009,Finished Material,Circuit Board,95.69,0.00,128.81,185,4.23
05/05/25 11:45,M009,Intermediate Material,Sheet Metal,106,0.00,198.24,900,1.23
05/05/25 11:50,M007,Hazardous Material,Solvent,56.27,0.00,177.52,949,3.10
05/05/25 11:55,M003,Raw Material,Steel,190.03,0.00,137.86,712,1.25
05/05/25 12:00,M007,Process Additive,Catalyst,81.91,0.00,180.88,388,0.23
05/05/25 12:05,M009,Hazardous Material,Lead-Based Alloy,95.1,0.00,127.44,225,4.15
05/05/25 12:10,M009,Process Additive,Coolant,81.63,0.00,140.58,921,1.59
05/05/25 12:15,M006,Finished Material,Machine Component,196.95,0.00,164.93,379,1.23
05/05/25 12:20,M006,Process Additive,Industrial Oil,118.97,0.00,151.94,116,4.57
05/05/25 12:25,M003,Finished Material,Circuit Board,141.32,0.00,80.51,109,3.36
05/05/25 12:30,M007,Hazardous Material,Solvent,164.37,0.00,144.58,906,4.38
05/05/25 12:35,M002,Hazardous Material,Lead-Based Alloy,183.89,0.00,177.93,555,3.36
05/05/25 12:40,M006,Recycled Material,Reprocessed Plastics,108.01,41.96,177.42,108,0.62
05/05/25 12:45,M006,Intermediate Material,Plastic Resin,51.4,0.00,169.18,876,1.41
05/05/25 12:50,M006,Intermediate Material,Sheet Metal,172.44,0.00,155.03,927,3.59
05/05/25 12:55,M004,Recycled Material,Reprocessed Plastics,55.52,24.64,164.49,720,1.05
05/05/25 13:00,M004,Finished Material,Machine Component,66.64,0.00,113.28,612,2.47
05/05/25 13:05,M009,Intermediate Material,Textiles,160.82,0.00,160.66,717,2.83
05/05/25 13:10,M002,Hazardous Material,Lead-Based Alloy,161.9,0.00,95.29,683,4.28
05/05/25 13:15,M009,Finished Material,Machine Component,78.78,0.00,161.36,809,3.39
05/05/25 13:20,M010,Process Additive,Catalyst,134.02,0.00,134.47,537,3.20
05/05/25 13:25,M001,Process Additive,Coolant,176.65,0.00,128.83,224,3.40
05/05/25 13:30,M008,Recycled Material,Reprocessed Plastics,127.59,2.17,166.55,148,1.39
05/05/25 13:35,M007,Hazardous Material,Solvent,97.44,0.00,127.02,442,0.41
05/05/25 13:40,M010,Raw Material,Aluminum,196.71,0.00,130.86,176,4.58
05/05/25 13:45,M004,Intermediate Material,Plastic Resin,96.62,0.00,155.12,199,0.14
05/05/25 13:50,M007,Raw Material,Polypropylene,176.08,0.00,109.66,584,1.19
05/05/25 13:55,M006,Raw Material,Polypropylene,127.95,0.00,108.41,174,3.88
05/05/25 14:00,M010,Recycled Material,Scrap Steel,143.8,28.95,90.26,162,4.58
05/05/25 14:05,M007,Process Additive,Catalyst,59.75,0.00,95.3,921,2.21
05/05/25 14:10,M005,Hazardous Material,Solvent,59.87,0.00,161.31,672,0.26
05/05/25 14:15,M007,Recycled Material,Scrap Steel,142.6,20.56,183.75,906,3.30
05/05/25 14:20,M001,Recycled Material,Reprocessed Plastics,119.63,21.41,154.43,203,1.70
05/05/25 14:25,M001,Recycled Material,Reprocessed Plastics,138.17,5.40,81.47,830,0.34
05/05/25 14:30,M004,Hazardous Material,Lead-Based Alloy,145.6,0.00,110.75,531,2.41
05/05/25 14:35,M010,Recycled Material,Scrap Steel,86.47,39.85,87.26,419,2.92
05/05/25 14:40,M009,Finished Material,Machine Component,96.68,0.00,186.23,894,0.73
05/05/25 14:45,M008,Process Additive,Catalyst,101.44,0.00,124.26,108,2.59
05/05/25 14:50,M003,Raw Material,Aluminum,126.07,0.00,180.22,979,0.27
05/05/25 14:55,M006,Intermediate Material,Sheet Metal,146.08,0.00,104.15,170,1.71
05/05/25 15:00,M008,Finished Material,Packaging,197.29,0.00,151.97,439,4.26
05/05/25 15:05,M010,Process Additive,Catalyst,94.94,0.00,119.43,207,2.27
05/05/25 15:10,M001,Recycled Material,Scrap Steel,187.99,31.94,163.19,577,3.12
05/05/25 15:15,M004,Recycled Material,Reprocessed Plastics,171.09,18.80,128.04,945,4.95
05/05/25 15:20,M006,Raw Material,Steel,103.68,0.00,146.56,245,1.45
05/05/25 15:25,M004,Finished Material,Packaging,186.91,0.00,123.19,130,1.00
05/05/25 15:30,M005,Intermediate Material,Sheet Metal,182.81,0.00,166.26,447,4.24
05/05/25 15:35,M004,Intermediate Material,Sheet Metal,53.22,0.00,181.15,203,0.10
05/05/25 15:40,M003,Recycled Material,Scrap Steel,100.76,10.51,134.74,478,4.05
05/05/25 15:45,M003,Hazardous Material,Solvent,181.76,0.00,87.85,247,4.41
05/05/25 15:50,M003,Intermediate Material,Sheet Metal,129.88,0.00,163.32,425,3.00
05/05/25 15:55,M004,Raw Material,Aluminum,178.17,0.00,115.3,252,1.64
05/05/25 16:00,M001,Finished Material,Machine Component,180.93,0.00,182.18,698,4.43
05/05/25 16:05,M004,Finished Material,Circuit Board,167.7,0.00,174.92,729,0.32
05/05/25 16:10,M009,Recycled Material,Reprocessed Plastics,124.79,23.21,118.62,482,2.63
05/05/25 16:15,M008,Finished Material,Machine Component,121.06,0.00,149.74,753,4.61
05/05/25 16:20,M010,Finished Material,Circuit Board,81.08,0.00,187.39,562,4.32
05/05/25 16:25,M007,Intermediate Material,Plastic Resin,113.75,0.00,125.25,260,4.68
05/05/25 16:30,M006,Process Additive,Catalyst,62.71,0.00,170.19,402,2.22
05/05/25 16:35,M006,Intermediate Material,Textiles,56.17,0.00,141.47,444,2.13
05/05/25 16:40,M008,Recycled Material,Reprocessed Plastics,105.13,24.88,112.76,125,0.90
05/05/25 16:45,M004,Process Additive,Catalyst,61.38,0.00,188.18,401,4.21
05/05/25 16:50,M009,Hazardous Material,Lead-Based Alloy,167.88,0.00,191.19,200,0.59
05/05/25 16:55,M006,Raw Material,Aluminum,100.06,0.00,161.01,356,1.51
05/05/25 17:00,M005,Intermediate Material,Textiles,140.61,0.00,96.54,975,3.76
05/05/25 17:05,M009,Process Additive,Industrial Oil,165.51,0.00,113.82,454,3.92
05/05/25 17:10,M007,Recycled Material,Scrap Steel,120.8,25.63,171.34,252,4.33
05/05/25 17:15,M004,Intermediate Material,Textiles,162.37,0.00,136.93,628,2.94
05/05/25 17:20,M009,Recycled Material,Reprocessed Plastics,101.1,4.29,181.5,539,3.85
05/05/25 17:25,M007,Intermediate Material,Plastic Resin,117.5,0.00,147.01,483,0.69
05/05/25 17:30,M003,Process Additive,Catalyst,51.45,0.00,177.25,954,1.77
05/05/25 17:35,M004,Recycled Material,Reprocessed Plastics,152.86,20.17,173.44,650,1.50
05/05/25 17:40,M010,Raw Material,Steel,188.32,0.00,98.44,438,2.84
05/05/25 17:45,M010,Hazardous Material,Solvent,197.03,0.00,104.5,500,0.32
05/05/25 17:50,M007,Intermediate Material,Plastic Resin,66.3,0.00,148.34,562,3.20
05/05/25 17:55,M005,Raw Material,Aluminum,65.65,0.00,146.35,132,4.13
05/05/25 18:00,M010,Recycled Material,Scrap Steel,78,3.47,195.56,390,1.03
05/05/25 18:05,M005,Finished Material,Packaging,60.5,0.00,86.89,630,0.06
05/05/25 18:10,M006,Recycled Material,Reprocessed Plastics,73.56,5.54,144.37,589,3.72
05/05/25 18:15,M007,Intermediate Material,Sheet Metal,180.57,0.00,117.17,937,3.55
05/05/25 18:20,M008,Intermediate Material,Textiles,136.26,0.00,117.24,307,2.51
05/05/25 18:25,M008,Process Additive,Industrial Oil,51.12,0.00,97.12,165,4.12
05/05/25 18:30,M010,Intermediate Material,Textiles,99.33,0.00,148.31,602,2.30
05/05/25 18:35,M010,Raw Material,Steel,93.19,0.00,185.72,567,1.73
05/05/25 18:40,M005,Recycled Material,Scrap Steel,112.26,8.98,154.13,542,2.29
05/05/25 18:45,M003,Finished Material,Packaging,64.33,0.00,163.84,144,1.20
05/05/25 18:50,M003,Process Additive,Catalyst,130.66,0.00,160,168,3.49
05/05/25 18:55,M004,Recycled Material,Reprocessed Plastics,198.86,27.64,199.44,178,3.78
05/05/25 19:00,M009,Process Additive,Coolant,117.64,0.00,110.33,618,0.22
05/05/25 19:05,M001,Raw Material,Cotton,107.17,0.00,169.51,976,0.97
05/05/25 19:10,M001,Raw Material,Polypropylene,67.2,0.00,190.06,434,3.35
05/05/25 19:15,M008,Recycled Material,Reprocessed Plastics,60.24,27.42,109.08,548,0.70
05/05/25 19:20,M005,Intermediate Material,Sheet Metal,175.77,0.00,152.84,281,1.47
05/05/25 19:25,M009,Finished Material,Machine Component,75.27,0.00,160.57,111,3.39
05/05/25 19:30,M003,Recycled Material,Reprocessed Plastics,76.69,35.72,187.12,645,1.08
05/05/25 19:35,M001,Finished Material,Packaging,146.15,0.00,165.97,205,1.95
05/05/25 19:40,M005,Recycled Material,Scrap Steel,139.73,2.43,125.29,306,4.64
05/05/25 19:45,M006,Intermediate Material,Sheet Metal,63.71,0.00,130.6,114,1.69
05/05/25 19:50,M004,Finished Material,Packaging,59.48,0.00,195.05,198,3.98
05/05/25 19:55,M003,Finished Material,Circuit Board,56.6,0.00,141.5,935,1.64
05/05/25 20:00,M009,Finished Material,Circuit Board,143.7,0.00,192.12,504,4.69
05/05/25 20:05,M002,Intermediate Material,Sheet Metal,65.88,0.00,118.8,115,2.01
05/05/25 20:10,M006,Raw Material,Cotton,81.92,0.00,106.41,773,4.08
05/05/25 20:15,M010,Process Additive,Industrial Oil,60.1,0.00,106.23,408,3.84
05/05/25 20:20,M008,Raw Material,Aluminum,87.79,0.00,91.37,432,4.91
05/05/25 20:25,M007,Finished Material,Packaging,69.94,0.00,101.04,879,4.42
05/05/25 20:30,M006,Finished Material,Machine Component,60.13,0.00,82.12,699,2.24
05/05/25 20:35,M009,Finished Material,Packaging,84.86,0.00,150.5,113,1.16
05/05/25 20:40,M010,Raw Material,Polypropylene,85.46,0.00,131.42,349,3.10
05/05/25 20:45,M001,Intermediate Material,Plastic Resin,124.81,0.00,104.24,484,1.02
05/05/25 20:50,M001,Intermediate Material,Textiles,139.71,0.00,193.51,856,4.39
05/05/25 20:55,M003,Process Additive,Coolant,146.54,0.00,171.26,633,3.96
05/05/25 21:00,M007,Finished Material,Machine Component,162.58,0.00,107.48,850,1.66
05/05/25 21:05,M004,Intermediate Material,Textiles,58.11,0.00,190.12,354,4.01
05/05/25 21:10,M004,Hazardous Material,Solvent,128.22,0.00,102.03,744,0.03
05/05/25 21:15,M008,Raw Material,Aluminum,57.82,0.00,199.04,309,0.63
05/05/25 21:20,M003,Hazardous Material,Lead-Based Alloy,85.45,0.00,89.38,842,2.34
05/05/25 21:25,M003,Finished Material,Circuit Board,86.74,0.00,101.17,354,1.52
05/05/25 21:30,M010,Recycled Material,Scrap Steel,90.78,39.06,89.6,468,1.99
05/05/25 21:35,M003,Recycled Material,Reprocessed Plastics,113.4,30.47,132.01,259,4.10
05/05/25 21:40,M008,Raw Material,Cotton,114.11,0.00,89.99,407,2.98
05/05/25 21:45,M003,Hazardous Material,Lead-Based Alloy,88.59,0.00,135.64,564,1.42
05/05/25 21:50,M009,Hazardous Material,Solvent,60.79,0.00,96.4,580,0.98
05/05/25 21:55,M004,Raw Material,Steel,179.25,0.00,167.64,483,2.46
05/05/25 22:00,M007,Recycled Material,Reprocessed Plastics,107.61,15.39,198.5,172,2.04
05/05/25 22:05,M001,Raw Material,Cotton,189.82,0.00,99.48,881,2.18
05/05/25 22:10,M005,Finished Material,Machine Component,126.44,0.00,138.63,805,1.84
05/05/25 22:15,M001,Finished Material,Machine Component,188.98,0.00,168.28,348,2.39
05/05/25 22:20,M006,Finished Material,Packaging,151.46,0.00,163.7,760,0.74
05/05/25 22:25,M010,Recycled Material,Scrap Steel,88.14,30.11,194.21,961,0.81
05/05/25 22:30,M002,Raw Material,Cotton,109.65,0.00,150.34,182,2.59
05/05/25 22:35,M004,Recycled Material,Scrap Steel,174.46,12.64,116.27,645,3.29
05/05/25 22:40,M007,Hazardous Material,Solvent,160.09,0.00,170.3,845,4.35
05/05/25 22:45,M002,Finished Material,Packaging,166.5,0.00,121.33,246,1.35
05/05/25 22:50,M004,Finished Material,Machine Component,154.85,0.00,80.77,272,4.08
05/05/25 22:55,M001,Raw Material,Steel,166.06,0.00,130.14,526,3.27
05/05/25 23:00,M007,Intermediate Material,Sheet Metal,106.2,0.00,164.49,302,2.43
05/05/25 23:05,M009,Raw Material,Cotton,135.06,0.00,105.51,305,0.29
05/05/25 23:10,M003,Intermediate Material,Plastic Resin,197.44,0.00,184.59,551,3.13
05/05/25 23:15,M010,Raw Material,Aluminum,61.97,0.00,90.28,227,1.38
05/05/25 23:20,M006,Raw Material,Aluminum,121.68,0.00,160.74,203,0.05
05/05/25 23:25,M005,Raw Material,Steel,64.53,0.00,142.68,107,1.88
05/05/25 23:30,M009,Process Additive,Coolant,120.98,0.00,120.44,539,1.68
05/05/25 23:35,M006,Process Additive,Industrial Oil,191.15,0.00,159.81,487,3.05
05/05/25 23:40,M006,Process Additive,Industrial Oil,50.46,0.00,184.46,511,3.63
05/05/25 23:45,M003,Raw Material,Steel,180.35,0.00,113.54,816,3.76
05/05/25 23:50,M004,Process Additive,Coolant,142.75,0.00,159.07,586,2.57
05/05/25 23:55,M004,Raw Material,Polypropylene,52.49,0.00,123.22,146,4.85
06/05/25 0:00,M006,Finished Material,Machine Component,85.03,0.00,138.14,856,3.06
06/05/25 0:05,M002,Process Additive,Coolant,190.86,0.00,192.98,587,4.93
06/05/25 0:10,M002,Finished Material,Machine Component,94.08,0.00,103.41,246,4.35
06/05/25 0:15,M010,Finished Material,Packaging,54.76,0.00,139.75,189,1.51
06/05/25 0:20,M009,Recycled Material,Scrap Steel,184.46,47.75,137.86,653,1.20
06/05/25 0:25,M004,Intermediate Material,Textiles,154.99,0.00,92.66,832,0.15
06/05/25 0:30,M006,Recycled Material,Reprocessed Plastics,83.06,12.88,137.16,786,0.62
06/05/25 0:35,M003,Hazardous Material,Solvent,63.57,0.00,163.01,992,1.12
06/05/25 0:40,M010,Hazardous Material,Lead-Based Alloy,146.6,0.00,125.24,834,3.71
06/05/25 0:45,M007,Finished Material,Packaging,167.76,0.00,195.95,547,4.04
06/05/25 0:50,M004,Process Additive,Industrial Oil,93.65,0.00,93.37,448,3.70
06/05/25 0:55,M004,Finished Material,Circuit Board,135.93,0.00,95.29,420,4.77
06/05/25 1:00,M010,Finished Material,Circuit Board,96.62,0.00,150.81,294,4.24
06/05/25 1:05,M007,Process Additive,Coolant,169.63,0.00,192.07,229,2.60
06/05/25 1:10,M010,Hazardous Material,Lead-Based Alloy,65.99,0.00,81.1,972,2.30
06/05/25 1:15,M003,Process Additive,Industrial Oil,124.97,0.00,134.69,715,1.42
06/05/25 1:20,M001,Hazardous Material,Solvent,96.33,0.00,198.84,226,1.37
06/05/25 1:25,M010,Recycled Material,Scrap Steel,124.25,35.21,125.21,929,1.67
06/05/25 1:30,M004,Finished Material,Circuit Board,155.06,0.00,86.31,986,3.88
06/05/25 1:35,M008,Finished Material,Machine Component,94.87,0.00,177.8,968,0.80
06/05/25 1:40,M001,Hazardous Material,Solvent,100.61,0.00,161.35,456,3.79
06/05/25 1:45,M007,Raw Material,Polypropylene,92.35,0.00,190.77,817,4.28
06/05/25 1:50,M007,Raw Material,Aluminum,98.51,0.00,174.95,986,4.03
06/05/25 1:55,M005,Recycled Material,Scrap Steel,136.57,22.09,137.89,248,1.05
06/05/25 2:00,M004,Finished Material,Packaging,51.37,0.00,167.11,689,0.51
06/05/25 2:05,M003,Recycled Material,Reprocessed Plastics,151.92,8.41,86.76,464,4.87
06/05/25 2:10,M003,Raw Material,Steel,197.04,0.00,158.01,707,2.17
06/05/25 2:15,M003,Finished Material,Packaging,110.6,0.00,84.08,346,1.98
06/05/25 2:20,M005,Finished Material,Packaging,193.18,0.00,158.34,484,3.88
06/05/25 2:25,M002,Recycled Material,Reprocessed Plastics,91.28,32.66,124.08,222,0.58
06/05/25 2:30,M002,Recycled Material,Scrap Steel,53.45,28.65,148.72,380,3.47
06/05/25 2:35,M002,Hazardous Material,Lead-Based Alloy,107.59,0.00,199.99,819,2.17
06/05/25 2:40,M010,Intermediate Material,Sheet Metal,98.78,0.00,165.65,982,3.98
06/05/25 2:45,M003,Recycled Material,Scrap Steel,109.07,40.87,174.02,642,2.44
06/05/25 2:50,M009,Hazardous Material,Lead-Based Alloy,163.03,0.00,104.9,774,4.49
06/05/25 2:55,M003,Hazardous Material,Lead-Based Alloy,50.8,0.00,133.67,421,0.62
06/05/25 3:00,M003,Hazardous Material,Lead-Based Alloy,147.9,0.00,90.54,362,4.26
06/05/25 3:05,M001,Raw Material,Steel,125.92,0.00,123.63,657,0.86
06/05/25 3:10,M001,Intermediate Material,Plastic Resin,56.92,0.00,193.5,901,1.47
06/05/25 3:15,M009,Recycled Material,Scrap Steel,136.56,34.76,142.72,460,3.03
06/05/25 3:20,M009,Intermediate Material,Textiles,64.85,0.00,178.37,342,0.18
06/05/25 3:25,M003,Process Additive,Industrial Oil,193.61,0.00,152.26,321,2.96
06/05/25 3:30,M005,Intermediate Material,Textiles,143.35,0.00,88.92,361,1.30
06/05/25 3:35,M003,Recycled Material,Reprocessed Plastics,62.49,12.71,131.04,811,0.72
06/05/25 3:40,M004,Raw Material,Polypropylene,199.3,0.00,163.62,297,3.57
06/05/25 3:45,M010,Finished Material,Packaging,173.08,0.00,152.59,529,4.11
06/05/25 3:50,M006,Recycled Material,Reprocessed Plastics,53.89,30.18,89.3,227,2.66
06/05/25 3:55,M009,Recycled Material,Scrap Steel,99.4,4.45,189.11,896,1.37
06/05/25 4:00,M004,Process Additive,Industrial Oil,64.69,0.00,197.54,327,1.89
06/05/25 4:05,M002,Raw Material,Aluminum,128.97,0.00,185.06,702,4.11
06/05/25 4:10,M008,Raw Material,Polypropylene,155.07,0.00,183.85,664,1.36
06/05/25 4:15,M002,Raw Material,Aluminum,97.7,0.00,170.22,285,1.73
06/05/25 4:20,M009,Hazardous Material,Solvent,121.53,0.00,95.31,109,3.43
06/05/25 4:25,M003,Finished Material,Circuit Board,71.4,0.00,148.11,373,0.26
06/05/25 4:30,M006,Finished Material,Circuit Board,151.73,0.00,130.19,568,0.92
06/05/25 4:35,M006,Recycled Material,Reprocessed Plastics,91.37,21.39,193,933,1.14
06/05/25 4:40,M002,Process Additive,Coolant,165.59,0.00,181.43,749,0.40
06/05/25 4:45,M004,Raw Material,Aluminum,136.3,0.00,90.15,392,2.77
06/05/25 4:50,M008,Raw Material,Cotton,151.55,0.00,191.89,239,2.40
06/05/25 4:55,M009,Finished Material,Packaging,183.21,0.00,163.75,515,0.07
06/05/25 5:00,M004,Finished Material,Circuit Board,157.12,0.00,164.31,867,1.73
06/05/25 5:05,M009,Finished Material,Packaging,56.35,0.00,133.84,272,3.37
06/05/25 5:10,M009,Intermediate Material,Sheet Metal,61.27,0.00,180.73,626,1.77
06/05/25 5:15,M001,Recycled Material,Reprocessed Plastics,106.86,18.66,93.59,795,1.25
06/05/25 5:20,M009,Raw Material,Polypropylene,94.88,0.00,115.23,318,0.01
06/05/25 5:25,M010,Recycled Material,Scrap Steel,188.46,46.46,195.1,627,4.13
06/05/25 5:30,M001,Recycled Material,Reprocessed Plastics,58.62,0.29,135.24,405,1.77
06/05/25 5:35,M001,Process Additive,Catalyst,77.92,0.00,122.54,203,2.15
06/05/25 5:40,M004,Raw Material,Aluminum,111.61,0.00,189.57,107,0.78
06/05/25 5:45,M005,Intermediate Material,Plastic Resin,109.3,0.00,115.91,538,4.46
06/05/25 5:50,M009,Process Additive,Industrial Oil,198.41,0.00,158.75,549,0.81
06/05/25 5:55,M006,Finished Material,Machine Component,50.87,0.00,186.03,826,0.99
06/05/25 6:00,M004,Process Additive,Industrial Oil,70.05,0.00,130.53,439,4.50
06/05/25 6:05,M003,Finished Material,Circuit Board,192.26,0.00,195.16,372,0.59
06/05/25 6:10,M008,Hazardous Material,Solvent,169.97,0.00,165.72,432,3.76
06/05/25 6:15,M007,Hazardous Material,Solvent,69.71,0.00,194.92,911,0.11
06/05/25 6:20,M003,Process Additive,Catalyst,52.05,0.00,162.13,153,3.39
06/05/25 6:25,M006,Recycled Material,Scrap Steel,115.15,14.47,138.31,879,2.14
06/05/25 6:30,M010,Intermediate Material,Textiles,126.69,0.00,109.94,885,0.58
06/05/25 6:35,M005,Finished Material,Circuit Board,149.95,0.00,131.5,585,3.53
06/05/25 6:40,M002,Finished Material,Packaging,125.35,0.00,101.74,975,2.96
06/05/25 6:45,M003,Intermediate Material,Sheet Metal,69.84,0.00,84.6,296,4.65
06/05/25 6:50,M007,Raw Material,Aluminum,63.64,0.00,86.11,517,2.62
06/05/25 6:55,M004,Intermediate Material,Plastic Resin,113.91,0.00,87.36,537,3.22
06/05/25 7:00,M005,Raw Material,Polypropylene,104.54,0.00,193.16,828,2.09
06/05/25 7:05,M006,Raw Material,Aluminum,56.13,0.00,86.26,862,1.61
06/05/25 7:10,M005,Recycled Material,Reprocessed Plastics,186.27,5.04,102.18,603,1.82
06/05/25 7:15,M005,Raw Material,Steel,150.34,0.00,161.96,888,4.31
06/05/25 7:20,M006,Process Additive,Catalyst,171.51,0.00,169.15,703,2.64
06/05/25 7:25,M006,Intermediate Material,Textiles,91.39,0.00,150.12,189,4.44
06/05/25 7:30,M003,Finished Material,Packaging,140.28,0.00,84.92,770,4.09
06/05/25 7:35,M004,Finished Material,Machine Component,188.83,0.00,88.99,659,3.10
06/05/25 7:40,M005,Finished Material,Machine Component,198.45,0.00,104.24,838,0.77
06/05/25 7:45,M003,Intermediate Material,Plastic Resin,132.57,0.00,110.3,998,3.80
06/05/25 7:50,M009,Process Additive,Coolant,117.27,0.00,166.08,546,0.34
06/05/25 7:55,M007,Hazardous Material,Lead-Based Alloy,75.04,0.00,112.9,232,1.45
06/05/25 8:00,M010,Raw Material,Aluminum,161.11,0.00,127.7,801,2.66
06/05/25 8:05,M009,Raw Material,Aluminum,115.66,0.00,141.11,675,3.90
06/05/25 8:10,M007,Hazardous Material,Solvent,81.04,0.00,80.43,685,1.09
06/05/25 8:15,M001,Hazardous Material,Solvent,125.57,0.00,166.47,365,1.52
06/05/25 8:20,M004,Process Additive,Catalyst,90.28,0.00,94.29,329,0.23
06/05/25 8:25,M004,Process Additive,Industrial Oil,145.94,0.00,193.05,384,4.64
06/05/25 8:30,M005,Raw Material,Aluminum,198.43,0.00,105.2,218,0.01
06/05/25 8:35,M006,Finished Material,Packaging,195.83,0.00,118.95,822,4.42
06/05/25 8:40,M005,Finished Material,Circuit Board,111.25,0.00,153.38,432,4.93
06/05/25 8:45,M001,Process Additive,Industrial Oil,159.57,0.00,113.56,362,4.86
06/05/25 8:50,M009,Finished Material,Packaging,65.97,0.00,169.49,491,4.73
06/05/25 8:55,M005,Finished Material,Packaging,140.65,0.00,104.74,552,1.10
06/05/25 9:00,M005,Intermediate Material,Textiles,144.47,0.00,182.99,504,0.78
06/05/25 9:05,M004,Finished Material,Packaging,115.09,0.00,97.8,590,0.47
06/05/25 9:10,M003,Recycled Material,Scrap Steel,172.34,8.81,148.36,846,0.90
06/05/25 9:15,M005,Raw Material,Polypropylene,74.44,0.00,101.33,503,3.44
06/05/25 9:20,M004,Raw Material,Aluminum,60.81,0.00,109.43,760,4.85
06/05/25 9:25,M002,Finished Material,Packaging,70.59,0.00,170.05,112,3.02
06/05/25 9:30,M007,Recycled Material,Scrap Steel,66.51,0.68,179.66,144,0.66
06/05/25 9:35,M002,Process Additive,Industrial Oil,190.79,0.00,151.96,911,4.83
06/05/25 9:40,M002,Hazardous Material,Solvent,177.91,0.00,90.2,242,2.40
06/05/25 9:45,M010,Recycled Material,Scrap Steel,96.11,23.95,109.26,656,3.46
06/05/25 9:50,M009,Raw Material,Steel,173.74,0.00,92.34,403,0.51
06/05/25 9:55,M007,Intermediate Material,Sheet Metal,186.83,0.00,82.88,537,1.93
06/05/25 10:00,M006,Finished Material,Machine Component,83.88,0.00,185.48,493,3.43
06/05/25 10:05,M002,Recycled Material,Scrap Steel,198.62,11.23,194.78,388,1.79
06/05/25 10:10,M010,Process Additive,Industrial Oil,104.07,0.00,190.96,186,4.48
06/05/25 10:15,M010,Intermediate Material,Sheet Metal,114.29,0.00,120.18,285,3.40
06/05/25 10:20,M003,Finished Material,Packaging,95.23,0.00,178.11,456,4.38
06/05/25 10:25,M005,Recycled Material,Reprocessed Plastics,189.93,40.54,165.36,178,3.94
06/05/25 10:30,M003,Finished Material,Circuit Board,98.04,0.00,126.87,838,3.98
06/05/25 10:35,M008,Raw Material,Steel,136.68,0.00,195.15,385,0.72
06/05/25 10:40,M006,Intermediate Material,Sheet Metal,165.13,0.00,122.31,606,2.12
06/05/25 10:45,M007,Hazardous Material,Solvent,70.73,0.00,193.28,351,1.92
06/05/25 10:50,M009,Recycled Material,Reprocessed Plastics,129.87,41.07,126.16,694,3.57
06/05/25 10:55,M009,Hazardous Material,Lead-Based Alloy,155.46,0.00,108.22,102,1.02
06/05/25 11:00,M001,Process Additive,Catalyst,121.09,0.00,96.03,212,0.30
06/05/25 11:05,M006,Process Additive,Industrial Oil,94.2,0.00,97.3,973,2.76
06/05/25 11:10,M007,Intermediate Material,Sheet Metal,174.17,0.00,86.7,241,0.59
06/05/25 11:15,M003,Recycled Material,Scrap Steel,154.42,21.24,86.49,208,3.31
06/05/25 11:20,M002,Recycled Material,Scrap Steel,54.53,18.26,89.48,178,0.06
06/05/25 11:25,M007,Intermediate Material,Sheet Metal,120.46,0.00,96.81,640,3.49
06/05/25 11:30,M005,Recycled Material,Reprocessed Plastics,158.38,22.20,157.38,113,1.43
06/05/25 11:35,M003,Raw Material,Steel,140.63,0.00,100.83,264,0.05
06/05/25 11:40,M007,Finished Material,Machine Component,133.12,0.00,179.54,685,2.51
06/05/25 11:45,M004,Recycled Material,Scrap Steel,90.77,4.60,125.31,228,3.72
06/05/25 11:50,M007,Hazardous Material,Lead-Based Alloy,82.84,0.00,102.04,863,4.88
06/05/25 11:55,M010,Raw Material,Cotton,121.61,0.00,158.32,514,4.14
06/05/25 12:00,M003,Raw Material,Polypropylene,147,0.00,103.37,211,0.52
06/05/25 12:05,M006,Hazardous Material,Solvent,54.21,0.00,113.86,654,0.53
06/05/25 12:10,M004,Hazardous Material,Lead-Based Alloy,163.48,0.00,117.09,664,1.01
06/05/25 12:15,M001,Intermediate Material,Plastic Resin,62.76,0.00,148.41,145,2.82
06/05/25 12:20,M008,Raw Material,Steel,97.19,0.00,193.22,108,4.90
06/05/25 12:25,M005,Recycled Material,Scrap Steel,97.17,19.53,122.7,232,3.51
06/05/25 12:30,M002,Process Additive,Coolant,184.48,0.00,140.43,614,4.04
06/05/25 12:35,M003,Raw Material,Cotton,121.54,0.00,184.26,138,1.45
06/05/25 12:40,M003,Finished Material,Machine Component,61.81,0.00,155.11,835,1.16
06/05/25 12:45,M004,Finished Material,Packaging,71.13,0.00,166.23,613,2.58
06/05/25 12:50,M010,Finished Material,Packaging,189.53,0.00,120.97,904,0.66
06/05/25 12:55,M005,Process Additive,Catalyst,178.39,0.00,131.71,829,3.87
06/05/25 13:00,M007,Intermediate Material,Sheet Metal,199.55,0.00,152.83,256,2.83
06/05/25 13:05,M008,Raw Material,Steel,71.39,0.00,184.45,660,4.34
06/05/25 13:10,M002,Recycled Material,Scrap Steel,118.22,8.49,115.47,169,1.40
06/05/25 13:15,M006,Process Additive,Industrial Oil,60.67,0.00,165.28,571,1.29
06/05/25 13:20,M008,Process Additive,Coolant,147.54,0.00,96.85,226,4.86
06/05/25 13:25,M008,Raw Material,Polypropylene,178.85,0.00,128.11,977,3.10
06/05/25 13:30,M003,Recycled Material,Reprocessed Plastics,126.87,31.23,117.64,185,3.41
06/05/25 13:35,M009,Recycled Material,Reprocessed Plastics,181.61,49.56,85.12,759,0.29
06/05/25 13:40,M004,Finished Material,Packaging,51.19,0.00,182.37,397,1.88
06/05/25 13:45,M010,Recycled Material,Scrap Steel,83.46,43.71,160.3,457,2.33
06/05/25 13:50,M009,Recycled Material,Scrap Steel,62.87,36.59,190.1,506,3.84
06/05/25 13:55,M004,Recycled Material,Reprocessed Plastics,59.67,17.12,152.52,317,3.51
06/05/25 14:00,M008,Raw Material,Polypropylene,118.19,0.00,145.41,581,0.73
06/05/25 14:05,M004,Process Additive,Catalyst,54.7,0.00,152.13,489,0.31
06/05/25 14:10,M006,Recycled Material,Reprocessed Plastics,82.01,10.57,82.75,876,3.42
06/05/25 14:15,M005,Process Additive,Catalyst,76.42,0.00,97.01,380,2.03
06/05/25 14:20,M005,Finished Material,Machine Component,180.69,0.00,142.97,785,4.47
06/05/25 14:25,M003,Raw Material,Steel,184.24,0.00,131.42,871,1.48
06/05/25 14:30,M004,Process Additive,Coolant,122.24,0.00,144.26,902,0.80
06/05/25 14:35,M007,Process Additive,Catalyst,135.55,0.00,178.76,674,3.92
06/05/25 14:40,M010,Intermediate Material,Sheet Metal,158.41,0.00,149.42,248,1.62
06/05/25 14:45,M006,Raw Material,Aluminum,184.48,0.00,192.06,611,4.32
06/05/25 14:50,M002,Finished Material,Machine Component,89.42,0.00,166.67,561,4.72
06/05/25 14:55,M003,Finished Material,Machine Component,145.84,0.00,149.41,137,1.09
06/05/25 15:00,M004,Recycled Material,Scrap Steel,140.14,10.81,105.17,295,4.86
06/05/25 15:05,M010,Raw Material,Polypropylene,172.07,0.00,81.94,414,2.51
06/05/25 15:10,M002,Finished Material,Machine Component,147.34,0.00,134.72,520,1.76
06/05/25 15:15,M009,Recycled Material,Reprocessed Plastics,67.01,8.79,131.41,281,2.76
06/05/25 15:20,M003,Hazardous Material,Solvent,107.23,0.00,181.41,805,3.40
06/05/25 15:25,M005,Finished Material,Packaging,190.69,0.00,188.71,201,4.98
06/05/25 15:30,M002,Raw Material,Steel,142.44,0.00,129.35,608,3.75
06/05/25 15:35,M010,Hazardous Material,Lead-Based Alloy,145.03,0.00,140.4,925,0.16
06/05/25 15:40,M005,Recycled Material,Scrap Steel,83.43,22.73,125.73,300,4.28
06/05/25 15:45,M002,Process Additive,Coolant,111.94,0.00,178.45,820,3.92
06/05/25 15:50,M007,Raw Material,Polypropylene,167.33,0.00,140.91,374,4.40
06/05/25 15:55,M005,Process Additive,Coolant,151,0.00,80.5,524,0.16
06/05/25 16:00,M001,Intermediate Material,Plastic Resin,176.12,0.00,142.28,859,3.00
06/05/25 16:05,M006,Intermediate Material,Textiles,198.92,0.00,109.02,500,0.96
06/05/25 16:10,M007,Raw Material,Cotton,69.33,0.00,156.35,845,0.87
06/05/25 16:15,M006,Hazardous Material,Lead-Based Alloy,115.61,0.00,91.95,920,0.63
06/05/25 16:20,M002,Finished Material,Packaging,167.64,0.00,181.16,742,4.58
06/05/25 16:25,M009,Intermediate Material,Plastic Resin,80.56,0.00,91.19,547,0.06
06/05/25 16:30,M010,Intermediate Material,Sheet Metal,142.71,0.00,145.24,180,2.86
06/05/25 16:35,M001,Finished Material,Packaging,69.58,0.00,134.44,746,3.89
06/05/25 16:40,M003,Intermediate Material,Textiles,184.69,0.00,115.63,648,4.20
06/05/25 16:45,M007,Process Additive,Catalyst,57.76,0.00,89.96,247,3.14
06/05/25 16:50,M010,Raw Material,Steel,118.87,0.00,151.51,209,0.71
06/05/25 16:55,M005,Intermediate Material,Sheet Metal,61.61,0.00,181.35,958,1.04
06/05/25 17:00,M002,Recycled Material,Scrap Steel,112.06,24.33,155.08,315,3.44
06/05/25 17:05,M007,Process Additive,Catalyst,186.25,0.00,177.03,284,1.49
06/05/25 17:10,M003,Finished Material,Packaging,144.68,0.00,182.58,220,4.88
06/05/25 17:15,M006,Recycled Material,Scrap Steel,73.76,37.08,191.19,297,3.03
06/05/25 17:20,M009,Raw Material,Aluminum,82.45,0.00,123.79,322,0.15
06/05/25 17:25,M003,Intermediate Material,Sheet Metal,159.16,0.00,192.78,374,1.37
06/05/25 17:30,M004,Raw Material,Polypropylene,156.21,0.00,158.23,578,3.73
06/05/25 17:35,M008,Recycled Material,Reprocessed Plastics,188.35,12.50,103.75,966,4.44
06/05/25 17:40,M005,Recycled Material,Scrap Steel,137.55,38.32,117.39,913,1.03
06/05/25 17:45,M008,Recycled Material,Reprocessed Plastics,113.56,37.35,177.91,737,0.54
06/05/25 17:50,M007,Recycled Material,Scrap Steel,135.07,18.70,155.92,165,2.25
06/05/25 17:55,M001,Hazardous Material,Solvent,138.03,0.00,115.22,946,4.39
06/05/25 18:00,M009,Process Additive,Coolant,54.49,0.00,101.59,430,2.15
06/05/25 18:05,M003,Process Additive,Industrial Oil,60.9,0.00,158.83,480,0.73
06/05/25 18:10,M006,Raw Material,Steel,97.79,0.00,81.31,436,1.07
06/05/25 18:15,M010,Process Additive,Industrial Oil,134.25,0.00,126.27,716,1.06
06/05/25 18:20,M004,Raw Material,Polypropylene,157.44,0.00,193.55,926,4.30
06/05/25 18:25,M002,Hazardous Material,Solvent,152.32,0.00,132.22,932,1.60
06/05/25 18:30,M004,Raw Material,Cotton,124.8,0.00,198.83,531,0.60
06/05/25 18:35,M008,Intermediate Material,Textiles,99.03,0.00,125.94,690,0.11
06/05/25 18:40,M001,Finished Material,Packaging,198.19,0.00,189.4,391,0.66
06/05/25 18:45,M007,Raw Material,Steel,100.61,0.00,81.95,581,0.48
06/05/25 18:50,M007,Finished Material,Machine Component,91.2,0.00,170.44,509,0.40
06/05/25 18:55,M006,Recycled Material,Scrap Steel,109,34.82,134.55,969,3.21
06/05/25 19:00,M002,Process Additive,Catalyst,65.41,0.00,106.88,945,0.05
06/05/25 19:05,M002,Process Additive,Catalyst,158.64,0.00,107.16,190,0.96
06/05/25 19:10,M006,Hazardous Material,Lead-Based Alloy,190.12,0.00,184.16,365,4.42
06/05/25 19:15,M001,Raw Material,Steel,192.07,0.00,89.01,437,3.44
06/05/25 19:20,M007,Process Additive,Catalyst,75.55,0.00,96.53,571,0.60
06/05/25 19:25,M006,Intermediate Material,Textiles,183.17,0.00,195.9,523,3.18
06/05/25 19:30,M002,Hazardous Material,Lead-Based Alloy,136.68,0.00,159.35,387,1.61
06/05/25 19:35,M008,Intermediate Material,Sheet Metal,89.57,0.00,115.55,184,1.77
06/05/25 19:40,M004,Finished Material,Packaging,160.29,0.00,104.71,179,0.38
06/05/25 19:45,M008,Raw Material,Aluminum,51.97,0.00,105.94,938,1.93
06/05/25 19:50,M008,Raw Material,Polypropylene,81.3,0.00,150.86,640,2.57
06/05/25 19:55,M006,Process Additive,Catalyst,118.1,0.00,98.48,616,0.53
06/05/25 20:00,M003,Intermediate Material,Plastic Resin,107.84,0.00,134.29,735,2.57
06/05/25 20:05,M007,Intermediate Material,Sheet Metal,91.68,0.00,99.7,414,4.76
06/05/25 20:10,M010,Finished Material,Circuit Board,72.09,0.00,185.14,862,0.55
06/05/25 20:15,M001,Recycled Material,Scrap Steel,90.01,23.81,143.71,460,1.33
06/05/25 20:20,M009,Raw Material,Polypropylene,114.72,0.00,98.07,614,2.15
06/05/25 20:25,M006,Raw Material,Cotton,90.89,0.00,91.74,764,1.91
06/05/25 20:30,M007,Intermediate Material,Plastic Resin,78.42,0.00,101.2,382,2.65
06/05/25 20:35,M008,Hazardous Material,Solvent,66.38,0.00,85.98,354,4.79
06/05/25 20:40,M004,Raw Material,Steel,184.26,0.00,149.03,344,0.33
06/05/25 20:45,M002,Process Additive,Industrial Oil,182.39,0.00,163.94,514,1.96
06/05/25 20:50,M002,Intermediate Material,Textiles,173.61,0.00,163,607,1.03
06/05/25 20:55,M004,Process Additive,Catalyst,93.2,0.00,151.56,851,0.02
06/05/25 21:00,M003,Hazardous Material,Solvent,160.86,0.00,182.31,804,1.19
06/05/25 21:05,M006,Finished Material,Circuit Board,75,0.00,119.86,566,0.71
06/05/25 21:10,M001,Finished Material,Machine Component,114.19,0.00,82.5,370,4.41
06/05/25 21:15,M003,Finished Material,Circuit Board,139.1,0.00,196.34,697,0.01
06/05/25 21:20,M004,Recycled Material,Scrap Steel,56.78,0.87,161.61,397,4.18
06/05/25 21:25,M009,Hazardous Material,Lead-Based Alloy,163.25,0.00,173.03,202,1.52
06/05/25 21:30,M006,Recycled Material,Reprocessed Plastics,160.22,49.49,110.88,598,1.27
06/05/25 21:35,M008,Raw Material,Polypropylene,95.17,0.00,120.05,630,3.87
06/05/25 21:40,M010,Recycled Material,Scrap Steel,90.49,25.97,156.78,251,4.89
06/05/25 21:45,M004,Finished Material,Circuit Board,103.58,0.00,83.71,691,3.71
06/05/25 21:50,M007,Process Additive,Industrial Oil,161.65,0.00,103.26,486,3.19
06/05/25 21:55,M005,Finished Material,Packaging,131.74,0.00,189.49,997,2.63
06/05/25 22:00,M005,Finished Material,Machine Component,183.2,0.00,126.92,527,4.73
06/05/25 22:05,M005,Process Additive,Industrial Oil,56.16,0.00,142.41,451,4.17
06/05/25 22:10,M002,Recycled Material,Reprocessed Plastics,135,39.63,121.64,212,4.85
06/05/25 22:15,M008,Finished Material,Circuit Board,119.95,0.00,98.03,396,3.12
06/05/25 22:20,M003,Process Additive,Coolant,93.24,0.00,175.97,115,2.27
06/05/25 22:25,M004,Process Additive,Catalyst,68.52,0.00,138.6,105,2.15
06/05/25 22:30,M001,Raw Material,Polypropylene,70.66,0.00,185.45,904,4.30
06/05/25 22:35,M009,Intermediate Material,Sheet Metal,156.98,0.00,97.12,850,0.98
06/05/25 22:40,M010,Raw Material,Polypropylene,82.83,0.00,136.78,463,1.24
06/05/25 22:45,M007,Recycled Material,Reprocessed Plastics,195.04,4.91,111.35,409,2.99
06/05/25 22:50,M003,Hazardous Material,Solvent,151.84,0.00,118.7,692,0.70
06/05/25 22:55,M004,Process Additive,Industrial Oil,112.45,0.00,103.94,412,0.43
06/05/25 23:00,M010,Finished Material,Machine Component,131.87,0.00,125.12,996,4.17
06/05/25 23:05,M002,Intermediate Material,Textiles,116.29,0.00,117.59,801,3.56
06/05/25 23:10,M008,Process Additive,Coolant,119.98,0.00,195.37,572,0.14
06/05/25 23:15,M009,Raw Material,Cotton,63.26,0.00,96.87,409,3.93
06/05/25 23:20,M010,Hazardous Material,Solvent,69.09,0.00,145.19,679,4.39
06/05/25 23:25,M001,Recycled Material,Scrap Steel,110.44,0.30,176.9,995,2.59
06/05/25 23:30,M001,Raw Material,Steel,90.53,0.00,198.34,209,1.67
06/05/25 23:35,M002,Process Additive,Catalyst,122.22,0.00,119.76,162,0.61
06/05/25 23:40,M010,Finished Material,Packaging,160.9,0.00,86.36,309,2.58
06/05/25 23:45,M009,Finished Material,Machine Component,70.46,0.00,187.41,755,4.26
06/05/25 23:50,M005,Finished Material,Machine Component,157.87,0.00,192.38,924,2.42
06/05/25 23:55,M004,Raw Material,Steel,50.01,0.00,152.45,223,2.60
07/05/25 0:00,M004,Intermediate Material,Sheet Metal,121.06,0.00,179.93,554,1.95
07/05/25 0:05,M002,Process Additive,Coolant,122.56,0.00,102.09,340,4.21
07/05/25 0:10,M009,Process Additive,Catalyst,152.2,0.00,183.12,731,0.62
07/05/25 0:15,M003,Finished Material,Circuit Board,77.72,0.00,178.23,773,1.20
07/05/25 0:20,M009,Finished Material,Packaging,132,0.00,137.14,396,1.45
07/05/25 0:25,M002,Hazardous Material,Solvent,105.1,0.00,113.02,495,3.49
07/05/25 0:30,M002,Recycled Material,Reprocessed Plastics,172.02,7.41,114.01,223,2.82
07/05/25 0:35,M001,Hazardous Material,Solvent,55.11,0.00,158.05,772,3.10
07/05/25 0:40,M001,Process Additive,Industrial Oil,120.19,0.00,166.77,383,0.05
07/05/25 0:45,M003,Process Additive,Catalyst,178.38,0.00,140.38,457,4.51
07/05/25 0:50,M009,Recycled Material,Scrap Steel,76.17,7.57,158.71,676,1.70
07/05/25 0:55,M003,Process Additive,Catalyst,95.44,0.00,127.27,959,3.23
07/05/25 1:00,M007,Recycled Material,Scrap Steel,136.41,46.37,173.05,638,1.30
07/05/25 1:05,M006,Hazardous Material,Solvent,137.67,0.00,179.59,169,0.22
07/05/25 1:10,M003,Intermediate Material,Sheet Metal,149.79,0.00,139.93,795,2.38
07/05/25 1:15,M004,Finished Material,Circuit Board,65.81,0.00,185.69,845,4.46
07/05/25 1:20,M007,Raw Material,Steel,141.79,0.00,93.74,967,3.75
07/05/25 1:25,M008,Process Additive,Catalyst,144.69,0.00,83.54,278,1.61
07/05/25 1:30,M008,Recycled Material,Scrap Steel,198.33,28.69,103.97,358,2.46
07/05/25 1:35,M005,Intermediate Material,Sheet Metal,161.32,0.00,132.09,641,4.04
07/05/25 1:40,M004,Raw Material,Steel,144.37,0.00,160.24,308,0.17
07/05/25 1:45,M003,Raw Material,Polypropylene,166.16,0.00,148.2,985,0.36
07/05/25 1:50,M003,Finished Material,Packaging,193.66,0.00,167.39,640,2.48
07/05/25 1:55,M004,Hazardous Material,Solvent,125.13,0.00,122.78,672,4.27
07/05/25 2:00,M002,Recycled Material,Reprocessed Plastics,143.82,43.70,148.3,230,3.91
07/05/25 2:05,M005,Raw Material,Steel,124.81,0.00,86.18,653,1.65
07/05/25 2:10,M004,Process Additive,Coolant,108.56,0.00,122.95,993,4.36
07/05/25 2:15,M005,Raw Material,Aluminum,177.98,0.00,191.82,612,1.56
07/05/25 2:20,M010,Raw Material,Steel,137.42,0.00,192.43,369,3.27
07/05/25 2:25,M001,Process Additive,Coolant,89.13,0.00,120.14,883,0.30
07/05/25 2:30,M004,Hazardous Material,Solvent,188.63,0.00,159.6,999,0.31
07/05/25 2:35,M008,Raw Material,Steel,101.88,0.00,88.49,526,2.99
07/05/25 2:40,M010,Raw Material,Cotton,191.99,0.00,112.46,142,0.52
07/05/25 2:45,M008,Hazardous Material,Lead-Based Alloy,147.55,0.00,131.78,410,3.91
07/05/25 2:50,M004,Raw Material,Steel,53.95,0.00,173.82,300,2.67
07/05/25 2:55,M007,Finished Material,Packaging,160.69,0.00,146.3,153,1.94
07/05/25 3:00,M007,Finished Material,Circuit Board,114.46,0.00,131.22,241,0.58
07/05/25 3:05,M002,Hazardous Material,Solvent,102.77,0.00,121.18,159,1.19
07/05/25 3:10,M002,Hazardous Material,Lead-Based Alloy,84.07,0.00,169.7,927,3.97
07/05/25 3:15,M010,Raw Material,Steel,180.99,0.00,109.99,158,0.38
07/05/25 3:20,M003,Recycled Material,Scrap Steel,92.39,15.71,152.29,350,4.99
07/05/25 3:25,M003,Hazardous Material,Solvent,121.81,0.00,94.69,178,0.38
07/05/25 3:30,M009,Intermediate Material,Plastic Resin,155.79,0.00,177.61,979,1.10
07/05/25 3:35,M005,Process Additive,Catalyst,93.9,0.00,158.44,639,4.46
07/05/25 3:40,M006,Finished Material,Packaging,125.52,0.00,86.48,520,3.53
07/05/25 3:45,M010,Recycled Material,Reprocessed Plastics,61.77,45.60,180.97,633,1.15
07/05/25 3:50,M009,Intermediate Material,Sheet Metal,105.86,0.00,177.97,245,0.18
07/05/25 3:55,M004,Finished Material,Machine Component,147.49,0.00,134.45,216,0.11
07/05/25 4:00,M001,Process Additive,Coolant,138.24,0.00,116.05,186,0.30
07/05/25 4:05,M010,Recycled Material,Reprocessed Plastics,52.83,19.13,133.28,329,1.03
07/05/25 4:10,M003,Finished Material,Machine Component,129.87,0.00,159.25,132,2.71
07/05/25 4:15,M006,Raw Material,Polypropylene,188.4,0.00,188.89,929,3.77
07/05/25 4:20,M004,Raw Material,Polypropylene,158.87,0.00,154.58,986,2.14
07/05/25 4:25,M001,Raw Material,Cotton,192.87,0.00,191.9,394,4.29
07/05/25 4:30,M009,Recycled Material,Reprocessed Plastics,135.89,28.42,142.27,266,4.80
07/05/25 4:35,M008,Finished Material,Circuit Board,69.78,0.00,81.82,918,3.41
07/05/25 4:40,M005,Raw Material,Aluminum,165.7,0.00,115.5,684,1.97
07/05/25 4:45,M010,Process Additive,Coolant,90.31,0.00,110.06,768,4.05
07/05/25 4:50,M010,Raw Material,Steel,96.03,0.00,159.29,956,1.32
07/05/25 4:55,M003,Recycled Material,Reprocessed Plastics,52.59,0.44,84.44,467,2.40
07/05/25 5:00,M009,Intermediate Material,Plastic Resin,58.79,0.00,192.66,383,4.49
07/05/25 5:05,M009,Process Additive,Industrial Oil,116.07,0.00,110.96,905,1.38
07/05/25 5:10,M008,Intermediate Material,Sheet Metal,144.55,0.00,97.63,732,3.28
07/05/25 5:15,M004,Raw Material,Steel,77.64,0.00,140.81,550,2.90
07/05/25 5:20,M001,Hazardous Material,Lead-Based Alloy,59.12,0.00,165.75,365,4.88
07/05/25 5:25,M001,Finished Material,Machine Component,131.07,0.00,85.37,340,1.75
07/05/25 5:30,M002,Hazardous Material,Solvent,66.98,0.00,89.29,308,1.63
07/05/25 5:35,M006,Finished Material,Machine Component,60.71,0.00,131.18,389,0.72
07/05/25 5:40,M006,Hazardous Material,Solvent,100.25,0.00,128.98,767,1.87
07/05/25 5:45,M005,Hazardous Material,Lead-Based Alloy,74.05,0.00,85.35,253,4.56
07/05/25 5:50,M001,Raw Material,Aluminum,171.21,0.00,141.3,899,3.71
07/05/25 5:55,M010,Finished Material,Machine Component,190.99,0.00,125.46,696,0.16
07/05/25 6:00,M003,Recycled Material,Scrap Steel,193.28,47.93,199.08,678,2.52
07/05/25 6:05,M010,Finished Material,Packaging,160.09,0.00,144.68,224,4.24
07/05/25 6:10,M009,Raw Material,Cotton,148.88,0.00,142.44,424,1.35
07/05/25 6:15,M010,Process Additive,Industrial Oil,99.3,0.00,175.88,470,1.15
07/05/25 6:20,M006,Finished Material,Circuit Board,153.96,0.00,133.4,519,1.81
07/05/25 6:25,M006,Hazardous Material,Lead-Based Alloy,187.2,0.00,158.4,719,1.15
07/05/25 6:30,M007,Intermediate Material,Textiles,174.17,0.00,198.41,650,1.22
07/05/25 6:35,M007,Finished Material,Packaging,149.89,0.00,152.67,914,1.43
07/05/25 6:40,M006,Raw Material,Steel,111.28,0.00,140.6,251,2.88
07/05/25 6:45,M004,Intermediate Material,Plastic Resin,52.33,0.00,94.49,369,3.83
07/05/25 6:50,M008,Finished Material,Circuit Board,68.96,0.00,84.09,541,0.12
07/05/25 6:55,M003,Raw Material,Aluminum,127.23,0.00,143.52,497,4.52
07/05/25 7:00,M006,Intermediate Material,Plastic Resin,154.54,0.00,108.97,400,0.60
07/05/25 7:05,M006,Hazardous Material,Lead-Based Alloy,199.12,0.00,85.43,856,4.60
07/05/25 7:10,M008,Recycled Material,Reprocessed Plastics,161.1,21.78,170.92,816,0.67
07/05/25 7:15,M003,Finished Material,Packaging,187.45,0.00,192.39,185,0.76
07/05/25 7:20,M001,Hazardous Material,Solvent,151.09,0.00,134.42,428,2.19
07/05/25 7:25,M009,Finished Material,Packaging,91.89,0.00,172.76,337,1.49
07/05/25 7:30,M006,Raw Material,Cotton,92.79,0.00,126.09,875,0.89
07/05/25 7:35,M003,Raw Material,Aluminum,114.58,0.00,113.39,1000,3.08
07/05/25 7:40,M002,Process Additive,Coolant,74.84,0.00,114.54,598,2.19
07/05/25 7:45,M003,Process Additive,Coolant,198.32,0.00,170.42,337,3.33
07/05/25 7:50,M003,Raw Material,Aluminum,132.82,0.00,141.04,272,0.14
07/05/25 7:55,M001,Hazardous Material,Lead-Based Alloy,51,0.00,179.9,126,1.85
07/05/25 8:00,M005,Hazardous Material,Solvent,159.81,0.00,142.51,950,2.27
07/05/25 8:05,M002,Finished Material,Packaging,187.88,0.00,94.39,542,2.47
07/05/25 8:10,M002,Intermediate Material,Plastic Resin,159.75,0.00,93.98,462,4.02
07/05/25 8:15,M004,Finished Material,Circuit Board,99.07,0.00,140.85,382,2.27
07/05/25 8:20,M009,Finished Material,Circuit Board,156.02,0.00,117.78,139,2.17
07/05/25 8:25,M009,Process Additive,Industrial Oil,176.21,0.00,159.34,998,3.13
07/05/25 8:30,M001,Intermediate Material,Sheet Metal,137.95,0.00,184.65,325,3.37
07/05/25 8:35,M005,Recycled Material,Scrap Steel,122.68,9.36,139.61,234,0.99
07/05/25 8:40,M002,Hazardous Material,Lead-Based Alloy,50.48,0.00,88.07,671,3.06
07/05/25 8:45,M003,Raw Material,Cotton,153.2,0.00,153.61,746,2.92
07/05/25 8:50,M006,Recycled Material,Scrap Steel,181.68,42.03,185,784,2.43
07/05/25 8:55,M007,Hazardous Material,Solvent,131.51,0.00,115.45,324,0.56
07/05/25 9:00,M005,Recycled Material,Reprocessed Plastics,98.81,33.12,93.9,575,4.78
07/05/25 9:05,M002,Process Additive,Catalyst,109.71,0.00,95.37,595,4.20
07/05/25 9:10,M008,Hazardous Material,Solvent,153.08,0.00,83.48,374,2.54
07/05/25 9:15,M007,Raw Material,Polypropylene,89.24,0.00,118.11,500,4.05
07/05/25 9:20,M007,Recycled Material,Reprocessed Plastics,186.86,13.42,167.38,447,3.18
07/05/25 9:25,M001,Process Additive,Coolant,111.47,0.00,148.7,270,2.68
07/05/25 9:30,M002,Hazardous Material,Solvent,69.38,0.00,144.77,839,0.11
07/05/25 9:35,M007,Raw Material,Polypropylene,186.83,0.00,172.02,666,0.32
07/05/25 9:40,M001,Hazardous Material,Lead-Based Alloy,104.31,0.00,103.81,260,4.19
07/05/25 9:45,M007,Finished Material,Circuit Board,93.53,0.00,99.37,482,1.66
07/05/25 9:50,M004,Hazardous Material,Lead-Based Alloy,191,0.00,84.33,120,3.78
07/05/25 9:55,M009,Raw Material,Cotton,168.7,0.00,85.07,389,1.51
07/05/25 10:00,M004,Finished Material,Packaging,87.1,0.00,112.69,226,4.06
07/05/25 10:05,M007,Finished Material,Machine Component,69.68,0.00,168.86,376,4.31
07/05/25 10:10,M002,Raw Material,Cotton,53.02,0.00,169.12,654,3.02
07/05/25 10:15,M003,Raw Material,Cotton,79.14,0.00,152.68,419,3.92
07/05/25 10:20,M007,Hazardous Material,Lead-Based Alloy,95.32,0.00,135.07,202,1.32
07/05/25 10:25,M010,Recycled Material,Reprocessed Plastics,93.69,4.65,196.03,674,1.39
07/05/25 10:30,M005,Finished Material,Packaging,125.99,0.00,125.89,608,3.64
07/05/25 10:35,M006,Hazardous Material,Lead-Based Alloy,117.84,0.00,149.35,125,1.99
07/05/25 10:40,M004,Recycled Material,Reprocessed Plastics,121.52,5.45,117.27,247,4.05
07/05/25 10:45,M002,Raw Material,Aluminum,81.15,0.00,193.05,707,1.25
07/05/25 10:50,M003,Recycled Material,Reprocessed Plastics,128.51,41.98,171.27,160,3.84
07/05/25 10:55,M005,Recycled Material,Reprocessed Plastics,161.08,41.72,84.38,805,2.83
07/05/25 11:00,M007,Raw Material,Polypropylene,153.56,0.00,170.6,913,2.44
07/05/25 11:05,M008,Process Additive,Catalyst,85.36,0.00,135.36,594,2.57
07/05/25 11:10,M002,Raw Material,Cotton,154.89,0.00,125.08,875,0.07
07/05/25 11:15,M009,Finished Material,Circuit Board,74.93,0.00,132.51,216,0.20
07/05/25 11:20,M007,Recycled Material,Scrap Steel,143.92,26.23,96.78,995,2.74
07/05/25 11:25,M007,Raw Material,Polypropylene,67.64,0.00,199.49,837,4.61
07/05/25 11:30,M005,Hazardous Material,Solvent,142.27,0.00,124.6,765,0.83
07/05/25 11:35,M005,Hazardous Material,Lead-Based Alloy,170.42,0.00,194.24,480,2.60
07/05/25 11:40,M005,Recycled Material,Reprocessed Plastics,81.59,16.51,169.61,972,4.64
07/05/25 11:45,M003,Hazardous Material,Solvent,51.47,0.00,129.96,253,2.35
07/05/25 11:50,M001,Process Additive,Catalyst,78.15,0.00,163.29,650,2.29
07/05/25 11:55,M002,Raw Material,Cotton,139.17,0.00,88.01,751,2.80
07/05/25 12:00,M004,Process Additive,Catalyst,52.12,0.00,103.12,391,4.10
07/05/25 12:05,M007,Hazardous Material,Solvent,105.09,0.00,172.04,360,2.81
07/05/25 12:10,M004,Raw Material,Aluminum,65.45,0.00,105.97,282,1.31
07/05/25 12:15,M002,Intermediate Material,Textiles,138.1,0.00,171.93,438,2.88
07/05/25 12:20,M010,Hazardous Material,Solvent,195,0.00,168.47,730,3.34
07/05/25 12:25,M008,Intermediate Material,Sheet Metal,50.4,0.00,107.82,321,0.46
07/05/25 12:30,M010,Intermediate Material,Sheet Metal,74.72,0.00,184.95,431,0.39
07/05/25 12:35,M001,Intermediate Material,Textiles,171.09,0.00,131.05,583,1.64
07/05/25 12:40,M009,Raw Material,Aluminum,134.02,0.00,125.28,494,3.53
07/05/25 12:45,M006,Process Additive,Catalyst,97.55,0.00,89.38,719,4.21
07/05/25 12:50,M003,Finished Material,Machine Component,156.7,0.00,180.79,673,2.21
07/05/25 12:55,M005,Finished Material,Circuit Board,133.69,0.00,132.25,456,0.89
07/05/25 13:00,M006,Recycled Material,Reprocessed Plastics,159.27,10.69,147.18,295,1.91
07/05/25 13:05,M003,Finished Material,Circuit Board,79.38,0.00,123.32,299,0.03
07/05/25 13:10,M005,Process Additive,Industrial Oil,186.66,0.00,189.9,614,4.61
07/05/25 13:15,M010,Process Additive,Industrial Oil,147.08,0.00,157,507,0.22
07/05/25 13:20,M005,Process Additive,Catalyst,58.58,0.00,148.66,131,4.32
07/05/25 13:25,M008,Hazardous Material,Solvent,123.55,0.00,136.81,995,3.24
07/05/25 13:30,M009,Raw Material,Steel,105.43,0.00,153.55,830,0.77
07/05/25 13:35,M003,Intermediate Material,Sheet Metal,112.94,0.00,181.5,157,2.22
07/05/25 13:40,M001,Process Additive,Industrial Oil,178.68,0.00,113.3,973,0.97
07/05/25 13:45,M010,Finished Material,Circuit Board,99.9,0.00,160.64,424,4.49
07/05/25 13:50,M003,Hazardous Material,Solvent,127.45,0.00,192.87,512,2.08
07/05/25 13:55,M001,Raw Material,Aluminum,173.76,0.00,140.18,846,1.33
07/05/25 14:00,M003,Recycled Material,Scrap Steel,91.33,9.93,140.66,277,3.18
07/05/25 14:05,M001,Process Additive,Coolant,134.08,0.00,94.13,577,2.84
07/05/25 14:10,M002,Hazardous Material,Solvent,63.22,0.00,190.16,286,3.65
07/05/25 14:15,M003,Process Additive,Catalyst,143.99,0.00,82.41,273,3.94
07/05/25 14:20,M004,Finished Material,Machine Component,119.05,0.00,185.26,352,1.54
07/05/25 14:25,M004,Finished Material,Packaging,69.91,0.00,86.4,822,1.44
07/05/25 14:30,M005,Intermediate Material,Textiles,97.33,0.00,107.12,292,1.36
07/05/25 14:35,M004,Intermediate Material,Plastic Resin,88.9,0.00,132.75,194,2.45
07/05/25 14:40,M010,Process Additive,Coolant,165.86,0.00,142.77,949,3.16
07/05/25 14:45,M003,Raw Material,Cotton,73.36,0.00,148.25,819,2.17
07/05/25 14:50,M005,Intermediate Material,Plastic Resin,154.95,0.00,140.45,949,3.72
07/05/25 14:55,M005,Raw Material,Aluminum,88.73,0.00,136.12,132,4.61
07/05/25 15:00,M009,Finished Material,Packaging,77.96,0.00,96.78,700,1.61
07/05/25 15:05,M010,Recycled Material,Scrap Steel,98.36,5.23,123.07,108,0.79
07/05/25 15:10,M008,Process Additive,Coolant,147.18,0.00,92.02,466,1.53
07/05/25 15:15,M008,Hazardous Material,Lead-Based Alloy,162.81,0.00,132.68,731,2.28
07/05/25 15:20,M010,Finished Material,Machine Component,159.64,0.00,136.83,349,1.26
07/05/25 15:25,M006,Hazardous Material,Solvent,122.38,0.00,128.14,141,4.85
07/05/25 15:30,M004,Hazardous Material,Lead-Based Alloy,113.15,0.00,172.89,691,2.00
07/05/25 15:35,M001,Intermediate Material,Textiles,74.96,0.00,116.07,711,4.83
07/05/25 15:40,M009,Intermediate Material,Textiles,162.78,0.00,95.59,441,3.94
07/05/25 15:45,M001,Raw Material,Polypropylene,168.93,0.00,96.98,454,2.29
07/05/25 15:50,M003,Recycled Material,Scrap Steel,148.79,10.02,100.65,414,0.40
07/05/25 15:55,M004,Intermediate Material,Plastic Resin,63.53,0.00,109.37,801,2.78
07/05/25 16:00,M006,Raw Material,Cotton,73.9,0.00,91.99,663,3.43
07/05/25 16:05,M004,Recycled Material,Reprocessed Plastics,174.7,35.31,171.57,198,1.94
07/05/25 16:10,M006,Intermediate Material,Plastic Resin,165.99,0.00,187.76,939,3.37
07/05/25 16:15,M007,Hazardous Material,Solvent,130.12,0.00,121.62,785,3.70
07/05/25 16:20,M010,Raw Material,Aluminum,182.84,0.00,101.38,340,1.85
07/05/25 16:25,M006,Hazardous Material,Lead-Based Alloy,141.58,0.00,170.2,179,3.23
07/05/25 16:30,M003,Recycled Material,Scrap Steel,56.64,15.10,91.14,493,3.27
07/05/25 16:35,M007,Intermediate Material,Plastic Resin,96.66,0.00,161.03,592,0.17
07/05/25 16:40,M007,Intermediate Material,Sheet Metal,109.73,0.00,142.08,208,2.32
07/05/25 16:45,M002,Process Additive,Catalyst,159.9,0.00,158.7,514,4.02
07/05/25 16:50,M001,Intermediate Material,Plastic Resin,69.31,0.00,140.84,802,2.27
07/05/25 16:55,M008,Finished Material,Packaging,110.26,0.00,172.56,410,2.12
07/05/25 17:00,M002,Hazardous Material,Solvent,125.31,0.00,173.72,829,1.68
07/05/25 17:05,M009,Process Additive,Industrial Oil,167.82,0.00,197.69,644,3.80
07/05/25 17:10,M002,Intermediate Material,Sheet Metal,100.57,0.00,192.1,704,1.29
07/05/25 17:15,M009,Hazardous Material,Solvent,115.23,0.00,135.77,140,0.61
07/05/25 17:20,M008,Recycled Material,Reprocessed Plastics,57.51,29.97,124.32,535,1.69
07/05/25 17:25,M005,Raw Material,Polypropylene,76.81,0.00,122.83,117,2.23
07/05/25 17:30,M005,Finished Material,Circuit Board,139.37,0.00,122.87,137,2.66
07/05/25 17:35,M007,Intermediate Material,Sheet Metal,62.61,0.00,91.35,844,0.72
07/05/25 17:40,M008,Recycled Material,Reprocessed Plastics,101.81,22.90,154.07,945,4.52
07/05/25 17:45,M009,Hazardous Material,Solvent,56.1,0.00,119.19,139,0.73
07/05/25 17:50,M002,Recycled Material,Scrap Steel,100.67,31.84,116.24,510,0.11
07/05/25 17:55,M005,Finished Material,Packaging,161.4,0.00,89.51,543,4.83
07/05/25 18:00,M004,Hazardous Material,Solvent,199.24,0.00,153.87,652,4.27
07/05/25 18:05,M004,Finished Material,Circuit Board,106.14,0.00,136.75,878,4.68
07/05/25 18:10,M005,Finished Material,Packaging,166.75,0.00,113.22,787,0.23
07/05/25 18:15,M007,Intermediate Material,Textiles,92.74,0.00,80.61,312,0.09
07/05/25 18:20,M007,Finished Material,Circuit Board,91.22,0.00,135.49,909,4.88
07/05/25 18:25,M006,Raw Material,Aluminum,83.72,0.00,165.08,326,0.32
07/05/25 18:30,M005,Finished Material,Packaging,141.4,0.00,135.28,530,3.17
07/05/25 18:35,M006,Hazardous Material,Solvent,121.34,0.00,146.92,451,1.70
07/05/25 18:40,M006,Recycled Material,Scrap Steel,119.29,37.13,105.28,814,0.85
07/05/25 18:45,M007,Process Additive,Coolant,54.84,0.00,182.28,180,3.16
07/05/25 18:50,M009,Process Additive,Industrial Oil,81.13,0.00,198.18,478,1.52
07/05/25 18:55,M006,Recycled Material,Reprocessed Plastics,54.43,31.24,100.01,460,2.82
07/05/25 19:00,M007,Raw Material,Polypropylene,133.47,0.00,138.89,340,1.88
07/05/25 19:05,M009,Intermediate Material,Plastic Resin,141.07,0.00,181.96,199,1.98
07/05/25 19:10,M004,Raw Material,Polypropylene,76.79,0.00,99.09,896,4.92
07/05/25 19:15,M007,Hazardous Material,Solvent,102.8,0.00,106.13,713,1.39
07/05/25 19:20,M006,Finished Material,Circuit Board,149.64,0.00,162.42,748,3.81
07/05/25 19:25,M006,Hazardous Material,Solvent,83.76,0.00,128.48,874,2.32
07/05/25 19:30,M008,Intermediate Material,Sheet Metal,110.01,0.00,80.4,949,1.67
07/05/25 19:35,M008,Finished Material,Circuit Board,152.5,0.00,91.8,694,3.27
07/05/25 19:40,M007,Recycled Material,Scrap Steel,145.46,30.94,96.63,734,2.52
07/05/25 19:45,M002,Hazardous Material,Solvent,191.82,0.00,119,355,0.83
07/05/25 19:50,M008,Finished Material,Circuit Board,192.78,0.00,82.73,715,4.42
07/05/25 19:55,M007,Hazardous Material,Lead-Based Alloy,177.55,0.00,99.37,477,3.62
07/05/25 20:00,M004,Intermediate Material,Plastic Resin,190.57,0.00,190.57,430,0.66
07/05/25 20:05,M002,Raw Material,Aluminum,136.64,0.00,135.1,800,3.02
07/05/25 20:10,M004,Intermediate Material,Plastic Resin,125.03,0.00,93.34,718,4.19
07/05/25 20:15,M003,Intermediate Material,Plastic Resin,158.31,0.00,88.38,866,0.16
07/05/25 20:20,M007,Hazardous Material,Solvent,179.33,0.00,88.44,527,4.79
07/05/25 20:25,M009,Raw Material,Steel,115.78,0.00,179.33,161,1.46
07/05/25 20:30,M007,Finished Material,Circuit Board,104.51,0.00,165.99,623,3.15
07/05/25 20:35,M008,Recycled Material,Scrap Steel,65.54,42.35,170.95,693,3.77
07/05/25 20:40,M002,Finished Material,Circuit Board,104.97,0.00,158.78,245,4.56
07/05/25 20:45,M008,Intermediate Material,Plastic Resin,64.57,0.00,157.04,175,2.29
07/05/25 20:50,M008,Intermediate Material,Plastic Resin,101.37,0.00,162.7,438,3.94
07/05/25 20:55,M005,Hazardous Material,Solvent,139.16,0.00,171.36,251,2.61
07/05/25 21:00,M001,Intermediate Material,Plastic Resin,134.53,0.00,165.66,414,4.72
07/05/25 21:05,M003,Hazardous Material,Solvent,121.29,0.00,132.78,401,0.77
07/05/25 21:10,M003,Intermediate Material,Textiles,93.85,0.00,126.11,752,1.14
07/05/25 21:15,M004,Hazardous Material,Solvent,72.25,0.00,81.45,472,3.61
07/05/25 21:20,M009,Recycled Material,Reprocessed Plastics,142.77,8.52,121.31,259,2.94
07/05/25 21:25,M009,Process Additive,Catalyst,106.15,0.00,183.85,596,3.24
07/05/25 21:30,M009,Recycled Material,Scrap Steel,122.6,18.99,160.25,166,1.71
07/05/25 21:35,M005,Intermediate Material,Sheet Metal,72.51,0.00,153.04,846,3.95
07/05/25 21:40,M004,Process Additive,Coolant,118.9,0.00,189.52,112,4.20
07/05/25 21:45,M009,Intermediate Material,Textiles,80.38,0.00,159.71,508,3.13
07/05/25 21:50,M006,Hazardous Material,Lead-Based Alloy,90.72,0.00,195.4,966,3.71
07/05/25 21:55,M002,Raw Material,Cotton,135.01,0.00,109.76,362,3.99
07/05/25 22:00,M003,Finished Material,Packaging,178.63,0.00,107.4,834,2.28
07/05/25 22:05,M001,Hazardous Material,Solvent,132.8,0.00,90.96,294,3.67
07/05/25 22:10,M002,Intermediate Material,Textiles,95.41,0.00,104.93,349,2.93
07/05/25 22:15,M010,Recycled Material,Reprocessed Plastics,64.74,44.08,86.13,908,3.17
07/05/25 22:20,M004,Recycled Material,Scrap Steel,116.28,23.80,91.99,703,1.07
07/05/25 22:25,M008,Process Additive,Catalyst,51.44,0.00,131.57,214,3.60
07/05/25 22:30,M008,Finished Material,Circuit Board,138.34,0.00,156.19,873,2.28
07/05/25 22:35,M001,Process Additive,Coolant,140.2,0.00,139.11,280,1.64
07/05/25 22:40,M008,Hazardous Material,Solvent,192.72,0.00,115.96,988,2.66
07/05/25 22:45,M006,Process Additive,Catalyst,134.19,0.00,117.06,550,0.56
07/05/25 22:50,M003,Recycled Material,Scrap Steel,97.88,48.72,136.46,267,0.89
07/05/25 22:55,M007,Finished Material,Machine Component,64.19,0.00,183.44,450,3.19
07/05/25 23:00,M009,Intermediate Material,Sheet Metal,166.82,0.00,171.54,318,1.54
07/05/25 23:05,M005,Process Additive,Catalyst,120.78,0.00,162.17,724,1.05
07/05/25 23:10,M003,Process Additive,Industrial Oil,78.79,0.00,127.55,275,4.26
07/05/25 23:15,M010,Finished Material,Circuit Board,98.85,0.00,141.98,585,3.27
07/05/25 23:20,M007,Finished Material,Machine Component,84.31,0.00,111.54,976,4.17
07/05/25 23:25,M006,Intermediate Material,Plastic Resin,100.06,0.00,122.47,863,1.58
07/05/25 23:30,M005,Recycled Material,Reprocessed Plastics,164.4,0.28,192.8,156,4.84
07/05/25 23:35,M006,Finished Material,Circuit Board,196.25,0.00,172.05,119,4.09
07/05/25 23:40,M004,Intermediate Material,Textiles,157.5,0.00,115.38,482,0.12
07/05/25 23:45,M007,Recycled Material,Reprocessed Plastics,133.71,36.95,175.7,732,2.51
07/05/25 23:50,M005,Raw Material,Steel,86.47,0.00,119.06,591,4.71
07/05/25 23:55,M010,Recycled Material,Scrap Steel,167.18,19.50,195.17,823,2.44
08/05/25 0:00,M005,Hazardous Material,Solvent,58.9,0.00,86.73,450,1.38
08/05/25 0:05,M006,Recycled Material,Reprocessed Plastics,66.65,6.71,169.98,432,4.89
08/05/25 0:10,M007,Intermediate Material,Sheet Metal,138.47,0.00,148.89,675,0.44
08/05/25 0:15,M004,Process Additive,Catalyst,131.99,0.00,159.28,670,2.66
08/05/25 0:20,M005,Finished Material,Circuit Board,71.07,0.00,172.39,991,3.93
08/05/25 0:25,M006,Process Additive,Coolant,162.09,0.00,105.78,428,2.34
08/05/25 0:30,M008,Process Additive,Coolant,79.85,0.00,196.57,365,1.28
08/05/25 0:35,M001,Intermediate Material,Sheet Metal,146.34,0.00,131.28,925,2.43
08/05/25 0:40,M001,Hazardous Material,Lead-Based Alloy,186.95,0.00,141.47,116,2.83
08/05/25 0:45,M001,Hazardous Material,Solvent,168.52,0.00,139.04,688,1.67
08/05/25 0:50,M002,Finished Material,Circuit Board,134.8,0.00,196.91,899,0.56
08/05/25 0:55,M003,Hazardous Material,Lead-Based Alloy,136.09,0.00,136.21,765,4.96
08/05/25 1:00,M002,Finished Material,Machine Component,172.66,0.00,135.89,856,0.76
08/05/25 1:05,M006,Raw Material,Aluminum,147.18,0.00,120.78,640,3.91
08/05/25 1:10,M007,Raw Material,Cotton,136.21,0.00,80.76,948,1.95
08/05/25 1:15,M001,Intermediate Material,Plastic Resin,114.07,0.00,111.06,328,2.92
08/05/25 1:20,M006,Hazardous Material,Solvent,148.04,0.00,104.04,941,2.87
08/05/25 1:25,M006,Finished Material,Packaging,72.89,0.00,172.76,311,1.54
08/05/25 1:30,M002,Raw Material,Steel,166.92,0.00,144.81,170,1.64
08/05/25 1:35,M006,Intermediate Material,Textiles,81.32,0.00,116.35,534,4.96
08/05/25 1:40,M004,Intermediate Material,Plastic Resin,54.09,0.00,185.32,550,0.62
08/05/25 1:45,M007,Raw Material,Cotton,180.13,0.00,182.5,313,1.90
08/05/25 1:50,M008,Recycled Material,Reprocessed Plastics,79.8,38.55,150.83,227,0.46
08/05/25 1:55,M003,Hazardous Material,Lead-Based Alloy,74.43,0.00,105.16,600,3.70
08/05/25 2:00,M006,Finished Material,Machine Component,112.27,0.00,105.24,192,4.00
08/05/25 2:05,M006,Recycled Material,Reprocessed Plastics,126.31,47.24,81.94,489,4.02
08/05/25 2:10,M007,Raw Material,Polypropylene,104.06,0.00,117.2,166,2.17
08/05/25 2:15,M005,Intermediate Material,Textiles,62.67,0.00,157.23,499,4.38
08/05/25 2:20,M001,Process Additive,Catalyst,147.1,0.00,118.79,244,4.24
08/05/25 2:25,M003,Hazardous Material,Lead-Based Alloy,69.19,0.00,98.69,811,2.35
08/05/25 2:30,M001,Raw Material,Aluminum,179.95,0.00,159.31,480,3.09
08/05/25 2:35,M003,Recycled Material,Scrap Steel,76.2,25.93,98.17,928,4.05
08/05/25 2:40,M003,Process Additive,Industrial Oil,167.98,0.00,83.6,308,1.53
08/05/25 2:45,M006,Process Additive,Catalyst,98.16,0.00,173.99,439,0.14
08/05/25 2:50,M008,Raw Material,Aluminum,187.04,0.00,85.58,486,3.81
08/05/25 2:55,M009,Intermediate Material,Sheet Metal,65.02,0.00,121.84,328,0.46
08/05/25 3:00,M002,Raw Material,Cotton,119.66,0.00,129.81,649,2.20
08/05/25 3:05,M010,Finished Material,Circuit Board,96.71,0.00,136.34,363,0.64
08/05/25 3:10,M009,Process Additive,Catalyst,150.26,0.00,91.57,604,3.74
08/05/25 3:15,M010,Intermediate Material,Sheet Metal,82.9,0.00,95.58,246,1.13
08/05/25 3:20,M002,Finished Material,Circuit Board,157.59,0.00,113.88,729,0.53
08/05/25 3:25,M004,Process Additive,Industrial Oil,159.5,0.00,116.13,827,4.87
08/05/25 3:30,M010,Hazardous Material,Solvent,163.98,0.00,95.8,532,1.87
08/05/25 3:35,M003,Hazardous Material,Lead-Based Alloy,162.19,0.00,175.97,747,0.24
08/05/25 3:40,M004,Intermediate Material,Sheet Metal,71.44,0.00,84.09,913,1.19
08/05/25 3:45,M007,Process Additive,Industrial Oil,135.81,0.00,138.06,452,0.94
08/05/25 3:50,M010,Recycled Material,Reprocessed Plastics,198.9,22.66,111.54,550,0.59
08/05/25 3:55,M005,Finished Material,Packaging,188.58,0.00,120.47,290,1.28
08/05/25 4:00,M008,Hazardous Material,Solvent,149.49,0.00,160.16,450,3.82
08/05/25 4:05,M005,Raw Material,Polypropylene,113.98,0.00,83.05,656,0.63
08/05/25 4:10,M004,Recycled Material,Scrap Steel,68.04,35.63,95.16,455,1.54
08/05/25 4:15,M007,Hazardous Material,Lead-Based Alloy,194.94,0.00,196.6,286,1.99
08/05/25 4:20,M009,Intermediate Material,Sheet Metal,176,0.00,106.62,117,0.99
08/05/25 4:25,M006,Hazardous Material,Lead-Based Alloy,134.43,0.00,143.67,148,4.00
08/05/25 4:30,M006,Hazardous Material,Lead-Based Alloy,154.05,0.00,199.66,270,1.87
08/05/25 4:35,M002,Finished Material,Circuit Board,145.24,0.00,183.07,331,4.22
08/05/25 4:40,M003,Hazardous Material,Solvent,178.74,0.00,113.41,510,1.48
08/05/25 4:45,M009,Recycled Material,Reprocessed Plastics,120.2,6.81,192.58,100,0.37
08/05/25 4:50,M009,Finished Material,Machine Component,81.31,0.00,168.02,708,4.80
08/05/25 4:55,M001,Recycled Material,Scrap Steel,71.57,41.12,171.75,926,4.88
08/05/25 5:00,M004,Recycled Material,Scrap Steel,146.91,19.55,103.2,954,1.75
08/05/25 5:05,M004,Process Additive,Industrial Oil,183.9,0.00,94.82,857,2.93
08/05/25 5:10,M003,Intermediate Material,Plastic Resin,71.36,0.00,113.06,435,0.05
08/05/25 5:15,M002,Hazardous Material,Solvent,128.64,0.00,172.6,712,2.36
08/05/25 5:20,M008,Process Additive,Industrial Oil,131.19,0.00,153.2,257,0.35
08/05/25 5:25,M006,Process Additive,Industrial Oil,107.23,0.00,186.93,215,3.13
08/05/25 5:30,M007,Hazardous Material,Lead-Based Alloy,181.44,0.00,162.97,913,2.44
08/05/25 5:35,M005,Intermediate Material,Textiles,65.46,0.00,199.71,717,4.80
08/05/25 5:40,M006,Intermediate Material,Textiles,124.18,0.00,164.19,542,2.11
08/05/25 5:45,M002,Process Additive,Catalyst,159.87,0.00,188.57,755,2.54
08/05/25 5:50,M007,Finished Material,Machine Component,197.46,0.00,89.97,203,3.57
08/05/25 5:55,M008,Intermediate Material,Textiles,124.25,0.00,150.93,781,1.33
08/05/25 6:00,M008,Hazardous Material,Solvent,140.99,0.00,184.45,783,1.91
08/05/25 6:05,M010,Raw Material,Steel,136.34,0.00,94.1,882,1.19
08/05/25 6:10,M010,Finished Material,Packaging,185.57,0.00,130.62,503,3.59
08/05/25 6:15,M001,Process Additive,Catalyst,168.22,0.00,182.27,687,4.32
08/05/25 6:20,M001,Recycled Material,Reprocessed Plastics,150.36,1.28,148.03,124,3.15
08/05/25 6:25,M006,Raw Material,Polypropylene,188.1,0.00,176.23,846,2.28
08/05/25 6:30,M005,Process Additive,Catalyst,101.61,0.00,196.83,354,1.38
08/05/25 6:35,M001,Process Additive,Coolant,154.87,0.00,156.18,887,3.97
08/05/25 6:40,M004,Hazardous Material,Solvent,161.11,0.00,170.4,899,4.08
08/05/25 6:45,M008,Raw Material,Polypropylene,102.77,0.00,144.59,924,4.18
08/05/25 6:50,M004,Process Additive,Coolant,65.19,0.00,166.63,754,2.03
08/05/25 6:55,M010,Recycled Material,Scrap Steel,163.48,10.11,182.72,597,1.75
08/05/25 7:00,M008,Process Additive,Industrial Oil,193.9,0.00,118.73,214,0.95
08/05/25 7:05,M005,Hazardous Material,Solvent,163.52,0.00,144.59,507,3.09
08/05/25 7:10,M002,Intermediate Material,Sheet Metal,63.58,0.00,151.76,997,3.32
08/05/25 7:15,M005,Intermediate Material,Textiles,101.02,0.00,122.46,236,4.61
08/05/25 7:20,M002,Finished Material,Machine Component,142.01,0.00,196.49,431,5.00
08/05/25 7:25,M008,Raw Material,Aluminum,132.2,0.00,160.1,380,0.13
08/05/25 7:30,M004,Finished Material,Circuit Board,86.8,0.00,107.1,763,4.06
08/05/25 7:35,M003,Raw Material,Polypropylene,86.55,0.00,82.49,726,2.42
08/05/25 7:40,M008,Recycled Material,Scrap Steel,111.85,42.40,149.71,742,2.88
08/05/25 7:45,M007,Finished Material,Machine Component,156.01,0.00,197.83,922,4.01
08/05/25 7:50,M007,Process Additive,Coolant,185.01,0.00,192.43,427,2.70
08/05/25 7:55,M002,Finished Material,Circuit Board,98.25,0.00,179.29,819,1.23
08/05/25 8:00,M009,Hazardous Material,Lead-Based Alloy,64.49,0.00,190.1,619,3.54
08/05/25 8:05,M009,Process Additive,Industrial Oil,171.09,0.00,152.49,837,1.74
08/05/25 8:10,M009,Intermediate Material,Plastic Resin,90.37,0.00,180.39,571,3.09
08/05/25 8:15,M008,Hazardous Material,Solvent,59.7,0.00,199.49,122,2.80
08/05/25 8:20,M009,Finished Material,Circuit Board,184.38,0.00,137.2,823,0.74
08/05/25 8:25,M006,Raw Material,Polypropylene,135.46,0.00,193.68,845,0.14
08/05/25 8:30,M010,Recycled Material,Reprocessed Plastics,155.63,47.14,198.34,320,3.31
08/05/25 8:35,M005,Hazardous Material,Solvent,99.58,0.00,148.38,996,2.54
08/05/25 8:40,M007,Intermediate Material,Textiles,197.03,0.00,150.42,983,0.03
08/05/25 8:45,M010,Raw Material,Polypropylene,138.12,0.00,172.95,172,3.07
08/05/25 8:50,M009,Recycled Material,Scrap Steel,159.88,12.44,152.18,877,4.95
08/05/25 8:55,M003,Raw Material,Cotton,159.3,0.00,119.81,196,4.73
08/05/25 9:00,M010,Finished Material,Packaging,108.12,0.00,128.91,813,2.37
08/05/25 9:05,M006,Intermediate Material,Sheet Metal,96.68,0.00,101.29,540,4.40
08/05/25 9:10,M008,Raw Material,Aluminum,89.08,0.00,104.07,459,4.93
08/05/25 9:15,M002,Process Additive,Coolant,162.77,0.00,142.86,120,4.40
08/05/25 9:20,M001,Hazardous Material,Lead-Based Alloy,152.41,0.00,91.46,101,4.82
08/05/25 9:25,M009,Raw Material,Steel,99.03,0.00,116.75,919,4.53
08/05/25 9:30,M010,Process Additive,Industrial Oil,193.36,0.00,102.62,735,2.49
08/05/25 9:35,M009,Intermediate Material,Plastic Resin,64.54,0.00,161.98,258,3.00
08/05/25 9:40,M010,Intermediate Material,Plastic Resin,155.96,0.00,185.56,281,2.54
08/05/25 9:45,M008,Raw Material,Steel,190.29,0.00,186.59,912,4.70
08/05/25 9:50,M005,Process Additive,Industrial Oil,102.36,0.00,101.65,630,0.84
08/05/25 9:55,M002,Recycled Material,Scrap Steel,140.53,49.87,190.4,565,4.64
08/05/25 10:00,M009,Recycled Material,Reprocessed Plastics,191.6,33.44,87.86,352,1.83
08/05/25 10:05,M004,Recycled Material,Scrap Steel,169.11,2.08,87.03,591,4.05
08/05/25 10:10,M010,Raw Material,Steel,149.53,0.00,118.47,639,2.81
08/05/25 10:15,M009,Hazardous Material,Solvent,163.54,0.00,157.18,389,1.60
08/05/25 10:20,M008,Intermediate Material,Plastic Resin,191.64,0.00,131.16,545,1.89
08/05/25 10:25,M008,Raw Material,Cotton,65.65,0.00,147.35,724,1.94
08/05/25 10:30,M008,Process Additive,Catalyst,154.84,0.00,143.31,142,0.94
08/05/25 10:35,M002,Process Additive,Catalyst,162.18,0.00,148.55,277,3.20
08/05/25 10:40,M001,Hazardous Material,Lead-Based Alloy,57.08,0.00,116.35,292,1.76
08/05/25 10:45,M009,Raw Material,Cotton,160.78,0.00,142.88,282,2.54
08/05/25 10:50,M001,Intermediate Material,Sheet Metal,118.59,0.00,102.28,326,3.56
08/05/25 10:55,M002,Finished Material,Circuit Board,124.29,0.00,148.54,727,0.08
08/05/25 11:00,M007,Intermediate Material,Textiles,67.45,0.00,114.85,346,3.30
08/05/25 11:05,M006,Intermediate Material,Plastic Resin,173.99,0.00,124.61,957,2.01
08/05/25 11:10,M003,Intermediate Material,Textiles,86.93,0.00,160.22,532,3.40
08/05/25 11:15,M005,Intermediate Material,Textiles,160.5,0.00,112.71,806,0.05
08/05/25 11:20,M007,Recycled Material,Reprocessed Plastics,176.4,9.47,173.51,359,3.00
08/05/25 11:25,M007,Raw Material,Cotton,69.33,0.00,162.74,172,3.19
08/05/25 11:30,M002,Intermediate Material,Plastic Resin,59.98,0.00,144.43,271,4.72
08/05/25 11:35,M005,Finished Material,Packaging,189.59,0.00,127.78,649,1.43
08/05/25 11:40,M010,Process Additive,Industrial Oil,164.15,0.00,127.39,306,4.75
08/05/25 11:45,M009,Recycled Material,Scrap Steel,69.07,49.78,136.27,211,0.56
08/05/25 11:50,M001,Recycled Material,Scrap Steel,62.54,34.68,88.09,546,3.08
08/05/25 11:55,M008,Finished Material,Circuit Board,116.3,0.00,172.3,778,4.67
08/05/25 12:00,M004,Intermediate Material,Textiles,97.69,0.00,148.26,256,1.71
08/05/25 12:05,M005,Intermediate Material,Plastic Resin,119.31,0.00,188.19,157,1.96
08/05/25 12:10,M003,Process Additive,Catalyst,59.55,0.00,102.08,299,1.68
08/05/25 12:15,M008,Raw Material,Cotton,60.41,0.00,109.49,641,1.44
08/05/25 12:20,M003,Intermediate Material,Textiles,194.63,0.00,86.81,801,0.33
08/05/25 12:25,M009,Hazardous Material,Lead-Based Alloy,142.79,0.00,100.39,429,1.85
08/05/25 12:30,M003,Raw Material,Aluminum,50.89,0.00,80.41,159,4.07
08/05/25 12:35,M010,Raw Material,Aluminum,164.33,0.00,84.22,658,0.37
08/05/25 12:40,M008,Hazardous Material,Solvent,92.37,0.00,153.93,560,4.55
08/05/25 12:45,M004,Finished Material,Machine Component,141.89,0.00,121.42,751,2.27
08/05/25 12:50,M003,Recycled Material,Reprocessed Plastics,83.58,14.34,167.72,497,5.00
08/05/25 12:55,M003,Process Additive,Catalyst,53.14,0.00,176.65,247,0.21
08/05/25 13:00,M007,Finished Material,Packaging,177.75,0.00,198.5,228,4.20
08/05/25 13:05,M006,Intermediate Material,Plastic Resin,113.17,0.00,130.13,851,2.26
08/05/25 13:10,M007,Recycled Material,Reprocessed Plastics,100.67,33.27,95.97,642,1.03
08/05/25 13:15,M004,Finished Material,Circuit Board,135.26,0.00,193.76,846,3.30
08/05/25 13:20,M010,Process Additive,Coolant,132.23,0.00,171.68,518,1.87
08/05/25 13:25,M005,Intermediate Material,Plastic Resin,71.2,0.00,93.04,767,2.26
08/05/25 13:30,M010,Recycled Material,Scrap Steel,79.91,16.88,186.79,775,1.92
08/05/25 13:35,M009,Recycled Material,Scrap Steel,191.48,1.19,104.77,681,3.33
08/05/25 13:40,M005,Finished Material,Packaging,134.5,0.00,98.7,511,2.88
08/05/25 13:45,M004,Intermediate Material,Plastic Resin,97.47,0.00,109.48,856,0.65
08/05/25 13:50,M008,Process Additive,Catalyst,189.95,0.00,153.48,852,3.14
08/05/25 13:55,M001,Finished Material,Circuit Board,168.04,0.00,90.29,108,4.60
08/05/25 14:00,M001,Process Additive,Industrial Oil,96.99,0.00,188.22,307,3.72
08/05/25 14:05,M004,Process Additive,Industrial Oil,104.44,0.00,189.11,697,4.52
08/05/25 14:10,M008,Recycled Material,Reprocessed Plastics,155.54,14.49,92.18,675,0.80
08/05/25 14:15,M003,Intermediate Material,Plastic Resin,67.77,0.00,189.23,519,0.79
08/05/25 14:20,M009,Finished Material,Machine Component,154.98,0.00,113.75,968,4.52
08/05/25 14:25,M002,Finished Material,Circuit Board,186.38,0.00,91.65,140,0.68
08/05/25 14:30,M007,Recycled Material,Reprocessed Plastics,121.53,38.36,150.34,937,1.81
08/05/25 14:35,M008,Hazardous Material,Lead-Based Alloy,117.1,0.00,82.38,603,4.73
08/05/25 14:40,M010,Process Additive,Coolant,198.17,0.00,186.38,170,0.89
08/05/25 14:45,M010,Process Additive,Catalyst,109.04,0.00,97.94,909,4.80
08/05/25 14:50,M004,Finished Material,Machine Component,93.85,0.00,175.13,905,0.42
08/05/25 14:55,M010,Recycled Material,Scrap Steel,143.28,29.52,199,473,4.26
08/05/25 15:00,M004,Hazardous Material,Solvent,197.31,0.00,188.51,124,2.45
08/05/25 15:05,M003,Raw Material,Aluminum,155.08,0.00,111.57,543,1.69
08/05/25 15:10,M005,Finished Material,Packaging,118.71,0.00,89.63,664,0.16
08/05/25 15:15,M010,Raw Material,Steel,95.41,0.00,103.96,581,1.90
08/05/25 15:20,M001,Finished Material,Packaging,90.54,0.00,125.02,475,4.02
08/05/25 15:25,M007,Recycled Material,Reprocessed Plastics,69.85,17.31,111.39,297,2.44
08/05/25 15:30,M005,Raw Material,Cotton,187.82,0.00,90.18,782,4.57
08/05/25 15:35,M009,Raw Material,Steel,171.61,0.00,176.75,209,1.21
08/05/25 15:40,M003,Process Additive,Industrial Oil,73.1,0.00,176.17,897,0.44
08/05/25 15:45,M002,Raw Material,Steel,160.48,0.00,120.94,732,0.35
08/05/25 15:50,M010,Finished Material,Machine Component,144.65,0.00,119.71,780,0.53
08/05/25 15:55,M002,Raw Material,Aluminum,79.93,0.00,169.53,183,0.93
08/05/25 16:00,M002,Raw Material,Cotton,168.74,0.00,107.97,151,3.58
08/05/25 16:05,M007,Process Additive,Catalyst,129.4,0.00,137.13,302,3.54
08/05/25 16:10,M008,Hazardous Material,Lead-Based Alloy,120.38,0.00,167.79,706,4.33
08/05/25 16:15,M001,Recycled Material,Scrap Steel,126.14,3.98,196.9,369,0.72
08/05/25 16:20,M009,Hazardous Material,Lead-Based Alloy,155,0.00,164.34,177,0.94
08/05/25 16:25,M006,Intermediate Material,Sheet Metal,109.2,0.00,180.32,403,3.01
08/05/25 16:30,M009,Finished Material,Machine Component,82.74,0.00,110.11,453,3.68
08/05/25 16:35,M009,Raw Material,Polypropylene,92.22,0.00,99.35,163,0.31
08/05/25 16:40,M006,Finished Material,Circuit Board,142.98,0.00,178.12,181,3.37
08/05/25 16:45,M008,Raw Material,Steel,97.76,0.00,172.57,470,3.49
08/05/25 16:50,M010,Finished Material,Circuit Board,135.38,0.00,167.26,426,2.25
08/05/25 16:55,M008,Process Additive,Coolant,95.04,0.00,138.69,659,5.00
08/05/25 17:00,M004,Intermediate Material,Textiles,75.58,0.00,162.9,519,2.32
08/05/25 17:05,M008,Process Additive,Coolant,119.54,0.00,187.89,563,0.76
08/05/25 17:10,M007,Recycled Material,Scrap Steel,181,39.41,125.77,991,3.16
08/05/25 17:15,M007,Process Additive,Industrial Oil,115.16,0.00,178.09,276,0.76
08/05/25 17:20,M003,Intermediate Material,Sheet Metal,52.46,0.00,136.67,377,1.69
08/05/25 17:25,M001,Recycled Material,Reprocessed Plastics,73.75,41.49,182.46,384,1.14
08/05/25 17:30,M008,Hazardous Material,Solvent,114.93,0.00,193.68,263,2.44
08/05/25 17:35,M001,Process Additive,Industrial Oil,60.04,0.00,118.79,588,3.04
08/05/25 17:40,M003,Intermediate Material,Textiles,191.5,0.00,176.43,526,2.45
08/05/25 17:45,M005,Finished Material,Circuit Board,100.79,0.00,117.27,733,2.14
08/05/25 17:50,M002,Hazardous Material,Lead-Based Alloy,129.45,0.00,120.93,482,4.04
08/05/25 17:55,M003,Process Additive,Catalyst,195.56,0.00,87.57,557,1.85
08/05/25 18:00,M004,Intermediate Material,Plastic Resin,153.24,0.00,189.22,420,3.17
08/05/25 18:05,M008,Process Additive,Catalyst,101.11,0.00,175.26,815,0.97
08/05/25 18:10,M003,Process Additive,Catalyst,135.84,0.00,189.37,825,2.96
08/05/25 18:15,M004,Intermediate Material,Plastic Resin,134.49,0.00,186.87,420,2.55
08/05/25 18:20,M002,Recycled Material,Scrap Steel,143.54,4.07,138.91,717,4.50
08/05/25 18:25,M005,Raw Material,Cotton,108.44,0.00,103.18,888,1.38
08/05/25 18:30,M003,Process Additive,Industrial Oil,121.06,0.00,106.8,103,1.64
08/05/25 18:35,M010,Recycled Material,Scrap Steel,167.55,47.83,138.16,421,3.02
08/05/25 18:40,M009,Intermediate Material,Textiles,78.23,0.00,190.85,719,0.60
08/05/25 18:45,M001,Finished Material,Circuit Board,128.53,0.00,140.5,354,3.95
08/05/25 18:50,M007,Finished Material,Circuit Board,94.73,0.00,104.51,403,0.13
08/05/25 18:55,M007,Raw Material,Polypropylene,119.74,0.00,189.18,251,2.23
08/05/25 19:00,M007,Hazardous Material,Lead-Based Alloy,139.08,0.00,171.02,210,4.68
08/05/25 19:05,M008,Process Additive,Industrial Oil,155.94,0.00,134.4,266,2.93
08/05/25 19:10,M006,Raw Material,Steel,57.86,0.00,119.18,588,1.84
08/05/25 19:15,M006,Finished Material,Machine Component,132.52,0.00,155.47,761,1.62
08/05/25 19:20,M003,Process Additive,Catalyst,175.41,0.00,84.14,389,1.62
08/05/25 19:25,M010,Raw Material,Steel,158.42,0.00,165.64,608,0.32
08/05/25 19:30,M002,Intermediate Material,Sheet Metal,65.34,0.00,99.61,830,1.18
08/05/25 19:35,M006,Process Additive,Coolant,62.17,0.00,121.23,171,2.46
08/05/25 19:40,M009,Raw Material,Cotton,146.27,0.00,127.52,258,2.74
08/05/25 19:45,M002,Intermediate Material,Plastic Resin,73.86,0.00,171.53,989,1.30
08/05/25 19:50,M004,Raw Material,Steel,57.87,0.00,181.15,330,2.39
08/05/25 19:55,M001,Intermediate Material,Sheet Metal,192.49,0.00,194.53,240,2.50
08/05/25 20:00,M006,Recycled Material,Reprocessed Plastics,52.89,38.28,139.07,785,3.57
08/05/25 20:05,M007,Hazardous Material,Lead-Based Alloy,56.02,0.00,150.76,313,1.15
08/05/25 20:10,M008,Raw Material,Polypropylene,155.27,0.00,149.79,476,2.55
08/05/25 20:15,M003,Recycled Material,Scrap Steel,72.84,0.37,155.32,737,1.41
08/05/25 20:20,M009,Process Additive,Catalyst,108.26,0.00,180.18,872,3.04
08/05/25 20:25,M006,Intermediate Material,Plastic Resin,184.69,0.00,127.12,766,1.43
08/05/25 20:30,M001,Recycled Material,Reprocessed Plastics,80.69,5.63,126.49,209,3.71
08/05/25 20:35,M004,Intermediate Material,Textiles,160.36,0.00,115.83,806,3.37
08/05/25 20:40,M010,Process Additive,Coolant,119.57,0.00,157.74,335,2.83
08/05/25 20:45,M005,Intermediate Material,Textiles,53.57,0.00,81.48,949,0.90
08/05/25 20:50,M006,Intermediate Material,Plastic Resin,192.02,0.00,126.63,435,2.29
08/05/25 20:55,M007,Hazardous Material,Lead-Based Alloy,188.12,0.00,137.62,711,1.43
08/05/25 21:00,M004,Raw Material,Steel,182.66,0.00,182.32,734,0.25
08/05/25 21:05,M001,Process Additive,Industrial Oil,95.52,0.00,125.77,681,4.81
08/05/25 21:10,M002,Raw Material,Polypropylene,82.3,0.00,102.89,533,3.71
08/05/25 21:15,M006,Raw Material,Polypropylene,112.62,0.00,82.69,888,0.17
08/05/25 21:20,M002,Process Additive,Industrial Oil,89.41,0.00,191.62,919,4.57
08/05/25 21:25,M002,Finished Material,Packaging,192.86,0.00,175.13,587,0.87
08/05/25 21:30,M002,Raw Material,Aluminum,118.29,0.00,186.37,811,2.79
08/05/25 21:35,M005,Raw Material,Cotton,59.49,0.00,163.02,320,0.33
08/05/25 21:40,M007,Raw Material,Steel,124.61,0.00,179.65,522,0.88
08/05/25 21:45,M001,Hazardous Material,Lead-Based Alloy,148.49,0.00,195.13,997,1.40
08/05/25 21:50,M005,Finished Material,Machine Component,80.4,0.00,112.07,787,1.36
08/05/25 21:55,M004,Intermediate Material,Textiles,117.2,0.00,80.23,765,0.22
08/05/25 22:00,M010,Recycled Material,Reprocessed Plastics,168.79,35.78,169.1,393,1.82
08/05/25 22:05,M010,Process Additive,Coolant,173.11,0.00,145.35,482,3.29
08/05/25 22:10,M006,Finished Material,Packaging,131.12,0.00,118.49,754,1.73
08/05/25 22:15,M003,Hazardous Material,Solvent,105.82,0.00,198.02,885,1.46
08/05/25 22:20,M008,Finished Material,Packaging,111.17,0.00,195.37,188,3.01
08/05/25 22:25,M003,Process Additive,Coolant,146.82,0.00,134.09,652,4.31
08/05/25 22:30,M003,Raw Material,Polypropylene,125.95,0.00,183.17,740,0.73
08/05/25 22:35,M006,Hazardous Material,Lead-Based Alloy,177.66,0.00,148.84,935,3.96
08/05/25 22:40,M007,Raw Material,Cotton,182.11,0.00,198.86,657,0.21
08/05/25 22:45,M002,Hazardous Material,Lead-Based Alloy,88.21,0.00,146.05,268,3.70
08/05/25 22:50,M006,Recycled Material,Scrap Steel,98.82,41.82,124.8,504,2.62
08/05/25 22:55,M007,Intermediate Material,Textiles,102.67,0.00,128.96,869,4.94
08/05/25 23:00,M004,Finished Material,Packaging,118.05,0.00,180.12,871,0.94
08/05/25 23:05,M001,Hazardous Material,Lead-Based Alloy,124.28,0.00,189.9,811,4.75
08/05/25 23:10,M004,Recycled Material,Reprocessed Plastics,173.78,27.10,91.59,934,0.96
08/05/25 23:15,M001,Raw Material,Polypropylene,68.16,0.00,102.29,894,3.40
08/05/25 23:20,M002,Process Additive,Coolant,192.65,0.00,130.63,466,3.31
08/05/25 23:25,M001,Finished Material,Packaging,95.03,0.00,126.53,313,1.52
08/05/25 23:30,M010,Hazardous Material,Solvent,145.28,0.00,151.2,795,2.46
08/05/25 23:35,M001,Recycled Material,Reprocessed Plastics,102.72,12.79,136.83,916,1.92
08/05/25 23:40,M009,Raw Material,Cotton,153.29,0.00,154.43,459,4.75
08/05/25 23:45,M008,Raw Material,Cotton,55.8,0.00,138.49,188,2.37
08/05/25 23:50,M009,Raw Material,Steel,86.81,0.00,179.68,746,4.61
08/05/25 23:55,M008,Recycled Material,Reprocessed Plastics,86.21,49.20,84.12,417,2.76
09/05/25 0:00,M008,Intermediate Material,Textiles,111.59,0.00,81.24,231,2.97
09/05/25 0:05,M001,Hazardous Material,Solvent,60.36,0.00,101.75,381,3.49
09/05/25 0:10,M007,Hazardous Material,Lead-Based Alloy,87.98,0.00,94.12,629,2.46
09/05/25 0:15,M008,Process Additive,Industrial Oil,55.97,0.00,152.13,536,0.55
09/05/25 0:20,M003,Raw Material,Aluminum,122.32,0.00,109.89,496,3.88
09/05/25 0:25,M003,Recycled Material,Scrap Steel,95.34,11.17,183.87,697,4.23
09/05/25 0:30,M004,Finished Material,Machine Component,171.26,0.00,193.76,218,0.51
09/05/25 0:35,M003,Intermediate Material,Textiles,196.82,0.00,152.62,124,2.19
09/05/25 0:40,M006,Finished Material,Machine Component,53.08,0.00,143.02,810,1.84
09/05/25 0:45,M009,Raw Material,Cotton,121.05,0.00,113.47,670,3.51
09/05/25 0:50,M002,Raw Material,Steel,89.42,0.00,193.84,466,2.37
09/05/25 0:55,M009,Intermediate Material,Sheet Metal,68.15,0.00,99.44,684,0.93
09/05/25 1:00,M004,Recycled Material,Reprocessed Plastics,133.61,23.89,196.5,772,0.93
09/05/25 1:05,M007,Raw Material,Steel,84.84,0.00,97.69,236,3.73
09/05/25 1:10,M007,Raw Material,Polypropylene,59,0.00,174.57,215,2.62
09/05/25 1:15,M005,Hazardous Material,Lead-Based Alloy,95.5,0.00,177.38,427,4.60
09/05/25 1:20,M008,Intermediate Material,Sheet Metal,149.61,0.00,137.39,319,0.50
09/05/25 1:25,M007,Hazardous Material,Lead-Based Alloy,71.92,0.00,95.23,622,0.73
09/05/25 1:30,M002,Recycled Material,Scrap Steel,134.92,12.35,170.41,959,3.13
09/05/25 1:35,M004,Process Additive,Coolant,58.95,0.00,131.82,991,1.60
09/05/25 1:40,M007,Raw Material,Aluminum,150.75,0.00,191.69,500,2.25
09/05/25 1:45,M004,Finished Material,Circuit Board,121.9,0.00,193.93,621,4.44
09/05/25 1:50,M003,Intermediate Material,Textiles,128.19,0.00,139.66,176,2.16
09/05/25 1:55,M001,Recycled Material,Scrap Steel,134.25,35.22,173.25,891,3.21
09/05/25 2:00,M006,Process Additive,Coolant,92.13,0.00,158.02,449,1.52
09/05/25 2:05,M009,Hazardous Material,Solvent,187.9,0.00,182.65,581,2.56
09/05/25 2:10,M007,Finished Material,Packaging,154.29,0.00,190.81,719,3.00
09/05/25 2:15,M010,Intermediate Material,Plastic Resin,100.56,0.00,162.97,450,2.66
09/05/25 2:20,M010,Finished Material,Circuit Board,87.74,0.00,112.19,377,4.37
09/05/25 2:25,M010,Hazardous Material,Lead-Based Alloy,96.96,0.00,188.7,345,2.83
09/05/25 2:30,M006,Process Additive,Industrial Oil,173.86,0.00,142.12,521,1.39
09/05/25 2:35,M010,Recycled Material,Scrap Steel,165.25,44.53,96.71,888,3.44
09/05/25 2:40,M004,Finished Material,Packaging,104.22,0.00,145.13,428,1.02
09/05/25 2:45,M008,Hazardous Material,Lead-Based Alloy,67.58,0.00,166.73,398,3.19
09/05/25 2:50,M004,Hazardous Material,Solvent,77.46,0.00,157.7,608,1.87
09/05/25 2:55,M007,Recycled Material,Reprocessed Plastics,189.87,22.95,120.97,360,3.03
09/05/25 3:00,M005,Raw Material,Cotton,171.97,0.00,198.06,103,0.33
09/05/25 3:05,M005,Recycled Material,Reprocessed Plastics,190.21,27.53,178.54,623,2.84
09/05/25 3:10,M004,Process Additive,Industrial Oil,197.24,0.00,155.37,601,2.98
09/05/25 3:15,M008,Recycled Material,Reprocessed Plastics,96.97,6.99,94.75,878,4.01
09/05/25 3:20,M001,Raw Material,Steel,91.6,0.00,145.82,374,0.64
09/05/25 3:25,M002,Finished Material,Packaging,113.49,0.00,84.79,776,2.83
09/05/25 3:30,M001,Raw Material,Polypropylene,196.53,0.00,166.35,391,2.15
09/05/25 3:35,M004,Intermediate Material,Textiles,140.55,0.00,170.21,665,1.77
09/05/25 3:40,M004,Intermediate Material,Sheet Metal,133.06,0.00,118.01,325,0.86
09/05/25 3:45,M007,Intermediate Material,Textiles,142.44,0.00,194.54,193,2.86
09/05/25 3:50,M010,Process Additive,Coolant,68.68,0.00,109.54,516,1.10
09/05/25 3:55,M008,Hazardous Material,Lead-Based Alloy,183.78,0.00,190.12,386,0.54
09/05/25 4:00,M004,Finished Material,Machine Component,115.28,0.00,183.31,969,1.93
09/05/25 4:05,M004,Intermediate Material,Sheet Metal,177.09,0.00,129.02,554,2.21
09/05/25 4:10,M007,Hazardous Material,Solvent,53.45,0.00,171.81,310,4.41
09/05/25 4:15,M008,Recycled Material,Reprocessed Plastics,98.31,24.95,153.88,958,2.21
09/05/25 4:20,M004,Process Additive,Industrial Oil,155.52,0.00,152.11,815,3.42
09/05/25 4:25,M003,Recycled Material,Scrap Steel,82.69,17.66,112.9,832,1.45
09/05/25 4:30,M004,Recycled Material,Reprocessed Plastics,194.1,34.32,147.6,760,3.49
09/05/25 4:35,M008,Finished Material,Circuit Board,108.33,0.00,121.42,490,0.10
09/05/25 4:40,M007,Finished Material,Machine Component,186.38,0.00,90.74,361,1.74
09/05/25 4:45,M005,Process Additive,Coolant,121.78,0.00,100.22,974,2.93
09/05/25 4:50,M009,Hazardous Material,Lead-Based Alloy,176.89,0.00,197.5,473,0.24
09/05/25 4:55,M004,Raw Material,Aluminum,63.86,0.00,163.44,151,1.25
09/05/25 5:00,M009,Process Additive,Coolant,72.35,0.00,97,546,1.39
09/05/25 5:05,M003,Intermediate Material,Plastic Resin,96.74,0.00,142.46,337,4.36
09/05/25 5:10,M010,Raw Material,Aluminum,93.24,0.00,136.43,533,4.47
09/05/25 5:15,M004,Raw Material,Aluminum,140.4,0.00,89.25,891,0.51
09/05/25 5:20,M003,Hazardous Material,Lead-Based Alloy,166.86,0.00,146.41,477,3.62
09/05/25 5:25,M003,Hazardous Material,Lead-Based Alloy,86.85,0.00,81.05,975,0.86
09/05/25 5:30,M005,Hazardous Material,Lead-Based Alloy,125.14,0.00,187.38,503,0.67
09/05/25 5:35,M001,Recycled Material,Scrap Steel,176.98,12.10,153.08,476,2.87
09/05/25 5:40,M005,Recycled Material,Scrap Steel,118.24,35.51,165.61,265,3.20
09/05/25 5:45,M001,Raw Material,Cotton,70.39,0.00,114.46,641,3.99
09/05/25 5:50,M007,Hazardous Material,Solvent,183.32,0.00,135.99,762,4.72
09/05/25 5:55,M006,Hazardous Material,Solvent,162.74,0.00,142.82,517,0.83
09/05/25 6:00,M008,Intermediate Material,Sheet Metal,81.03,0.00,151.98,476,4.21
09/05/25 6:05,M002,Hazardous Material,Solvent,107.39,0.00,115.94,124,1.57
09/05/25 6:10,M004,Raw Material,Aluminum,115.33,0.00,156.61,250,2.25
09/05/25 6:15,M010,Finished Material,Circuit Board,147.36,0.00,116.24,350,0.71
09/05/25 6:20,M004,Recycled Material,Reprocessed Plastics,123.02,23.32,135.82,309,2.32
09/05/25 6:25,M007,Raw Material,Aluminum,192.16,0.00,187.64,203,1.48
09/05/25 6:30,M001,Process Additive,Coolant,186.41,0.00,186.45,993,2.17
09/05/25 6:35,M010,Process Additive,Coolant,173.16,0.00,146.19,141,4.67
09/05/25 6:40,M008,Raw Material,Polypropylene,99.72,0.00,117.24,618,0.83
09/05/25 6:45,M002,Intermediate Material,Textiles,156.67,0.00,112.35,125,2.55
09/05/25 6:50,M009,Process Additive,Industrial Oil,117.25,0.00,120.08,727,2.30
09/05/25 6:55,M010,Process Additive,Coolant,105.2,0.00,176.15,699,0.62
09/05/25 7:00,M008,Recycled Material,Reprocessed Plastics,164.55,1.81,173.52,846,3.74
09/05/25 7:05,M009,Raw Material,Aluminum,189.94,0.00,125.35,776,3.57
09/05/25 7:10,M005,Intermediate Material,Sheet Metal,164.32,0.00,103.56,731,1.92
09/05/25 7:15,M007,Intermediate Material,Sheet Metal,56.6,0.00,81.45,236,0.97
09/05/25 7:20,M010,Intermediate Material,Plastic Resin,169.92,0.00,185.98,537,2.74
09/05/25 7:25,M005,Intermediate Material,Sheet Metal,198.65,0.00,99.61,138,1.33
09/05/25 7:30,M008,Raw Material,Aluminum,120.25,0.00,197.74,788,2.47
09/05/25 7:35,M002,Finished Material,Machine Component,171.75,0.00,121.13,845,4.90
09/05/25 7:40,M008,Process Additive,Catalyst,133.79,0.00,186.7,933,3.71
09/05/25 7:45,M006,Hazardous Material,Lead-Based Alloy,150.16,0.00,180.24,703,2.60
09/05/25 7:50,M005,Hazardous Material,Lead-Based Alloy,83.93,0.00,82.67,594,1.36
09/05/25 7:55,M009,Process Additive,Coolant,195.91,0.00,198.96,152,4.76
09/05/25 8:00,M005,Process Additive,Industrial Oil,173.61,0.00,146.6,964,3.92
09/05/25 8:05,M004,Recycled Material,Scrap Steel,188.91,34.87,140.7,522,3.71
09/05/25 8:10,M007,Hazardous Material,Solvent,94.86,0.00,109.1,738,2.41
09/05/25 8:15,M002,Process Additive,Industrial Oil,115.34,0.00,177.81,257,2.07
09/05/25 8:20,M001,Process Additive,Coolant,67.73,0.00,108.28,1000,4.99
09/05/25 8:25,M007,Hazardous Material,Lead-Based Alloy,110.8,0.00,181.93,393,1.22
09/05/25 8:30,M003,Process Additive,Industrial Oil,139.7,0.00,151.21,973,0.41
09/05/25 8:35,M002,Raw Material,Steel,72.51,0.00,131.43,194,4.67
09/05/25 8:40,M003,Raw Material,Steel,120.68,0.00,83.92,398,4.92
09/05/25 8:45,M006,Finished Material,Packaging,187.71,0.00,164,782,2.86
09/05/25 8:50,M001,Intermediate Material,Plastic Resin,99.52,0.00,84.67,696,0.41
09/05/25 8:55,M001,Hazardous Material,Lead-Based Alloy,173.21,0.00,103.07,274,4.49
09/05/25 9:00,M008,Raw Material,Polypropylene,139.01,0.00,153.85,638,0.36
09/05/25 9:05,M010,Process Additive,Industrial Oil,59.74,0.00,152.74,366,0.79
09/05/25 9:10,M009,Raw Material,Cotton,140.97,0.00,162.68,132,1.97
09/05/25 9:15,M006,Finished Material,Circuit Board,154.24,0.00,177.23,467,4.76
09/05/25 9:20,M005,Process Additive,Catalyst,155.85,0.00,128.13,926,4.65
09/05/25 9:25,M005,Finished Material,Machine Component,81.58,0.00,135.35,820,0.78
09/05/25 9:30,M002,Raw Material,Steel,72.15,0.00,199.79,229,0.75
09/05/25 9:35,M002,Process Additive,Coolant,153.16,0.00,149.51,835,2.41
09/05/25 9:40,M007,Raw Material,Polypropylene,190.62,0.00,105.17,584,3.28
09/05/25 9:45,M006,Intermediate Material,Plastic Resin,78.72,0.00,87.93,132,4.21
09/05/25 9:50,M005,Recycled Material,Scrap Steel,171.88,23.18,195.99,902,3.55
09/05/25 9:55,M006,Recycled Material,Scrap Steel,172.37,37.26,164.89,774,1.57
09/05/25 10:00,M010,Finished Material,Circuit Board,51.12,0.00,173.98,356,2.08
09/05/25 10:05,M008,Process Additive,Industrial Oil,56.3,0.00,96.84,625,3.02
09/05/25 10:10,M005,Intermediate Material,Textiles,77.08,0.00,84.61,109,3.16
09/05/25 10:15,M006,Hazardous Material,Solvent,100.58,0.00,92.55,890,4.12
09/05/25 10:20,M009,Intermediate Material,Sheet Metal,72.17,0.00,161.64,978,3.68
09/05/25 10:25,M009,Process Additive,Catalyst,108.6,0.00,143.45,704,3.06
09/05/25 10:30,M010,Intermediate Material,Plastic Resin,165.46,0.00,167.75,140,2.27
09/05/25 10:35,M010,Hazardous Material,Solvent,130.82,0.00,170.69,145,1.42
09/05/25 10:40,M001,Recycled Material,Scrap Steel,121.18,43.91,191.49,723,2.86
09/05/25 10:45,M006,Hazardous Material,Lead-Based Alloy,117.39,0.00,116.03,767,4.26
09/05/25 10:50,M004,Finished Material,Packaging,88.12,0.00,111.84,643,1.15
09/05/25 10:55,M004,Recycled Material,Scrap Steel,109.55,21.50,195.04,921,4.02
09/05/25 11:00,M009,Hazardous Material,Solvent,52.45,0.00,184.23,850,3.97
09/05/25 11:05,M005,Hazardous Material,Lead-Based Alloy,124.5,0.00,149.62,646,3.31
09/05/25 11:10,M005,Raw Material,Aluminum,188.84,0.00,126.68,843,1.64
09/05/25 11:15,M009,Finished Material,Circuit Board,52.13,0.00,131.54,436,3.23
09/05/25 11:20,M008,Raw Material,Steel,69.48,0.00,169.93,364,0.85
09/05/25 11:25,M005,Finished Material,Machine Component,112.34,0.00,188.71,308,3.65
09/05/25 11:30,M006,Raw Material,Polypropylene,96.42,0.00,145.08,661,3.20
09/05/25 11:35,M002,Intermediate Material,Sheet Metal,177.95,0.00,80.4,345,0.33
09/05/25 11:40,M005,Intermediate Material,Sheet Metal,164.74,0.00,120.5,612,3.83
09/05/25 11:45,M009,Recycled Material,Scrap Steel,122.19,30.72,174.26,464,3.95
09/05/25 11:50,M006,Intermediate Material,Plastic Resin,170.99,0.00,145.44,356,3.63
09/05/25 11:55,M010,Raw Material,Steel,74.34,0.00,121.05,634,4.08
09/05/25 12:00,M009,Intermediate Material,Plastic Resin,198.67,0.00,170.88,459,0.15
09/05/25 12:05,M007,Recycled Material,Scrap Steel,171.09,38.79,128.3,271,0.95
09/05/25 12:10,M008,Hazardous Material,Lead-Based Alloy,196.42,0.00,169.36,954,3.29
09/05/25 12:15,M008,Hazardous Material,Solvent,108.09,0.00,157.1,303,4.50
09/05/25 12:20,M001,Recycled Material,Scrap Steel,50.56,17.77,198.52,481,3.24
09/05/25 12:25,M007,Finished Material,Circuit Board,195.44,0.00,183.44,187,0.67
09/05/25 12:30,M002,Hazardous Material,Lead-Based Alloy,138.93,0.00,136.81,666,4.98
09/05/25 12:35,M006,Raw Material,Steel,167.92,0.00,156.57,351,1.56
09/05/25 12:40,M007,Process Additive,Industrial Oil,178.8,0.00,86.59,407,3.32
09/05/25 12:45,M003,Finished Material,Machine Component,172.35,0.00,199.91,387,1.70
09/05/25 12:50,M007,Raw Material,Polypropylene,61.27,0.00,117.01,407,2.03
09/05/25 12:55,M001,Process Additive,Coolant,77.72,0.00,91.17,240,4.66
09/05/25 13:00,M010,Hazardous Material,Lead-Based Alloy,104.38,0.00,91.42,370,3.84
09/05/25 13:05,M006,Raw Material,Aluminum,136.46,0.00,149.87,180,1.16
09/05/25 13:10,M005,Process Additive,Catalyst,163.23,0.00,189.56,181,4.06
09/05/25 13:15,M009,Hazardous Material,Solvent,185.95,0.00,158.95,202,4.48
09/05/25 13:20,M001,Process Additive,Coolant,63.95,0.00,119.99,858,0.26
09/05/25 13:25,M002,Raw Material,Steel,66.02,0.00,137.24,580,4.05
09/05/25 13:30,M007,Hazardous Material,Lead-Based Alloy,89.64,0.00,150.9,674,4.48
09/05/25 13:35,M004,Raw Material,Polypropylene,75.26,0.00,157.82,682,3.50
09/05/25 13:40,M002,Finished Material,Circuit Board,120.55,0.00,167.45,229,0.85
09/05/25 13:45,M009,Intermediate Material,Plastic Resin,50.79,0.00,142.76,379,2.88
09/05/25 13:50,M004,Recycled Material,Scrap Steel,58.91,10.55,160.03,297,4.13
09/05/25 13:55,M005,Process Additive,Industrial Oil,110.68,0.00,150.89,692,1.44
09/05/25 14:00,M004,Hazardous Material,Lead-Based Alloy,156.04,0.00,110.6,719,2.49
09/05/25 14:05,M002,Recycled Material,Scrap Steel,162.02,34.56,149.19,933,3.20
09/05/25 14:10,M002,Finished Material,Circuit Board,69.87,0.00,84.82,355,3.72
09/05/25 14:15,M002,Finished Material,Machine Component,69.94,0.00,106.18,215,2.87
09/05/25 14:20,M004,Finished Material,Circuit Board,174.5,0.00,81.65,209,1.71
09/05/25 14:25,M008,Intermediate Material,Sheet Metal,158.65,0.00,174.27,989,1.84
09/05/25 14:30,M007,Recycled Material,Reprocessed Plastics,116.51,10.08,156.21,311,1.95
09/05/25 14:35,M004,Finished Material,Packaging,86.42,0.00,138.67,380,2.19
09/05/25 14:40,M005,Raw Material,Cotton,119.54,0.00,87.37,953,0.30
09/05/25 14:45,M008,Hazardous Material,Solvent,80.58,0.00,93.25,394,0.70
09/05/25 14:50,M005,Intermediate Material,Plastic Resin,165.36,0.00,136.79,880,2.65
09/05/25 14:55,M010,Recycled Material,Reprocessed Plastics,95.48,11.22,104.11,984,1.38
09/05/25 15:00,M008,Recycled Material,Reprocessed Plastics,74.07,11.03,188.58,117,3.91
09/05/25 15:05,M008,Recycled Material,Scrap Steel,197.97,27.59,157.03,248,0.55
09/05/25 15:10,M006,Hazardous Material,Solvent,153.49,0.00,112.62,774,2.58
09/05/25 15:15,M005,Finished Material,Machine Component,53.04,0.00,148.06,209,1.21
09/05/25 15:20,M005,Process Additive,Industrial Oil,163.66,0.00,160.21,669,4.28
09/05/25 15:25,M010,Hazardous Material,Lead-Based Alloy,144.13,0.00,197.29,103,0.75
09/05/25 15:30,M001,Process Additive,Catalyst,165.45,0.00,130.37,449,0.01
09/05/25 15:35,M004,Intermediate Material,Sheet Metal,159.89,0.00,166.51,535,1.26
09/05/25 15:40,M005,Hazardous Material,Lead-Based Alloy,144.33,0.00,160.38,716,2.83
09/05/25 15:45,M006,Raw Material,Cotton,120.78,0.00,103.55,350,1.62
09/05/25 15:50,M006,Process Additive,Coolant,163.84,0.00,143.9,604,1.14
09/05/25 15:55,M009,Raw Material,Steel,65.48,0.00,187.51,336,2.05
09/05/25 16:00,M001,Intermediate Material,Plastic Resin,111.85,0.00,199.51,174,0.51
09/05/25 16:05,M009,Recycled Material,Scrap Steel,83.11,10.73,124.51,137,1.28
09/05/25 16:10,M010,Recycled Material,Scrap Steel,198.7,32.15,186.78,314,0.47
09/05/25 16:15,M004,Hazardous Material,Lead-Based Alloy,64.03,0.00,110.04,712,2.68
09/05/25 16:20,M004,Raw Material,Cotton,153.35,0.00,144.93,773,3.79
09/05/25 16:25,M001,Recycled Material,Scrap Steel,169.36,44.37,92.01,615,2.91
09/05/25 16:30,M010,Process Additive,Industrial Oil,114.07,0.00,121.88,465,3.77
09/05/25 16:35,M009,Finished Material,Circuit Board,54.03,0.00,91.7,742,2.86
09/05/25 16:40,M005,Intermediate Material,Sheet Metal,173.35,0.00,108.11,146,3.66
09/05/25 16:45,M004,Intermediate Material,Sheet Metal,69.89,0.00,135.3,777,2.25
09/05/25 16:50,M010,Intermediate Material,Sheet Metal,67.68,0.00,189.47,309,1.83
09/05/25 16:55,M005,Finished Material,Machine Component,73.09,0.00,87.59,262,2.37
09/05/25 17:00,M001,Intermediate Material,Plastic Resin,55.27,0.00,101.01,963,4.46
09/05/25 17:05,M002,Raw Material,Aluminum,81.77,0.00,98.45,211,2.17
09/05/25 17:10,M003,Process Additive,Catalyst,128.04,0.00,146.6,793,2.65
09/05/25 17:15,M010,Hazardous Material,Solvent,182.96,0.00,98.89,708,2.66
09/05/25 17:20,M010,Intermediate Material,Plastic Resin,113.73,0.00,153.31,913,2.23
09/05/25 17:25,M006,Process Additive,Catalyst,82.12,0.00,168.01,890,4.18
09/05/25 17:30,M004,Recycled Material,Reprocessed Plastics,106.33,26.77,191.27,995,2.91
09/05/25 17:35,M003,Raw Material,Aluminum,160.55,0.00,144.03,977,0.57
09/05/25 17:40,M008,Recycled Material,Scrap Steel,57.92,8.99,185.1,918,0.63
09/05/25 17:45,M001,Hazardous Material,Lead-Based Alloy,86.22,0.00,146.27,447,2.63
09/05/25 17:50,M002,Process Additive,Coolant,99.81,0.00,96.34,282,0.22
09/05/25 17:55,M008,Intermediate Material,Sheet Metal,170.43,0.00,106.46,751,0.45
09/05/25 18:00,M003,Hazardous Material,Solvent,60.72,0.00,166.51,659,0.40
09/05/25 18:05,M006,Recycled Material,Scrap Steel,152.2,49.64,120.52,133,3.83
09/05/25 18:10,M001,Finished Material,Packaging,53.63,0.00,177.15,131,0.42
09/05/25 18:15,M003,Finished Material,Packaging,137.88,0.00,89.92,294,2.40
09/05/25 18:20,M002,Recycled Material,Reprocessed Plastics,58.59,31.54,196.24,126,3.60
09/05/25 18:25,M006,Process Additive,Coolant,150.83,0.00,175.36,616,3.23
09/05/25 18:30,M005,Process Additive,Industrial Oil,62.76,0.00,177.53,714,3.34
09/05/25 18:35,M009,Recycled Material,Reprocessed Plastics,123.67,45.51,89.19,279,4.12
09/05/25 18:40,M005,Hazardous Material,Lead-Based Alloy,97.12,0.00,136.26,619,2.17
09/05/25 18:45,M001,Raw Material,Steel,50.42,0.00,111.35,351,1.89
09/05/25 18:50,M006,Raw Material,Polypropylene,158.58,0.00,113.01,253,2.03
09/05/25 18:55,M010,Raw Material,Aluminum,111.95,0.00,175.72,623,1.14
09/05/25 19:00,M006,Process Additive,Catalyst,57.35,0.00,117.22,274,3.93
09/05/25 19:05,M007,Finished Material,Circuit Board,132.88,0.00,84.73,581,0.27
09/05/25 19:10,M004,Intermediate Material,Plastic Resin,140.32,0.00,153.71,571,3.09
09/05/25 19:15,M001,Hazardous Material,Lead-Based Alloy,68.87,0.00,87.29,921,0.23
09/05/25 19:20,M002,Recycled Material,Reprocessed Plastics,175.23,6.21,146.7,641,3.69
09/05/25 19:25,M005,Finished Material,Packaging,88.8,0.00,182.83,281,2.74
09/05/25 19:30,M008,Recycled Material,Scrap Steel,127.35,18.90,171.66,641,3.24
09/05/25 19:35,M007,Process Additive,Industrial Oil,73.23,0.00,87.86,813,2.00
09/05/25 19:40,M005,Finished Material,Circuit Board,128.26,0.00,157.42,782,3.65
09/05/25 19:45,M007,Process Additive,Industrial Oil,53.11,0.00,185.53,874,3.58
09/05/25 19:50,M006,Finished Material,Packaging,176.76,0.00,131.71,206,1.55
09/05/25 19:55,M005,Raw Material,Cotton,181.02,0.00,178.64,398,4.73
09/05/25 20:00,M007,Intermediate Material,Plastic Resin,191.92,0.00,124.84,397,4.33
09/05/25 20:05,M001,Intermediate Material,Plastic Resin,168.3,0.00,166.53,477,1.70
09/05/25 20:10,M003,Process Additive,Industrial Oil,193.88,0.00,189.37,123,3.34
09/05/25 20:15,M008,Recycled Material,Reprocessed Plastics,111.68,13.99,114.87,689,4.80
09/05/25 20:20,M009,Hazardous Material,Lead-Based Alloy,165.81,0.00,167.69,477,1.21
09/05/25 20:25,M009,Hazardous Material,Lead-Based Alloy,174.56,0.00,113.05,842,4.86
09/05/25 20:30,M008,Hazardous Material,Lead-Based Alloy,151.05,0.00,120.79,396,3.43
09/05/25 20:35,M001,Process Additive,Industrial Oil,80.7,0.00,105.94,883,4.12
09/05/25 20:40,M004,Hazardous Material,Solvent,138.07,0.00,186.02,225,1.97
09/05/25 20:45,M004,Intermediate Material,Sheet Metal,63.51,0.00,165.36,565,2.63
09/05/25 20:50,M002,Hazardous Material,Lead-Based Alloy,140.97,0.00,103.83,707,0.46
09/05/25 20:55,M004,Recycled Material,Scrap Steel,70.21,32.20,199.93,140,4.41
09/05/25 21:00,M001,Finished Material,Circuit Board,193.43,0.00,190.18,726,3.81
09/05/25 21:05,M008,Process Additive,Coolant,64.3,0.00,195.29,978,2.04
09/05/25 21:10,M009,Finished Material,Packaging,183.77,0.00,81.28,289,1.04
09/05/25 21:15,M001,Raw Material,Steel,100.19,0.00,129.8,662,0.64
09/05/25 21:20,M010,Hazardous Material,Lead-Based Alloy,86.66,0.00,125.27,583,3.18
09/05/25 21:25,M008,Process Additive,Catalyst,92.55,0.00,197.48,222,4.80
09/05/25 21:30,M007,Raw Material,Aluminum,108.76,0.00,153.17,454,0.67
09/05/25 21:35,M001,Raw Material,Polypropylene,140.55,0.00,177.02,991,2.63
09/05/25 21:40,M010,Process Additive,Industrial Oil,130.88,0.00,107.1,506,2.65
09/05/25 21:45,M006,Raw Material,Aluminum,163.48,0.00,128.87,274,4.07
09/05/25 21:50,M003,Intermediate Material,Textiles,140.29,0.00,97.75,345,2.26
09/05/25 21:55,M006,Process Additive,Coolant,61.51,0.00,110.62,137,3.48
09/05/25 22:00,M005,Intermediate Material,Textiles,130.42,0.00,192.88,143,4.15
09/05/25 22:05,M001,Process Additive,Industrial Oil,123.86,0.00,127.46,545,4.83
09/05/25 22:10,M001,Hazardous Material,Lead-Based Alloy,67.48,0.00,95.45,899,4.23
09/05/25 22:15,M001,Intermediate Material,Sheet Metal,128.04,0.00,104.38,499,1.99
09/05/25 22:20,M010,Raw Material,Steel,107.94,0.00,162.19,174,1.60
09/05/25 22:25,M004,Raw Material,Aluminum,165.14,0.00,110.48,448,1.78
09/05/25 22:30,M007,Hazardous Material,Lead-Based Alloy,115.44,0.00,93.05,741,4.24
09/05/25 22:35,M007,Hazardous Material,Lead-Based Alloy,143.18,0.00,198.07,951,1.32
09/05/25 22:40,M001,Raw Material,Aluminum,95.6,0.00,146.54,912,2.64
09/05/25 22:45,M008,Intermediate Material,Plastic Resin,94.77,0.00,137.23,783,4.56
09/05/25 22:50,M009,Intermediate Material,Plastic Resin,56.92,0.00,108.05,483,3.07
09/05/25 22:55,M002,Raw Material,Steel,150.05,0.00,134.18,810,0.09
09/05/25 23:00,M001,Hazardous Material,Solvent,198.98,0.00,149.7,166,4.02
09/05/25 23:05,M005,Hazardous Material,Lead-Based Alloy,190.24,0.00,165.76,563,4.96
09/05/25 23:10,M010,Intermediate Material,Plastic Resin,163.43,0.00,164.74,738,4.71
09/05/25 23:15,M007,Hazardous Material,Solvent,180.44,0.00,158.81,950,2.76
09/05/25 23:20,M010,Hazardous Material,Solvent,63.45,0.00,142.67,248,2.68
09/05/25 23:25,M006,Hazardous Material,Solvent,145.52,0.00,148.25,250,1.65
09/05/25 23:30,M002,Process Additive,Industrial Oil,165.84,0.00,186.48,683,3.09
09/05/25 23:35,M004,Intermediate Material,Sheet Metal,66.25,0.00,180.7,926,4.10
09/05/25 23:40,M005,Intermediate Material,Plastic Resin,110.63,0.00,147.18,156,2.04
09/05/25 23:45,M001,Hazardous Material,Solvent,73.25,0.00,156.83,568,3.82
09/05/25 23:50,M001,Finished Material,Machine Component,76.09,0.00,105.91,675,4.72
09/05/25 23:55,M004,Hazardous Material,Lead-Based Alloy,98.87,0.00,159.51,470,3.25
10/05/25 0:00,M009,Intermediate Material,Textiles,184.56,0.00,170.84,956,4.09
10/05/25 0:05,M005,Raw Material,Polypropylene,194,0.00,186.47,220,4.91
10/05/25 0:10,M010,Hazardous Material,Solvent,101.2,0.00,145.91,969,3.92
10/05/25 0:15,M007,Hazardous Material,Solvent,131.68,0.00,97.59,776,1.33
10/05/25 0:20,M009,Recycled Material,Reprocessed Plastics,101.71,31.52,190.82,321,0.07
10/05/25 0:25,M008,Recycled Material,Scrap Steel,150.8,34.28,97.49,294,4.04
10/05/25 0:30,M006,Hazardous Material,Solvent,197.07,0.00,170.05,357,4.22
10/05/25 0:35,M005,Recycled Material,Scrap Steel,86.09,39.81,117.29,621,1.36
10/05/25 0:40,M001,Raw Material,Aluminum,121.76,0.00,106.85,106,3.34
10/05/25 0:45,M009,Recycled Material,Reprocessed Plastics,186.1,19.46,199.81,219,4.17
10/05/25 0:50,M007,Hazardous Material,Lead-Based Alloy,61.26,0.00,160.2,933,3.06
10/05/25 0:55,M001,Raw Material,Steel,106.28,0.00,86.72,763,1.40
10/05/25 1:00,M005,Finished Material,Packaging,60.97,0.00,168.53,155,2.27
10/05/25 1:05,M003,Finished Material,Packaging,79.38,0.00,149.9,553,3.21
10/05/25 1:10,M003,Raw Material,Polypropylene,83.08,0.00,113.58,117,4.48
10/05/25 1:15,M008,Recycled Material,Reprocessed Plastics,108.61,2.91,193.15,243,3.63
10/05/25 1:20,M007,Finished Material,Circuit Board,139.45,0.00,121.35,668,3.99
10/05/25 1:25,M008,Finished Material,Packaging,173.9,0.00,190.74,148,4.91
10/05/25 1:30,M010,Finished Material,Packaging,60.02,0.00,173.33,123,1.99
10/05/25 1:35,M009,Finished Material,Packaging,89.42,0.00,196.44,303,1.01
10/05/25 1:40,M004,Raw Material,Aluminum,193.13,0.00,117.7,832,4.65
10/05/25 1:45,M004,Process Additive,Coolant,66.31,0.00,145.36,181,2.32
10/05/25 1:50,M004,Intermediate Material,Textiles,65.25,0.00,152.35,100,1.90
10/05/25 1:55,M004,Recycled Material,Scrap Steel,173.78,48.98,118.13,578,2.48
10/05/25 2:00,M010,Process Additive,Coolant,68.19,0.00,106.19,176,4.46
10/05/25 2:05,M009,Process Additive,Coolant,89.69,0.00,85.9,272,4.32
10/05/25 2:10,M006,Raw Material,Aluminum,179.62,0.00,115.28,144,4.87
10/05/25 2:15,M002,Recycled Material,Reprocessed Plastics,92.71,2.65,134.21,798,1.25
10/05/25 2:20,M002,Recycled Material,Reprocessed Plastics,130.13,46.38,188.61,858,3.95
10/05/25 2:25,M009,Intermediate Material,Sheet Metal,61.28,0.00,180.07,754,0.46
10/05/25 2:30,M008,Hazardous Material,Lead-Based Alloy,65.35,0.00,103.21,631,4.65
10/05/25 2:35,M007,Intermediate Material,Textiles,131.92,0.00,168.15,603,3.92
10/05/25 2:40,M010,Recycled Material,Scrap Steel,163.68,43.33,107.8,942,2.70
10/05/25 2:45,M002,Hazardous Material,Lead-Based Alloy,131.53,0.00,199.51,518,0.15
10/05/25 2:50,M004,Hazardous Material,Solvent,193.97,0.00,82.75,904,3.51
10/05/25 2:55,M009,Finished Material,Packaging,114.3,0.00,161.69,221,2.27
10/05/25 3:00,M001,Recycled Material,Reprocessed Plastics,85.39,20.25,173.59,250,4.30
10/05/25 3:05,M001,Process Additive,Industrial Oil,106.42,0.00,97.24,774,4.20
10/05/25 3:10,M003,Intermediate Material,Textiles,102.4,0.00,160.87,188,4.96
10/05/25 3:15,M006,Raw Material,Polypropylene,130.86,0.00,133.67,207,3.43
10/05/25 3:20,M007,Hazardous Material,Lead-Based Alloy,159.87,0.00,142.74,888,4.69
10/05/25 3:25,M002,Hazardous Material,Lead-Based Alloy,99.11,0.00,127.75,567,3.77
10/05/25 3:30,M001,Hazardous Material,Solvent,85.28,0.00,154.81,654,1.44
10/05/25 3:35,M009,Raw Material,Aluminum,69.03,0.00,190.23,971,1.65
10/05/25 3:40,M001,Hazardous Material,Lead-Based Alloy,149.35,0.00,145.07,836,2.99
10/05/25 3:45,M005,Hazardous Material,Solvent,147.26,0.00,115.78,720,1.69
10/05/25 3:50,M010,Hazardous Material,Lead-Based Alloy,147.09,0.00,114.03,562,3.13
10/05/25 3:55,M009,Recycled Material,Scrap Steel,154.29,22.07,122.83,283,1.18
10/05/25 4:00,M009,Recycled Material,Reprocessed Plastics,108.57,9.80,172.29,772,0.93
10/05/25 4:05,M010,Recycled Material,Reprocessed Plastics,107.07,3.90,153.68,836,3.14
10/05/25 4:10,M008,Recycled Material,Reprocessed Plastics,107.67,7.50,154.84,546,2.53
10/05/25 4:15,M003,Intermediate Material,Plastic Resin,127.42,0.00,103.54,867,0.19
10/05/25 4:20,M009,Process Additive,Catalyst,128.66,0.00,127.83,290,3.41
10/05/25 4:25,M004,Process Additive,Industrial Oil,154.33,0.00,185.96,779,4.47
10/05/25 4:30,M006,Recycled Material,Reprocessed Plastics,159.15,16.59,134.8,139,0.15
10/05/25 4:35,M002,Intermediate Material,Plastic Resin,184.97,0.00,101.11,864,1.71
10/05/25 4:40,M006,Process Additive,Coolant,77.38,0.00,142.83,571,2.97
10/05/25 4:45,M004,Intermediate Material,Plastic Resin,173.97,0.00,153.37,290,3.19
10/05/25 4:50,M003,Finished Material,Packaging,160.9,0.00,181.61,908,1.96
10/05/25 4:55,M004,Intermediate Material,Textiles,194.07,0.00,190.85,205,1.70
10/05/25 5:00,M003,Process Additive,Industrial Oil,152.67,0.00,189.92,291,2.67
10/05/25 5:05,M006,Finished Material,Machine Component,76.68,0.00,193.4,498,0.84
10/05/25 5:10,M010,Intermediate Material,Plastic Resin,191.91,0.00,106.6,811,1.11
10/05/25 5:15,M009,Hazardous Material,Solvent,65.33,0.00,183.25,616,0.53
10/05/25 5:20,M007,Process Additive,Coolant,53.85,0.00,157.5,631,1.31
10/05/25 5:25,M007,Hazardous Material,Solvent,52.34,0.00,118.45,599,3.87
10/05/25 5:30,M005,Process Additive,Industrial Oil,51.14,0.00,116.79,738,0.60
10/05/25 5:35,M009,Hazardous Material,Lead-Based Alloy,188.95,0.00,93.58,592,3.00
10/05/25 5:40,M003,Raw Material,Aluminum,128.23,0.00,164.56,695,1.18
10/05/25 5:45,M001,Raw Material,Polypropylene,81.53,0.00,116.91,433,1.47
10/05/25 5:50,M002,Process Additive,Coolant,80.34,0.00,105.99,277,1.83
10/05/25 5:55,M004,Recycled Material,Reprocessed Plastics,159.18,47.53,91.69,917,2.13
10/05/25 6:00,M006,Raw Material,Steel,193.97,0.00,111.89,966,0.75
10/05/25 6:05,M002,Process Additive,Industrial Oil,55.28,0.00,122.46,567,1.91
10/05/25 6:10,M009,Raw Material,Cotton,134.22,0.00,152.61,954,0.66
10/05/25 6:15,M008,Raw Material,Polypropylene,104.15,0.00,108.2,626,2.63
10/05/25 6:20,M006,Recycled Material,Scrap Steel,183.53,46.76,146.89,928,3.88
10/05/25 6:25,M007,Raw Material,Polypropylene,179.61,0.00,150.03,525,3.96
10/05/25 6:30,M008,Hazardous Material,Solvent,91.93,0.00,183.51,241,2.46
10/05/25 6:35,M006,Hazardous Material,Solvent,197.47,0.00,187.18,386,2.71
10/05/25 6:40,M006,Finished Material,Packaging,113.29,0.00,123.65,987,1.59
10/05/25 6:45,M010,Process Additive,Industrial Oil,125.3,0.00,116.55,729,4.55
10/05/25 6:50,M002,Finished Material,Machine Component,197.81,0.00,83.05,971,0.03
10/05/25 6:55,M001,Raw Material,Aluminum,170.24,0.00,124.7,335,2.93
10/05/25 7:00,M004,Raw Material,Aluminum,69.67,0.00,185.28,946,0.58
10/05/25 7:05,M006,Process Additive,Industrial Oil,81.25,0.00,118.88,592,0.17
10/05/25 7:10,M004,Finished Material,Packaging,113.85,0.00,168.58,798,0.50
10/05/25 7:15,M005,Process Additive,Catalyst,128.72,0.00,125.97,700,3.10
10/05/25 7:20,M008,Intermediate Material,Plastic Resin,194.46,0.00,162.84,327,2.12
10/05/25 7:25,M008,Finished Material,Machine Component,146.47,0.00,97.96,106,0.65
10/05/25 7:30,M009,Finished Material,Packaging,75.16,0.00,124.26,314,4.75
10/05/25 7:35,M002,Hazardous Material,Lead-Based Alloy,170.81,0.00,100.74,656,4.04
10/05/25 7:40,M002,Finished Material,Circuit Board,78.56,0.00,87.55,304,3.03
10/05/25 7:45,M001,Finished Material,Machine Component,143.61,0.00,87.08,856,0.04
10/05/25 7:50,M002,Hazardous Material,Lead-Based Alloy,112.31,0.00,138.74,308,3.59
10/05/25 7:55,M008,Process Additive,Industrial Oil,129.88,0.00,172.03,513,2.59
10/05/25 8:00,M002,Finished Material,Machine Component,76.54,0.00,101.68,458,2.40
10/05/25 8:05,M006,Process Additive,Catalyst,195.99,0.00,147.44,372,2.42
10/05/25 8:10,M007,Intermediate Material,Textiles,191.32,0.00,119.05,733,0.45
10/05/25 8:15,M008,Recycled Material,Scrap Steel,159.43,19.62,145.92,286,3.59
10/05/25 8:20,M002,Finished Material,Machine Component,76.33,0.00,134.86,320,0.99
10/05/25 8:25,M004,Hazardous Material,Lead-Based Alloy,193.5,0.00,191.13,433,0.91
10/05/25 8:30,M003,Hazardous Material,Lead-Based Alloy,161.15,0.00,185.79,203,3.66
10/05/25 8:35,M006,Finished Material,Packaging,61.3,0.00,116.38,666,2.75
10/05/25 8:40,M004,Intermediate Material,Plastic Resin,148,0.00,164.3,350,3.95
10/05/25 8:45,M009,Intermediate Material,Plastic Resin,133.39,0.00,116.97,527,0.61
10/05/25 8:50,M008,Finished Material,Packaging,182.38,0.00,106.26,927,1.97
10/05/25 8:55,M004,Raw Material,Polypropylene,89.16,0.00,110.47,930,4.77
10/05/25 9:00,M008,Hazardous Material,Lead-Based Alloy,77.07,0.00,133.62,944,4.24
10/05/25 9:05,M010,Recycled Material,Scrap Steel,78.02,8.72,88.39,156,1.66
10/05/25 9:10,M010,Recycled Material,Reprocessed Plastics,157.81,10.71,164.95,937,1.63
10/05/25 9:15,M010,Hazardous Material,Lead-Based Alloy,69.6,0.00,83.37,791,3.76
10/05/25 9:20,M002,Intermediate Material,Plastic Resin,109.57,0.00,174.87,983,0.27
10/05/25 9:25,M004,Intermediate Material,Sheet Metal,182.51,0.00,111.84,667,2.44
10/05/25 9:30,M008,Hazardous Material,Solvent,102.4,0.00,105.27,857,3.61
10/05/25 9:35,M006,Finished Material,Packaging,103.6,0.00,108.42,647,1.97
10/05/25 9:40,M001,Raw Material,Aluminum,52.6,0.00,197.36,341,4.61
10/05/25 9:45,M002,Hazardous Material,Solvent,66.42,0.00,87.97,955,4.36
10/05/25 9:50,M004,Finished Material,Packaging,184.78,0.00,184.11,123,3.89
10/05/25 9:55,M010,Intermediate Material,Textiles,191.27,0.00,169.91,779,0.12
10/05/25 10:00,M005,Intermediate Material,Plastic Resin,91.58,0.00,184.14,623,0.96
10/05/25 10:05,M010,Intermediate Material,Sheet Metal,136.48,0.00,199.06,184,1.05
10/05/25 10:10,M010,Recycled Material,Scrap Steel,141.3,5.76,127.74,748,0.75
10/05/25 10:15,M003,Raw Material,Aluminum,73.61,0.00,184.01,817,4.80
10/05/25 10:20,M007,Recycled Material,Scrap Steel,58.03,30.29,169.52,191,0.58
10/05/25 10:25,M007,Recycled Material,Scrap Steel,69.43,9.04,94.51,838,0.16
10/05/25 10:30,M003,Finished Material,Machine Component,149.26,0.00,191.06,878,2.19
10/05/25 10:35,M004,Intermediate Material,Textiles,162.02,0.00,105.69,400,2.86
10/05/25 10:40,M007,Recycled Material,Reprocessed Plastics,81.26,0.67,101.46,766,4.38
10/05/25 10:45,M005,Hazardous Material,Lead-Based Alloy,72.44,0.00,174.2,280,0.50
10/05/25 10:50,M005,Raw Material,Cotton,143.8,0.00,96.87,445,4.30
10/05/25 10:55,M010,Finished Material,Machine Component,197.3,0.00,98.02,393,1.88
10/05/25 11:00,M001,Hazardous Material,Lead-Based Alloy,155.09,0.00,124.01,458,3.61
10/05/25 11:05,M002,Finished Material,Packaging,148.27,0.00,176.64,319,3.58
10/05/25 11:10,M010,Hazardous Material,Solvent,69.23,0.00,163.35,608,4.12
10/05/25 11:15,M002,Intermediate Material,Plastic Resin,67.8,0.00,113.06,534,4.68
10/05/25 11:20,M009,Process Additive,Catalyst,105,0.00,116.83,233,1.06
10/05/25 11:25,M001,Process Additive,Industrial Oil,183.22,0.00,173.42,126,0.70
10/05/25 11:30,M008,Raw Material,Cotton,68.47,0.00,153.71,590,1.15
10/05/25 11:35,M008,Process Additive,Industrial Oil,74.95,0.00,154.33,553,3.59
10/05/25 11:40,M002,Recycled Material,Reprocessed Plastics,179.29,1.12,107.38,229,4.30
10/05/25 11:45,M009,Finished Material,Circuit Board,101.36,0.00,111.33,984,0.79
10/05/25 11:50,M001,Intermediate Material,Textiles,156.55,0.00,114.25,355,0.29
10/05/25 11:55,M001,Hazardous Material,Solvent,186.2,0.00,128.66,608,2.82
10/05/25 12:00,M008,Process Additive,Coolant,183.96,0.00,116.99,166,1.85
10/05/25 12:05,M010,Finished Material,Machine Component,105.8,0.00,131.02,276,4.73
10/05/25 12:10,M005,Recycled Material,Scrap Steel,70.53,40.50,135.41,102,0.55
10/05/25 12:15,M009,Raw Material,Steel,169.59,0.00,141.7,139,1.04
10/05/25 12:20,M007,Hazardous Material,Lead-Based Alloy,65.06,0.00,127.84,881,4.72
10/05/25 12:25,M008,Intermediate Material,Plastic Resin,127.44,0.00,145.32,629,0.49
10/05/25 12:30,M006,Recycled Material,Scrap Steel,72.22,1.52,166.38,450,3.52
10/05/25 12:35,M008,Raw Material,Aluminum,126.25,0.00,129.03,204,1.23
10/05/25 12:40,M008,Finished Material,Circuit Board,99.82,0.00,196.25,932,4.35
10/05/25 12:45,M006,Hazardous Material,Solvent,123.8,0.00,103.94,510,0.87
10/05/25 12:50,M004,Raw Material,Steel,134.77,0.00,101.81,644,4.30
10/05/25 12:55,M006,Recycled Material,Reprocessed Plastics,155.51,29.81,139.54,309,0.60
10/05/25 13:00,M001,Process Additive,Industrial Oil,199.96,0.00,176.44,895,1.00
10/05/25 13:05,M007,Intermediate Material,Plastic Resin,188.3,0.00,180.6,503,2.18
10/05/25 13:10,M003,Raw Material,Polypropylene,137.77,0.00,142.95,950,0.69
10/05/25 13:15,M008,Raw Material,Steel,58.64,0.00,111.92,524,2.13
10/05/25 13:20,M005,Process Additive,Catalyst,138.4,0.00,170.61,914,0.58
10/05/25 13:25,M008,Hazardous Material,Solvent,149.98,0.00,94.92,358,0.19
10/05/25 13:30,M005,Hazardous Material,Lead-Based Alloy,131.58,0.00,192.98,169,4.10
10/05/25 13:35,M010,Finished Material,Packaging,144.66,0.00,112.35,103,1.58
10/05/25 13:40,M002,Process Additive,Industrial Oil,56.34,0.00,153.27,613,0.19
10/05/25 13:45,M010,Process Additive,Catalyst,174.52,0.00,178.61,504,3.92
10/05/25 13:50,M009,Recycled Material,Scrap Steel,147.2,9.93,150.84,801,0.60
10/05/25 13:55,M007,Recycled Material,Reprocessed Plastics,65.31,45.40,194.65,252,1.08
10/05/25 14:00,M005,Raw Material,Cotton,121.98,0.00,111.94,338,4.15
10/05/25 14:05,M006,Recycled Material,Scrap Steel,81.64,34.44,141.85,705,2.98
10/05/25 14:10,M010,Hazardous Material,Lead-Based Alloy,199.35,0.00,133.53,115,0.33
10/05/25 14:15,M005,Intermediate Material,Plastic Resin,177.22,0.00,194.69,242,0.13
10/05/25 14:20,M008,Raw Material,Cotton,172.97,0.00,144.87,275,0.53
10/05/25 14:25,M007,Raw Material,Aluminum,149.11,0.00,159.11,745,4.02
10/05/25 14:30,M005,Raw Material,Steel,85.28,0.00,162.12,868,3.08
10/05/25 14:35,M009,Hazardous Material,Solvent,185.12,0.00,187.69,185,4.88
10/05/25 14:40,M001,Finished Material,Packaging,125.55,0.00,150.52,396,4.64
10/05/25 14:45,M009,Raw Material,Steel,195.58,0.00,191.37,366,1.52
10/05/25 14:50,M003,Intermediate Material,Sheet Metal,117.69,0.00,185.62,464,2.61
10/05/25 14:55,M004,Hazardous Material,Solvent,195.88,0.00,124.86,111,2.70
10/05/25 15:00,M001,Raw Material,Polypropylene,131.01,0.00,130.25,427,2.37
10/05/25 15:05,M002,Intermediate Material,Sheet Metal,107.04,0.00,90.22,709,2.02
10/05/25 15:10,M002,Intermediate Material,Textiles,183.65,0.00,160.92,704,1.35
10/05/25 15:15,M003,Hazardous Material,Solvent,133.95,0.00,140.56,574,3.63
10/05/25 15:20,M007,Hazardous Material,Solvent,149.69,0.00,86,144,2.94
10/05/25 15:25,M004,Finished Material,Circuit Board,88.8,0.00,174.86,909,2.90
10/05/25 15:30,M002,Process Additive,Coolant,56.6,0.00,187.95,757,1.24
10/05/25 15:35,M008,Process Additive,Catalyst,184.06,0.00,162.91,671,1.12
10/05/25 15:40,M007,Process Additive,Industrial Oil,166.85,0.00,135.23,917,4.29
10/05/25 15:45,M007,Intermediate Material,Plastic Resin,146,0.00,186.17,531,3.51
10/05/25 15:50,M005,Hazardous Material,Solvent,107.56,0.00,109.84,371,4.68
10/05/25 15:55,M007,Raw Material,Polypropylene,117.96,0.00,117.49,166,2.22
10/05/25 16:00,M003,Hazardous Material,Solvent,65.33,0.00,97.08,464,2.90
10/05/25 16:05,M004,Finished Material,Machine Component,91.28,0.00,145.61,100,2.51
10/05/25 16:10,M010,Intermediate Material,Plastic Resin,130.19,0.00,143.92,613,1.14
10/05/25 16:15,M001,Recycled Material,Scrap Steel,197.75,19.76,98.16,870,2.64
10/05/25 16:20,M010,Hazardous Material,Lead-Based Alloy,113.74,0.00,154.79,164,0.45
10/05/25 16:25,M002,Intermediate Material,Sheet Metal,137.97,0.00,170.8,842,1.24
10/05/25 16:30,M010,Finished Material,Circuit Board,199.79,0.00,184.78,831,2.04
10/05/25 16:35,M004,Intermediate Material,Plastic Resin,157.96,0.00,187.33,449,0.93
10/05/25 16:40,M004,Raw Material,Polypropylene,98.18,0.00,141.33,510,1.66
10/05/25 16:45,M001,Intermediate Material,Plastic Resin,185.96,0.00,113.41,409,2.48
10/05/25 16:50,M005,Raw Material,Steel,114.34,0.00,158.03,993,0.97
10/05/25 16:55,M005,Process Additive,Industrial Oil,168.15,0.00,129.97,965,0.32
10/05/25 17:00,M008,Finished Material,Circuit Board,165.86,0.00,95.21,364,2.97
10/05/25 17:05,M010,Hazardous Material,Lead-Based Alloy,132.01,0.00,194.77,846,0.01
10/05/25 17:10,M007,Recycled Material,Scrap Steel,64.53,3.98,112.5,629,4.24
10/05/25 17:15,M002,Intermediate Material,Plastic Resin,143.38,0.00,190.29,741,1.88
10/05/25 17:20,M005,Hazardous Material,Solvent,142.47,0.00,144.61,924,4.58
10/05/25 17:25,M010,Recycled Material,Reprocessed Plastics,96.74,25.34,148.07,805,4.46
10/05/25 17:30,M002,Process Additive,Coolant,138.25,0.00,197.47,922,3.30
10/05/25 17:35,M002,Raw Material,Aluminum,158.36,0.00,161.54,159,4.22
10/05/25 17:40,M008,Process Additive,Industrial Oil,154.55,0.00,125.78,811,0.22
10/05/25 17:45,M002,Raw Material,Cotton,61.79,0.00,161.93,163,1.14
10/05/25 17:50,M010,Hazardous Material,Solvent,81.07,0.00,117.73,520,4.88
10/05/25 17:55,M003,Raw Material,Polypropylene,99.15,0.00,151.94,488,2.43
10/05/25 18:00,M001,Raw Material,Polypropylene,171.05,0.00,115.85,694,1.25
10/05/25 18:05,M001,Process Additive,Coolant,199.8,0.00,161.89,380,3.93
10/05/25 18:10,M009,Hazardous Material,Solvent,114.7,0.00,129.26,434,3.95
10/05/25 18:15,M005,Intermediate Material,Sheet Metal,173.03,0.00,191.77,422,2.12
10/05/25 18:20,M006,Recycled Material,Reprocessed Plastics,100.99,44.62,148.55,901,4.76
10/05/25 18:25,M006,Intermediate Material,Sheet Metal,167.19,0.00,176.63,129,2.13
10/05/25 18:30,M004,Process Additive,Coolant,169.84,0.00,185.11,902,0.65
10/05/25 18:35,M003,Recycled Material,Reprocessed Plastics,155.09,2.71,127.58,442,3.02
10/05/25 18:40,M006,Intermediate Material,Sheet Metal,51.37,0.00,191.83,535,0.80
10/05/25 18:45,M003,Raw Material,Aluminum,72.82,0.00,101.73,880,3.99
10/05/25 18:50,M007,Recycled Material,Reprocessed Plastics,96.59,6.72,117.92,168,1.95
10/05/25 18:55,M002,Raw Material,Aluminum,92.14,0.00,198.02,194,1.86
10/05/25 19:00,M009,Process Additive,Catalyst,169.53,0.00,156.73,161,0.03
10/05/25 19:05,M009,Raw Material,Steel,121.19,0.00,141.95,505,2.41
10/05/25 19:10,M008,Hazardous Material,Lead-Based Alloy,79.38,0.00,89.5,691,2.98
10/05/25 19:15,M006,Recycled Material,Scrap Steel,189.65,13.66,96.19,835,2.04
10/05/25 19:20,M005,Intermediate Material,Textiles,171.8,0.00,89.14,847,0.55
10/05/25 19:25,M003,Raw Material,Aluminum,129.31,0.00,107.46,877,4.42
10/05/25 19:30,M006,Intermediate Material,Plastic Resin,101.86,0.00,150.65,495,4.33
10/05/25 19:35,M009,Raw Material,Cotton,133.12,0.00,196.84,750,0.84
10/05/25 19:40,M005,Hazardous Material,Lead-Based Alloy,96.46,0.00,94.81,670,3.47
10/05/25 19:45,M004,Hazardous Material,Solvent,181.8,0.00,123.44,870,4.90
10/05/25 19:50,M005,Raw Material,Steel,151.37,0.00,131.51,412,3.26
10/05/25 19:55,M005,Finished Material,Machine Component,100.78,0.00,97.48,301,4.23
10/05/25 20:00,M002,Raw Material,Aluminum,191.67,0.00,98.5,830,4.92
10/05/25 20:05,M005,Hazardous Material,Solvent,152.33,0.00,154.49,935,4.92
10/05/25 20:10,M008,Recycled Material,Reprocessed Plastics,164.62,12.14,115.22,756,3.39
10/05/25 20:15,M003,Recycled Material,Scrap Steel,54.61,43.38,146.61,488,3.43
10/05/25 20:20,M002,Recycled Material,Reprocessed Plastics,157.13,32.75,87.29,967,0.34
10/05/25 20:25,M007,Intermediate Material,Sheet Metal,88.24,0.00,165.77,299,0.17
10/05/25 20:30,M010,Intermediate Material,Plastic Resin,157.88,0.00,140.36,248,1.33
10/05/25 20:35,M004,Process Additive,Industrial Oil,182.16,0.00,81.42,978,4.60
10/05/25 20:40,M002,Hazardous Material,Lead-Based Alloy,157.27,0.00,127.56,585,2.53
10/05/25 20:45,M009,Raw Material,Cotton,101.8,0.00,100.67,360,1.27
10/05/25 20:50,M006,Process Additive,Coolant,114.12,0.00,179.1,315,4.10
10/05/25 20:55,M006,Finished Material,Circuit Board,121.27,0.00,154.34,561,3.52
10/05/25 21:00,M009,Raw Material,Steel,146.27,0.00,158.11,919,3.63
10/05/25 21:05,M006,Intermediate Material,Textiles,139.36,0.00,97.65,567,4.80
10/05/25 21:10,M009,Finished Material,Machine Component,181.12,0.00,168.24,923,3.11
10/05/25 21:15,M010,Recycled Material,Scrap Steel,182.72,38.22,151.86,413,4.97
10/05/25 21:20,M006,Recycled Material,Scrap Steel,175.63,5.23,180.77,797,0.69
10/05/25 21:25,M007,Intermediate Material,Sheet Metal,171.53,0.00,183.42,712,2.70
10/05/25 21:30,M007,Finished Material,Machine Component,76.25,0.00,95.86,308,4.16
10/05/25 21:35,M004,Hazardous Material,Solvent,74.41,0.00,108.26,681,3.96
10/05/25 21:40,M003,Raw Material,Cotton,54.51,0.00,190.39,260,4.72
10/05/25 21:45,M010,Intermediate Material,Sheet Metal,127.56,0.00,141.76,150,3.56
10/05/25 21:50,M009,Intermediate Material,Sheet Metal,71.86,0.00,85.37,219,0.07
10/05/25 21:55,M004,Intermediate Material,Sheet Metal,52.44,0.00,163,495,2.31
10/05/25 22:00,M007,Raw Material,Steel,186.51,0.00,140.95,746,2.98
10/05/25 22:05,M009,Finished Material,Machine Component,157.23,0.00,94.6,660,0.42
10/05/25 22:10,M005,Intermediate Material,Plastic Resin,107.56,0.00,91.15,163,4.59
10/05/25 22:15,M004,Hazardous Material,Solvent,189.28,0.00,157.99,756,4.72
10/05/25 22:20,M010,Hazardous Material,Lead-Based Alloy,167.93,0.00,113.16,901,3.76
10/05/25 22:25,M009,Finished Material,Circuit Board,79.25,0.00,117.12,987,4.91
10/05/25 22:30,M006,Finished Material,Circuit Board,55.23,0.00,103.83,891,4.97
10/05/25 22:35,M008,Recycled Material,Scrap Steel,50.53,40.87,113.47,437,4.76
10/05/25 22:40,M010,Recycled Material,Reprocessed Plastics,175.11,16.57,188.35,147,2.18
10/05/25 22:45,M007,Recycled Material,Reprocessed Plastics,63.8,0.65,157.68,479,1.50
10/05/25 22:50,M002,Finished Material,Circuit Board,155.61,0.00,187.02,330,4.93
10/05/25 22:55,M001,Recycled Material,Reprocessed Plastics,65.09,30.71,190.69,705,1.34
10/05/25 23:00,M010,Recycled Material,Scrap Steel,128.42,0.75,172.76,878,0.97
10/05/25 23:05,M007,Hazardous Material,Lead-Based Alloy,94.13,0.00,96.9,647,3.63
10/05/25 23:10,M010,Hazardous Material,Solvent,73.9,0.00,152.83,903,0.08
10/05/25 23:15,M004,Hazardous Material,Solvent,133.7,0.00,142.4,750,2.83
10/05/25 23:20,M008,Hazardous Material,Solvent,167.24,0.00,88.72,131,1.85
10/05/25 23:25,M010,Recycled Material,Scrap Steel,104.45,42.19,148.32,486,0.12
10/05/25 23:30,M010,Intermediate Material,Sheet Metal,53.34,0.00,90.44,541,4.41
10/05/25 23:35,M006,Recycled Material,Scrap Steel,107.02,15.14,89.44,975,0.03
10/05/25 23:40,M010,Process Additive,Industrial Oil,191.11,0.00,174.08,469,1.68
10/05/25 23:45,M006,Raw Material,Cotton,123,0.00,114.89,192,3.35
10/05/25 23:50,M003,Recycled Material,Reprocessed Plastics,107.76,9.24,88.96,654,3.36
10/05/25 23:55,M009,Intermediate Material,Plastic Resin,63.79,0.00,165.53,512,4.70
11/05/25 0:00,M007,Process Additive,Industrial Oil,74.41,0.00,152.38,588,1.67
11/05/25 0:05,M010,Raw Material,Cotton,58.01,0.00,164.86,370,3.61
11/05/25 0:10,M006,Process Additive,Industrial Oil,65.79,0.00,146.43,797,1.47
11/05/25 0:15,M008,Raw Material,Polypropylene,115.27,0.00,140.7,102,4.22
11/05/25 0:20,M003,Intermediate Material,Plastic Resin,124.54,0.00,80.01,688,0.09
11/05/25 0:25,M001,Raw Material,Cotton,82.93,0.00,164.5,450,2.05
11/05/25 0:30,M001,Recycled Material,Scrap Steel,81.69,6.80,181.71,581,4.96
11/05/25 0:35,M009,Intermediate Material,Textiles,141.65,0.00,186.49,906,1.40
11/05/25 0:40,M001,Raw Material,Cotton,128.03,0.00,193.44,936,2.58
11/05/25 0:45,M003,Finished Material,Machine Component,157.56,0.00,108.84,239,4.97
11/05/25 0:50,M002,Recycled Material,Reprocessed Plastics,50.94,3.30,174.36,675,3.21
11/05/25 0:55,M001,Raw Material,Steel,136.15,0.00,196.97,725,0.89
11/05/25 1:00,M008,Raw Material,Steel,97.25,0.00,131.29,865,4.40
11/05/25 1:05,M006,Intermediate Material,Plastic Resin,57.99,0.00,148.34,304,0.22
11/05/25 1:10,M008,Raw Material,Cotton,139.05,0.00,161.66,104,4.78
11/05/25 1:15,M005,Finished Material,Packaging,62.99,0.00,140.5,904,1.56
11/05/25 1:20,M006,Finished Material,Machine Component,84.05,0.00,157.5,916,2.84
11/05/25 1:25,M008,Recycled Material,Scrap Steel,179.78,20.61,95.78,363,1.40
11/05/25 1:30,M008,Raw Material,Cotton,175.45,0.00,90.57,739,3.97
11/05/25 1:35,M009,Intermediate Material,Plastic Resin,80.33,0.00,117.3,651,0.41
11/05/25 1:40,M002,Raw Material,Polypropylene,99.84,0.00,98.45,893,2.81
11/05/25 1:45,M010,Recycled Material,Scrap Steel,152.69,3.44,187.09,318,4.85
11/05/25 1:50,M006,Recycled Material,Reprocessed Plastics,128.6,44.07,109.03,992,4.59
11/05/25 1:55,M007,Hazardous Material,Lead-Based Alloy,110.84,0.00,112.76,658,2.18
11/05/25 2:00,M007,Recycled Material,Scrap Steel,138.24,10.95,166.13,357,4.45
11/05/25 2:05,M009,Hazardous Material,Lead-Based Alloy,132.07,0.00,196.12,425,4.00
11/05/25 2:10,M007,Finished Material,Machine Component,110.88,0.00,96.55,148,1.65
11/05/25 2:15,M001,Recycled Material,Reprocessed Plastics,189.05,35.23,127.22,559,3.10
11/05/25 2:20,M006,Raw Material,Polypropylene,194.14,0.00,99.13,678,0.91
11/05/25 2:25,M001,Hazardous Material,Lead-Based Alloy,131.13,0.00,120,884,1.62
11/05/25 2:30,M001,Recycled Material,Reprocessed Plastics,159.59,33.30,152.01,339,0.50
11/05/25 2:35,M002,Raw Material,Cotton,166.84,0.00,192.97,197,3.01
11/05/25 2:40,M001,Intermediate Material,Plastic Resin,170.82,0.00,164.5,555,3.41
11/05/25 2:45,M001,Finished Material,Packaging,76.57,0.00,156.06,515,3.59
11/05/25 2:50,M006,Intermediate Material,Plastic Resin,172.64,0.00,191.86,815,4.70
11/05/25 2:55,M003,Raw Material,Steel,150.03,0.00,101.87,421,3.92
11/05/25 3:00,M010,Process Additive,Industrial Oil,51.59,0.00,183.19,877,4.06
11/05/25 3:05,M001,Raw Material,Polypropylene,66.65,0.00,105.75,836,4.65
11/05/25 3:10,M006,Finished Material,Packaging,152.96,0.00,111.16,748,4.45
11/05/25 3:15,M006,Raw Material,Cotton,92.38,0.00,194.7,604,0.50
11/05/25 3:20,M008,Finished Material,Circuit Board,176.68,0.00,135.64,663,0.25
11/05/25 3:25,M006,Finished Material,Packaging,138.48,0.00,123.94,128,4.57
11/05/25 3:30,M002,Raw Material,Steel,197.39,0.00,114.54,793,3.11
11/05/25 3:35,M005,Finished Material,Circuit Board,80.49,0.00,187.67,221,0.02
11/05/25 3:40,M006,Intermediate Material,Sheet Metal,181.74,0.00,131.41,618,3.06
11/05/25 3:45,M005,Raw Material,Steel,131.41,0.00,155.22,196,4.78
11/05/25 3:50,M006,Hazardous Material,Lead-Based Alloy,193.98,0.00,123.1,878,3.75
11/05/25 3:55,M006,Finished Material,Packaging,101.07,0.00,85.48,497,0.35
11/05/25 4:00,M001,Recycled Material,Reprocessed Plastics,135.41,28.88,157.3,507,2.86
11/05/25 4:05,M009,Raw Material,Steel,132.01,0.00,166.06,588,1.31
11/05/25 4:10,M004,Recycled Material,Reprocessed Plastics,154.16,6.27,186.77,323,3.31
11/05/25 4:15,M010,Process Additive,Coolant,137.16,0.00,195.58,483,4.31
11/05/25 4:20,M001,Raw Material,Cotton,123.62,0.00,125.24,968,4.23
11/05/25 4:25,M006,Process Additive,Industrial Oil,82.69,0.00,155.95,948,0.06
11/05/25 4:30,M008,Intermediate Material,Plastic Resin,96.97,0.00,95.6,500,0.92
11/05/25 4:35,M002,Recycled Material,Reprocessed Plastics,77.57,3.06,102.41,686,3.51
11/05/25 4:40,M003,Intermediate Material,Sheet Metal,96.16,0.00,182.72,171,0.08
11/05/25 4:45,M001,Hazardous Material,Lead-Based Alloy,146.47,0.00,187.08,959,3.38
11/05/25 4:50,M006,Intermediate Material,Sheet Metal,145.58,0.00,195.09,669,4.57
11/05/25 4:55,M009,Process Additive,Industrial Oil,52.09,0.00,186.37,219,0.44
11/05/25 5:00,M007,Recycled Material,Scrap Steel,169.19,30.81,80.78,794,1.67
11/05/25 5:05,M008,Process Additive,Catalyst,133.47,0.00,197.84,561,1.62
11/05/25 5:10,M010,Intermediate Material,Sheet Metal,75.65,0.00,168.43,889,2.12
11/05/25 5:15,M003,Recycled Material,Scrap Steel,84.64,42.16,130.29,923,4.41
11/05/25 5:20,M001,Finished Material,Circuit Board,118.64,0.00,122.45,291,0.39
11/05/25 5:25,M008,Recycled Material,Scrap Steel,154.24,6.30,188.88,217,0.45
11/05/25 5:30,M006,Intermediate Material,Sheet Metal,157.05,0.00,146.09,285,0.95
11/05/25 5:35,M003,Raw Material,Aluminum,60.13,0.00,188.83,637,3.93
11/05/25 5:40,M009,Hazardous Material,Solvent,158.42,0.00,162.37,679,0.47
11/05/25 5:45,M002,Raw Material,Cotton,81.72,0.00,124.57,663,2.75
11/05/25 5:50,M010,Process Additive,Catalyst,162.44,0.00,162.83,581,0.84
11/05/25 5:55,M002,Recycled Material,Scrap Steel,156.32,37.52,172.78,342,2.39
11/05/25 6:00,M010,Intermediate Material,Sheet Metal,132.12,0.00,125.05,258,2.54
11/05/25 6:05,M010,Recycled Material,Scrap Steel,170.56,13.81,195.37,418,4.33
11/05/25 6:10,M002,Hazardous Material,Lead-Based Alloy,75.22,0.00,170.48,266,0.01
11/05/25 6:15,M003,Hazardous Material,Lead-Based Alloy,142.26,0.00,144.4,740,4.63
11/05/25 6:20,M004,Intermediate Material,Textiles,191.83,0.00,87.1,190,1.39
11/05/25 6:25,M008,Process Additive,Catalyst,81.71,0.00,95.8,867,4.30
11/05/25 6:30,M002,Raw Material,Cotton,196.09,0.00,194.79,691,3.01
11/05/25 6:35,M004,Finished Material,Circuit Board,150.97,0.00,168.29,852,0.07
11/05/25 6:40,M001,Finished Material,Circuit Board,196.8,0.00,113.24,831,3.48
11/05/25 6:45,M004,Intermediate Material,Sheet Metal,157.54,0.00,139.76,970,4.65
11/05/25 6:50,M002,Intermediate Material,Plastic Resin,157.68,0.00,84.97,895,3.80
11/05/25 6:55,M009,Raw Material,Cotton,100.32,0.00,85.64,359,1.98
11/05/25 7:00,M001,Finished Material,Circuit Board,101.67,0.00,175.17,336,4.67
11/05/25 7:05,M008,Recycled Material,Reprocessed Plastics,103.38,45.15,91.51,650,1.12
11/05/25 7:10,M002,Finished Material,Circuit Board,147.76,0.00,198.88,191,2.08
11/05/25 7:15,M002,Recycled Material,Reprocessed Plastics,106.72,30.41,183.27,262,2.91
11/05/25 7:20,M009,Intermediate Material,Sheet Metal,191.62,0.00,83.5,353,4.21
11/05/25 7:25,M009,Process Additive,Industrial Oil,143.01,0.00,127.03,254,2.84
11/05/25 7:30,M004,Raw Material,Cotton,123.03,0.00,140.13,475,2.03
11/05/25 7:35,M006,Recycled Material,Reprocessed Plastics,119.08,37.66,186.91,492,1.17
11/05/25 7:40,M007,Intermediate Material,Sheet Metal,135.55,0.00,176.5,470,1.81
11/05/25 7:45,M005,Hazardous Material,Solvent,166.82,0.00,173.99,407,3.28
11/05/25 7:50,M008,Recycled Material,Reprocessed Plastics,196.95,34.24,152.56,293,3.59
11/05/25 7:55,M010,Recycled Material,Reprocessed Plastics,51.28,32.36,125.23,564,0.95
11/05/25 8:00,M003,Recycled Material,Scrap Steel,115.08,41.70,90.62,250,1.28
11/05/25 8:05,M007,Finished Material,Circuit Board,187.95,0.00,168.66,770,2.77
11/05/25 8:10,M006,Process Additive,Catalyst,72.7,0.00,161.5,970,2.57
11/05/25 8:15,M001,Hazardous Material,Solvent,192.37,0.00,151.29,803,3.09
11/05/25 8:20,M010,Recycled Material,Scrap Steel,145.92,36.22,188.89,828,0.42
11/05/25 8:25,M010,Hazardous Material,Solvent,89.55,0.00,104.12,446,4.02
11/05/25 8:30,M003,Finished Material,Machine Component,192.09,0.00,196.89,291,4.44
11/05/25 8:35,M001,Process Additive,Catalyst,85.38,0.00,109.46,307,4.75
11/05/25 8:40,M001,Finished Material,Circuit Board,61.63,0.00,164.77,474,4.24
11/05/25 8:45,M009,Recycled Material,Reprocessed Plastics,54.2,49.01,112.05,984,2.33
11/05/25 8:50,M007,Finished Material,Packaging,151.27,0.00,139.93,915,2.27
11/05/25 8:55,M010,Finished Material,Packaging,169.62,0.00,112.19,890,4.71
11/05/25 9:00,M006,Intermediate Material,Plastic Resin,195.06,0.00,132.39,677,2.36
11/05/25 9:05,M005,Recycled Material,Reprocessed Plastics,189.68,29.73,140.33,926,0.32
11/05/25 9:10,M004,Process Additive,Industrial Oil,61.86,0.00,121.19,478,0.11
11/05/25 9:15,M001,Hazardous Material,Solvent,188.79,0.00,192.42,413,2.54
11/05/25 9:20,M006,Intermediate Material,Plastic Resin,139.39,0.00,118.77,480,2.88
11/05/25 9:25,M007,Process Additive,Coolant,77.26,0.00,182.41,345,0.07
11/05/25 9:30,M005,Intermediate Material,Sheet Metal,105.19,0.00,166.09,221,1.33
11/05/25 9:35,M007,Raw Material,Polypropylene,57.9,0.00,160.12,371,3.25
11/05/25 9:40,M010,Intermediate Material,Sheet Metal,168.9,0.00,98.89,525,4.08
11/05/25 9:45,M005,Process Additive,Coolant,82.02,0.00,177.15,563,2.83
11/05/25 9:50,M004,Finished Material,Machine Component,83.9,0.00,195.33,797,4.52
11/05/25 9:55,M001,Hazardous Material,Lead-Based Alloy,124.35,0.00,143.7,464,4.60
11/05/25 10:00,M003,Raw Material,Steel,105.25,0.00,145.88,194,4.58
11/05/25 10:05,M009,Process Additive,Coolant,73.46,0.00,123.53,773,1.40
11/05/25 10:10,M003,Recycled Material,Reprocessed Plastics,88.96,42.21,158.06,795,2.49
11/05/25 10:15,M002,Recycled Material,Scrap Steel,146.42,8.18,157.77,935,3.38
11/05/25 10:20,M009,Recycled Material,Reprocessed Plastics,181.3,41.02,106.71,555,2.31
11/05/25 10:25,M003,Hazardous Material,Solvent,110.05,0.00,118.87,292,0.97
11/05/25 10:30,M001,Raw Material,Polypropylene,186.65,0.00,157.48,147,4.63
11/05/25 10:35,M006,Intermediate Material,Plastic Resin,189.86,0.00,87.55,476,1.63
11/05/25 10:40,M009,Finished Material,Circuit Board,55.45,0.00,190.49,595,4.28
11/05/25 10:45,M003,Finished Material,Circuit Board,59.86,0.00,102.36,574,3.31
11/05/25 10:50,M004,Raw Material,Cotton,53.97,0.00,116.13,687,3.46
11/05/25 10:55,M002,Intermediate Material,Plastic Resin,129.36,0.00,155.31,188,2.47
11/05/25 11:00,M003,Raw Material,Aluminum,68.24,0.00,125.37,454,1.76
11/05/25 11:05,M003,Hazardous Material,Solvent,76.4,0.00,166.5,715,3.22
11/05/25 11:10,M010,Finished Material,Packaging,178.39,0.00,174.09,452,0.64
11/05/25 11:15,M006,Hazardous Material,Solvent,174.09,0.00,183.18,799,1.07
11/05/25 11:20,M004,Intermediate Material,Sheet Metal,72.62,0.00,163.19,934,2.21
11/05/25 11:25,M010,Intermediate Material,Textiles,140.51,0.00,100.92,394,1.82
11/05/25 11:30,M008,Finished Material,Packaging,174.25,0.00,173.81,327,3.91
11/05/25 11:35,M004,Intermediate Material,Sheet Metal,113.48,0.00,90.45,458,4.86
11/05/25 11:40,M008,Recycled Material,Scrap Steel,186.11,27.56,135.09,623,0.94
11/05/25 11:45,M010,Recycled Material,Scrap Steel,164.67,40.35,179.57,304,1.91
11/05/25 11:50,M002,Raw Material,Cotton,68.7,0.00,127.57,462,3.22
11/05/25 11:55,M009,Intermediate Material,Textiles,151.67,0.00,155.85,287,3.53
11/05/25 12:00,M008,Finished Material,Packaging,115.21,0.00,164.89,368,2.67
11/05/25 12:05,M005,Recycled Material,Reprocessed Plastics,80.05,22.13,111.52,248,1.05
11/05/25 12:10,M004,Finished Material,Circuit Board,71.25,0.00,99.37,829,2.54
11/05/25 12:15,M002,Hazardous Material,Solvent,88.06,0.00,98.48,673,4.95
11/05/25 12:20,M010,Intermediate Material,Textiles,172.35,0.00,198.9,746,4.30
11/05/25 12:25,M003,Finished Material,Machine Component,110.75,0.00,125.24,940,4.44
11/05/25 12:30,M006,Intermediate Material,Plastic Resin,148.41,0.00,188.03,348,4.17
11/05/25 12:35,M008,Intermediate Material,Sheet Metal,178.26,0.00,93.77,156,1.36
11/05/25 12:40,M008,Process Additive,Industrial Oil,174.15,0.00,80.76,785,1.58
11/05/25 12:45,M009,Process Additive,Industrial Oil,147.98,0.00,118.88,113,4.44
11/05/25 12:50,M002,Intermediate Material,Plastic Resin,76.18,0.00,159.33,620,3.92
11/05/25 12:55,M007,Intermediate Material,Textiles,174.23,0.00,136.82,474,1.93
11/05/25 13:00,M006,Finished Material,Machine Component,168.61,0.00,85.4,426,1.26
11/05/25 13:05,M002,Intermediate Material,Textiles,148.95,0.00,124.19,538,4.89
11/05/25 13:10,M005,Raw Material,Steel,134.93,0.00,190.2,450,1.65
11/05/25 13:15,M005,Raw Material,Steel,136.43,0.00,125.12,316,2.95
11/05/25 13:20,M008,Hazardous Material,Solvent,103.66,0.00,102.18,588,4.02
11/05/25 13:25,M003,Raw Material,Polypropylene,75.31,0.00,197.17,782,0.07
11/05/25 13:30,M010,Finished Material,Machine Component,64.41,0.00,167.48,191,0.75
11/05/25 13:35,M002,Intermediate Material,Textiles,86.55,0.00,165.97,735,2.02
11/05/25 13:40,M009,Hazardous Material,Solvent,110.9,0.00,147.97,635,2.37
11/05/25 13:45,M002,Intermediate Material,Plastic Resin,123.58,0.00,138.06,181,3.99
11/05/25 13:50,M003,Intermediate Material,Plastic Resin,147.81,0.00,160.99,128,2.30
11/05/25 13:55,M006,Finished Material,Packaging,194.58,0.00,144.17,586,3.24
11/05/25 14:00,M007,Process Additive,Industrial Oil,176.1,0.00,192.32,746,3.42
11/05/25 14:05,M005,Intermediate Material,Sheet Metal,140.39,0.00,155.6,491,1.64
11/05/25 14:10,M004,Raw Material,Polypropylene,77.25,0.00,94.96,146,0.79
11/05/25 14:15,M010,Raw Material,Polypropylene,176.32,0.00,172.95,597,4.04
11/05/25 14:20,M005,Process Additive,Catalyst,146.01,0.00,175.94,390,2.40
11/05/25 14:25,M001,Raw Material,Aluminum,113.13,0.00,147.35,505,1.53
11/05/25 14:30,M009,Finished Material,Machine Component,124.46,0.00,115.73,558,2.97
11/05/25 14:35,M005,Raw Material,Cotton,172.43,0.00,126.28,455,2.13
11/05/25 14:40,M001,Process Additive,Coolant,54.95,0.00,128.8,461,1.57
11/05/25 14:45,M004,Recycled Material,Scrap Steel,55.65,36.96,197.01,678,2.13
11/05/25 14:50,M003,Recycled Material,Reprocessed Plastics,61.86,44.14,147.85,466,0.69
11/05/25 14:55,M007,Intermediate Material,Plastic Resin,80.88,0.00,163.37,707,2.33
11/05/25 15:00,M001,Intermediate Material,Plastic Resin,102.46,0.00,99.38,264,2.31
11/05/25 15:05,M004,Recycled Material,Reprocessed Plastics,85.22,3.92,117.68,396,4.58
11/05/25 15:10,M010,Hazardous Material,Solvent,141.76,0.00,121.84,388,2.07
11/05/25 15:15,M007,Intermediate Material,Plastic Resin,195.86,0.00,170.45,995,4.51
11/05/25 15:20,M005,Finished Material,Circuit Board,96.11,0.00,110.89,174,3.96
11/05/25 15:25,M005,Hazardous Material,Lead-Based Alloy,109.33,0.00,191.36,703,1.22
11/05/25 15:30,M010,Intermediate Material,Textiles,191.71,0.00,111.02,692,2.25
11/05/25 15:35,M004,Hazardous Material,Solvent,181.56,0.00,111.66,638,3.80
11/05/25 15:40,M009,Intermediate Material,Sheet Metal,83.68,0.00,151.2,612,2.10
11/05/25 15:45,M010,Finished Material,Machine Component,158.53,0.00,106.22,689,3.35
11/05/25 15:50,M009,Finished Material,Packaging,137.4,0.00,192.05,202,1.25
11/05/25 15:55,M002,Raw Material,Cotton,69.36,0.00,162.95,217,4.30
11/05/25 16:00,M001,Recycled Material,Reprocessed Plastics,95.2,42.58,121.73,393,3.15
11/05/25 16:05,M007,Process Additive,Coolant,120.89,0.00,150.27,979,3.89
11/05/25 16:10,M001,Intermediate Material,Sheet Metal,56.44,0.00,113.38,543,4.24
11/05/25 16:15,M007,Raw Material,Aluminum,158.53,0.00,106.81,155,4.11
11/05/25 16:20,M003,Finished Material,Machine Component,66,0.00,173.45,308,3.67
11/05/25 16:25,M008,Process Additive,Coolant,179.65,0.00,143.45,709,1.96
11/05/25 16:30,M006,Hazardous Material,Solvent,144.2,0.00,180.75,102,2.78
11/05/25 16:35,M007,Raw Material,Aluminum,191.66,0.00,111.33,469,2.76
11/05/25 16:40,M004,Process Additive,Catalyst,99.09,0.00,126.55,186,0.36
11/05/25 16:45,M009,Hazardous Material,Solvent,57.21,0.00,104.56,287,0.95
11/05/25 16:50,M007,Intermediate Material,Textiles,161.13,0.00,84.02,354,0.97
11/05/25 16:55,M008,Process Additive,Industrial Oil,89.77,0.00,104.95,210,0.09
11/05/25 17:00,M004,Finished Material,Machine Component,157.13,0.00,129.88,859,3.47
11/05/25 17:05,M007,Hazardous Material,Lead-Based Alloy,54.9,0.00,174.98,766,1.57
11/05/25 17:10,M003,Hazardous Material,Solvent,107.21,0.00,149.91,151,0.76
11/05/25 17:15,M002,Finished Material,Packaging,195.84,0.00,132.58,392,0.32
11/05/25 17:20,M005,Intermediate Material,Sheet Metal,95.31,0.00,180.98,159,0.78
11/05/25 17:25,M009,Process Additive,Industrial Oil,74.51,0.00,177.81,724,4.72
11/05/25 17:30,M007,Recycled Material,Reprocessed Plastics,77.18,37.58,167.58,871,4.61
11/05/25 17:35,M003,Intermediate Material,Sheet Metal,70.02,0.00,199.28,738,3.97
11/05/25 17:40,M001,Intermediate Material,Sheet Metal,70.17,0.00,128.15,210,1.08
11/05/25 17:45,M001,Intermediate Material,Sheet Metal,82.92,0.00,110.44,579,2.20
11/05/25 17:50,M002,Finished Material,Machine Component,167.5,0.00,123.82,935,0.05
11/05/25 17:55,M007,Intermediate Material,Plastic Resin,141.45,0.00,121.68,933,1.58
11/05/25 18:00,M001,Intermediate Material,Plastic Resin,146.26,0.00,105.27,180,4.71
11/05/25 18:05,M003,Intermediate Material,Textiles,137.26,0.00,172.35,935,2.44
11/05/25 18:10,M004,Raw Material,Aluminum,90.63,0.00,190.15,911,0.66
11/05/25 18:15,M003,Hazardous Material,Solvent,118.77,0.00,193.59,918,2.91
11/05/25 18:20,M001,Raw Material,Cotton,157.65,0.00,194.91,777,3.99
11/05/25 18:25,M005,Raw Material,Polypropylene,58.77,0.00,177.72,839,2.07
11/05/25 18:30,M005,Finished Material,Packaging,119.39,0.00,173.14,204,4.16
11/05/25 18:35,M008,Finished Material,Packaging,153.65,0.00,118.53,366,2.07
11/05/25 18:40,M010,Hazardous Material,Lead-Based Alloy,188.85,0.00,86.01,468,3.20
11/05/25 18:45,M004,Hazardous Material,Solvent,73.11,0.00,161.32,744,0.74
11/05/25 18:50,M009,Raw Material,Aluminum,73.33,0.00,151.86,921,4.78
11/05/25 18:55,M006,Recycled Material,Reprocessed Plastics,163.74,14.09,110.57,619,3.62
11/05/25 19:00,M003,Intermediate Material,Plastic Resin,87.37,0.00,102.52,687,3.85
11/05/25 19:05,M002,Intermediate Material,Sheet Metal,69.5,0.00,90.31,148,0.60
11/05/25 19:10,M008,Hazardous Material,Lead-Based Alloy,85.36,0.00,121.6,804,2.76
11/05/25 19:15,M010,Raw Material,Steel,118.16,0.00,85.94,944,2.42
11/05/25 19:20,M001,Finished Material,Circuit Board,139.74,0.00,122.3,701,4.86
11/05/25 19:25,M010,Process Additive,Catalyst,103.24,0.00,151.78,852,4.43
11/05/25 19:30,M002,Recycled Material,Scrap Steel,75.9,7.11,139.07,497,3.74
11/05/25 19:35,M004,Intermediate Material,Textiles,118.16,0.00,99.63,469,4.29
11/05/25 19:40,M003,Intermediate Material,Sheet Metal,106.35,0.00,125.23,428,3.43
11/05/25 19:45,M005,Hazardous Material,Solvent,177.5,0.00,103.08,299,3.70
11/05/25 19:50,M001,Finished Material,Packaging,172.47,0.00,104.28,396,1.47
11/05/25 19:55,M008,Raw Material,Polypropylene,125.33,0.00,142.23,620,3.00
11/05/25 20:00,M006,Raw Material,Polypropylene,119.69,0.00,176.53,110,4.30
11/05/25 20:05,M010,Finished Material,Machine Component,164.89,0.00,162.12,173,3.06
11/05/25 20:10,M006,Intermediate Material,Textiles,117.23,0.00,110.89,818,4.52
11/05/25 20:15,M007,Recycled Material,Scrap Steel,73.99,43.88,168.93,524,1.17
11/05/25 20:20,M003,Recycled Material,Reprocessed Plastics,121.12,39.74,99.2,467,2.84
11/05/25 20:25,M001,Recycled Material,Scrap Steel,182.87,17.46,90.05,928,3.02
11/05/25 20:30,M001,Finished Material,Machine Component,135.91,0.00,191.29,254,2.96
11/05/25 20:35,M002,Raw Material,Polypropylene,188.61,0.00,194.61,887,2.05
11/05/25 20:40,M001,Intermediate Material,Textiles,97.66,0.00,170.89,817,2.91
11/05/25 20:45,M004,Recycled Material,Scrap Steel,119.49,36.01,98.5,518,0.86
11/05/25 20:50,M010,Finished Material,Machine Component,149.61,0.00,194.47,143,2.16
11/05/25 20:55,M002,Process Additive,Catalyst,88.88,0.00,141.72,761,3.34
11/05/25 21:00,M006,Raw Material,Aluminum,80.71,0.00,92.84,770,2.69
11/05/25 21:05,M001,Raw Material,Polypropylene,136.08,0.00,182.2,329,3.52
11/05/25 21:10,M003,Raw Material,Steel,76.52,0.00,98.22,948,0.86
11/05/25 21:15,M002,Process Additive,Catalyst,94.41,0.00,159.53,215,3.56
11/05/25 21:20,M009,Intermediate Material,Plastic Resin,131.52,0.00,144.29,511,1.49
11/05/25 21:25,M001,Raw Material,Steel,129.63,0.00,111.46,650,0.29
11/05/25 21:30,M005,Process Additive,Industrial Oil,175.58,0.00,160.85,143,3.97
11/05/25 21:35,M003,Hazardous Material,Solvent,116.34,0.00,142.93,350,4.16
11/05/25 21:40,M009,Process Additive,Catalyst,193.96,0.00,156.54,388,4.73
11/05/25 21:45,M007,Finished Material,Machine Component,166.26,0.00,94.25,545,3.62
11/05/25 21:50,M004,Process Additive,Catalyst,77.04,0.00,153.26,832,4.65
11/05/25 21:55,M003,Intermediate Material,Sheet Metal,79,0.00,82.05,806,0.32
11/05/25 22:00,M005,Intermediate Material,Textiles,87.94,0.00,106.03,215,1.41
11/05/25 22:05,M008,Hazardous Material,Lead-Based Alloy,63.51,0.00,183.52,557,0.77
11/05/25 22:10,M007,Hazardous Material,Solvent,136.31,0.00,143.22,767,0.80
11/05/25 22:15,M004,Raw Material,Steel,58.55,0.00,185.02,532,2.05
11/05/25 22:20,M003,Finished Material,Circuit Board,59.36,0.00,121.74,301,3.74
11/05/25 22:25,M009,Process Additive,Industrial Oil,131.6,0.00,102.63,198,0.02
11/05/25 22:30,M001,Process Additive,Industrial Oil,90.52,0.00,186.36,340,2.75
11/05/25 22:35,M001,Process Additive,Catalyst,153.37,0.00,190.99,962,4.05
11/05/25 22:40,M003,Finished Material,Packaging,165.1,0.00,87.49,561,1.99
11/05/25 22:45,M007,Intermediate Material,Plastic Resin,163.44,0.00,192.03,978,1.14
11/05/25 22:50,M009,Intermediate Material,Textiles,141.41,0.00,126.24,908,4.41
11/05/25 22:55,M004,Intermediate Material,Plastic Resin,111.13,0.00,169.64,617,1.68
11/05/25 23:00,M002,Finished Material,Packaging,186.96,0.00,170.01,886,2.01
11/05/25 23:05,M007,Recycled Material,Scrap Steel,87.17,27.61,195.82,211,0.00
11/05/25 23:10,M002,Intermediate Material,Sheet Metal,149.57,0.00,174.93,305,4.50
11/05/25 23:15,M010,Intermediate Material,Sheet Metal,150.95,0.00,181.9,848,4.85
11/05/25 23:20,M006,Intermediate Material,Plastic Resin,160.58,0.00,167.4,164,2.64
11/05/25 23:25,M006,Finished Material,Packaging,191.15,0.00,82.37,593,2.47
11/05/25 23:30,M002,Finished Material,Circuit Board,113.37,0.00,155.5,479,4.13
11/05/25 23:35,M003,Raw Material,Steel,178.45,0.00,177.59,353,3.85
11/05/25 23:40,M010,Intermediate Material,Plastic Resin,141,0.00,194.78,219,2.30
11/05/25 23:45,M009,Finished Material,Circuit Board,102.85,0.00,151.21,693,4.27
11/05/25 23:50,M004,Hazardous Material,Solvent,102.49,0.00,139.7,852,3.38
11/05/25 23:55,M003,Finished Material,Machine Component,106.53,0.00,163.51,941,2.00
12/05/25 0:00,M007,Intermediate Material,Textiles,180.48,0.00,148.97,196,0.69
12/05/25 0:05,M008,Intermediate Material,Plastic Resin,142.51,0.00,151.18,266,1.72
12/05/25 0:10,M004,Hazardous Material,Solvent,150.67,0.00,155.39,109,3.82
12/05/25 0:15,M005,Intermediate Material,Textiles,179.25,0.00,82.7,374,3.14
12/05/25 0:20,M003,Hazardous Material,Solvent,113.46,0.00,198.62,411,0.31
12/05/25 0:25,M008,Hazardous Material,Solvent,122.66,0.00,147.49,666,3.91
12/05/25 0:30,M008,Process Additive,Catalyst,151.96,0.00,110.59,460,3.43
12/05/25 0:35,M010,Process Additive,Coolant,91.37,0.00,194.43,298,4.01
12/05/25 0:40,M009,Process Additive,Industrial Oil,111.64,0.00,109.1,959,2.29
12/05/25 0:45,M006,Intermediate Material,Plastic Resin,159.96,0.00,144.37,646,0.53
12/05/25 0:50,M007,Process Additive,Catalyst,130.06,0.00,111.83,423,0.05
12/05/25 0:55,M010,Intermediate Material,Textiles,146,0.00,176.74,996,0.05
12/05/25 1:00,M003,Raw Material,Steel,74.6,0.00,96.74,569,0.20
12/05/25 1:05,M007,Process Additive,Catalyst,140.27,0.00,87.34,960,2.72
12/05/25 1:10,M005,Hazardous Material,Solvent,103.79,0.00,92.52,326,0.00
12/05/25 1:15,M009,Hazardous Material,Lead-Based Alloy,181.24,0.00,176.54,437,2.41
12/05/25 1:20,M009,Hazardous Material,Lead-Based Alloy,142.83,0.00,168.43,368,4.17
12/05/25 1:25,M002,Hazardous Material,Solvent,112.4,0.00,183.86,114,0.75
12/05/25 1:30,M008,Process Additive,Industrial Oil,57.09,0.00,105.54,795,1.72
12/05/25 1:35,M007,Finished Material,Machine Component,65.27,0.00,186.63,897,2.98
12/05/25 1:40,M004,Raw Material,Polypropylene,108.11,0.00,91.65,367,3.84
12/05/25 1:45,M004,Recycled Material,Reprocessed Plastics,114.8,28.47,140.32,591,4.57
12/05/25 1:50,M001,Finished Material,Circuit Board,129.62,0.00,99.44,999,3.21
12/05/25 1:55,M001,Raw Material,Steel,144.65,0.00,104.49,481,4.44
12/05/25 2:00,M002,Raw Material,Aluminum,90.71,0.00,115.48,358,0.66
12/05/25 2:05,M010,Raw Material,Cotton,122.59,0.00,159.83,532,2.79
12/05/25 2:10,M007,Process Additive,Industrial Oil,95.13,0.00,84.63,245,3.94
12/05/25 2:15,M003,Raw Material,Polypropylene,186.52,0.00,153.35,546,4.36
12/05/25 2:20,M003,Process Additive,Coolant,165.22,0.00,102.11,975,0.90
12/05/25 2:25,M010,Raw Material,Polypropylene,85.39,0.00,191.82,763,3.30
12/05/25 2:30,M008,Raw Material,Polypropylene,124.84,0.00,137.65,498,1.52
12/05/25 2:35,M005,Finished Material,Machine Component,105.85,0.00,106.74,547,1.63
12/05/25 2:40,M002,Intermediate Material,Textiles,83.78,0.00,80.73,950,0.41
12/05/25 2:45,M003,Process Additive,Coolant,159.3,0.00,106.18,270,3.51
12/05/25 2:50,M010,Raw Material,Steel,161.15,0.00,127.33,774,0.92
12/05/25 2:55,M002,Raw Material,Cotton,85.52,0.00,173.46,246,3.17
12/05/25 3:00,M008,Recycled Material,Scrap Steel,113.84,13.53,157.1,849,1.23
12/05/25 3:05,M006,Hazardous Material,Solvent,156.85,0.00,118.55,432,0.85
12/05/25 3:10,M010,Finished Material,Machine Component,75.55,0.00,181,243,3.56
12/05/25 3:15,M006,Raw Material,Cotton,67.35,0.00,140.28,600,1.84
12/05/25 3:20,M002,Recycled Material,Scrap Steel,58.21,45.81,143.49,752,0.24
12/05/25 3:25,M005,Hazardous Material,Lead-Based Alloy,88.75,0.00,134.49,375,2.36
12/05/25 3:30,M006,Finished Material,Circuit Board,103.49,0.00,96.94,548,4.37
12/05/25 3:35,M005,Raw Material,Cotton,67.86,0.00,149.67,819,4.03
12/05/25 3:40,M010,Recycled Material,Scrap Steel,88.99,42.37,152.36,137,1.67
12/05/25 3:45,M008,Hazardous Material,Lead-Based Alloy,83.34,0.00,94.98,322,2.11
12/05/25 3:50,M002,Finished Material,Circuit Board,85.95,0.00,157.32,715,4.90
12/05/25 3:55,M007,Raw Material,Cotton,125.9,0.00,186.75,931,4.57
12/05/25 4:00,M002,Process Additive,Industrial Oil,121.99,0.00,137.03,109,1.43
12/05/25 4:05,M009,Recycled Material,Scrap Steel,97.4,3.13,101.78,555,3.46
12/05/25 4:10,M007,Process Additive,Catalyst,81.91,0.00,119.29,331,2.41
12/05/25 4:15,M009,Raw Material,Steel,126.78,0.00,183.62,464,2.12
12/05/25 4:20,M008,Intermediate Material,Plastic Resin,91.88,0.00,125.78,189,3.68
12/05/25 4:25,M008,Finished Material,Machine Component,190.03,0.00,151.1,507,2.94
12/05/25 4:30,M002,Process Additive,Industrial Oil,81.49,0.00,127.53,701,3.02
12/05/25 4:35,M005,Recycled Material,Reprocessed Plastics,89.3,45.30,86.32,701,2.88
12/05/25 4:40,M001,Finished Material,Circuit Board,66.82,0.00,143.87,667,1.70
12/05/25 4:45,M004,Hazardous Material,Lead-Based Alloy,129.69,0.00,108.07,800,3.54
12/05/25 4:50,M003,Raw Material,Steel,131.05,0.00,129.15,634,1.45
12/05/25 4:55,M005,Intermediate Material,Textiles,94.22,0.00,113.23,626,3.88
12/05/25 5:00,M005,Hazardous Material,Solvent,137.43,0.00,132.56,674,4.55
12/05/25 5:05,M006,Recycled Material,Reprocessed Plastics,145.27,28.55,170.51,229,4.73
12/05/25 5:10,M002,Hazardous Material,Lead-Based Alloy,76.87,0.00,88.57,863,2.92
12/05/25 5:15,M009,Hazardous Material,Lead-Based Alloy,173,0.00,115.91,653,0.94
12/05/25 5:20,M010,Recycled Material,Scrap Steel,119.32,46.31,170.07,641,1.50
12/05/25 5:25,M005,Process Additive,Industrial Oil,168.49,0.00,175.38,311,2.13
12/05/25 5:30,M003,Hazardous Material,Solvent,197.31,0.00,92.58,286,3.63
12/05/25 5:35,M001,Intermediate Material,Textiles,125.42,0.00,170.24,969,2.68
12/05/25 5:40,M002,Hazardous Material,Lead-Based Alloy,141.46,0.00,198.3,954,2.69
12/05/25 5:45,M005,Process Additive,Catalyst,51.7,0.00,178.53,855,3.97
12/05/25 5:50,M010,Finished Material,Circuit Board,175.01,0.00,133.44,690,0.23
12/05/25 5:55,M006,Intermediate Material,Textiles,179.22,0.00,190.95,699,1.04
12/05/25 6:00,M006,Raw Material,Polypropylene,161.68,0.00,144.62,121,3.77
12/05/25 6:05,M008,Finished Material,Circuit Board,165.32,0.00,160.27,299,0.63
12/05/25 6:10,M007,Raw Material,Steel,68.28,0.00,108.94,698,0.40
12/05/25 6:15,M004,Hazardous Material,Lead-Based Alloy,177.92,0.00,198.17,414,0.67
12/05/25 6:20,M006,Process Additive,Industrial Oil,86.5,0.00,131.19,687,0.30
12/05/25 6:25,M009,Process Additive,Catalyst,169.64,0.00,182.67,834,0.62
12/05/25 6:30,M005,Process Additive,Industrial Oil,181.9,0.00,115.92,831,2.31
12/05/25 6:35,M007,Raw Material,Polypropylene,189.9,0.00,175.41,643,2.48
12/05/25 6:40,M007,Recycled Material,Scrap Steel,187.25,3.94,162.82,621,3.60
12/05/25 6:45,M007,Hazardous Material,Lead-Based Alloy,81.35,0.00,109.04,733,0.30
12/05/25 6:50,M001,Finished Material,Machine Component,131.68,0.00,197.05,869,4.21
12/05/25 6:55,M007,Raw Material,Polypropylene,144.93,0.00,115.03,781,1.23
12/05/25 7:00,M006,Recycled Material,Reprocessed Plastics,85.91,24.37,102.31,455,3.95
12/05/25 7:05,M002,Raw Material,Cotton,93.53,0.00,127.15,795,3.07
12/05/25 7:10,M003,Hazardous Material,Lead-Based Alloy,120.73,0.00,101.81,128,4.28
12/05/25 7:15,M009,Hazardous Material,Solvent,199.52,0.00,158.02,519,0.02
12/05/25 7:20,M004,Process Additive,Industrial Oil,128.19,0.00,125.33,361,1.28
12/05/25 7:25,M007,Raw Material,Steel,184,0.00,154.81,813,2.31
12/05/25 7:30,M006,Finished Material,Circuit Board,100.21,0.00,184.66,750,4.60
12/05/25 7:35,M007,Process Additive,Industrial Oil,196.3,0.00,195.6,138,0.94
12/05/25 7:40,M009,Hazardous Material,Lead-Based Alloy,70.31,0.00,197.62,108,1.32
12/05/25 7:45,M008,Recycled Material,Scrap Steel,113.33,46.68,141.09,204,1.32
12/05/25 7:50,M005,Finished Material,Machine Component,117.99,0.00,143.46,692,1.15
12/05/25 7:55,M006,Intermediate Material,Sheet Metal,136.3,0.00,149.02,145,2.09
12/05/25 8:00,M007,Process Additive,Catalyst,163.43,0.00,190.09,980,3.03
12/05/25 8:05,M001,Hazardous Material,Lead-Based Alloy,75.97,0.00,144.39,978,1.39
12/05/25 8:10,M010,Hazardous Material,Solvent,164.79,0.00,184.54,872,4.80
12/05/25 8:15,M002,Finished Material,Circuit Board,174.67,0.00,172.03,650,3.74
12/05/25 8:20,M008,Intermediate Material,Plastic Resin,68.49,0.00,111.91,301,0.11
12/05/25 8:25,M007,Hazardous Material,Lead-Based Alloy,168.33,0.00,170.91,959,4.16
12/05/25 8:30,M005,Finished Material,Circuit Board,80.46,0.00,193.65,704,2.52
12/05/25 8:35,M009,Raw Material,Cotton,80.83,0.00,136.39,767,3.74
12/05/25 8:40,M009,Intermediate Material,Textiles,85.11,0.00,128.56,879,2.37
12/05/25 8:45,M001,Process Additive,Industrial Oil,84.88,0.00,81.01,112,3.11
12/05/25 8:50,M002,Process Additive,Industrial Oil,126.9,0.00,156.43,529,4.85
12/05/25 8:55,M003,Hazardous Material,Lead-Based Alloy,109.38,0.00,121.84,906,0.83
12/05/25 9:00,M001,Process Additive,Industrial Oil,148.28,0.00,100.45,990,1.16
12/05/25 9:05,M002,Hazardous Material,Lead-Based Alloy,158.62,0.00,122.73,572,0.67
12/05/25 9:10,M005,Process Additive,Industrial Oil,52.95,0.00,164.87,606,3.45
12/05/25 9:15,M005,Raw Material,Aluminum,73.93,0.00,124.55,899,1.20
12/05/25 9:20,M009,Finished Material,Circuit Board,58.92,0.00,137.93,730,1.55
12/05/25 9:25,M003,Intermediate Material,Plastic Resin,131.6,0.00,135.87,701,3.65
12/05/25 9:30,M009,Recycled Material,Scrap Steel,161.66,49.15,183.87,688,2.03
12/05/25 9:35,M003,Intermediate Material,Plastic Resin,61.72,0.00,139.52,405,3.97
12/05/25 9:40,M003,Process Additive,Industrial Oil,89.75,0.00,186.81,761,3.37
12/05/25 9:45,M003,Recycled Material,Scrap Steel,66.18,41.42,86.19,297,1.53
12/05/25 9:50,M009,Recycled Material,Scrap Steel,153.13,10.76,136.99,252,2.73
12/05/25 9:55,M008,Finished Material,Packaging,75.48,0.00,192.11,255,3.90
12/05/25 10:00,M001,Hazardous Material,Solvent,166.91,0.00,108.37,921,2.07
12/05/25 10:05,M003,Raw Material,Polypropylene,79.49,0.00,195.01,697,0.16
12/05/25 10:10,M006,Recycled Material,Reprocessed Plastics,140.74,1.50,91.49,349,0.68
12/05/25 10:15,M010,Raw Material,Steel,169.78,0.00,105.94,572,0.45
12/05/25 10:20,M001,Finished Material,Machine Component,75.75,0.00,91.22,309,2.70
12/05/25 10:25,M007,Hazardous Material,Lead-Based Alloy,161.49,0.00,136.71,177,3.28
12/05/25 10:30,M008,Intermediate Material,Sheet Metal,67.99,0.00,176.51,359,1.58
12/05/25 10:35,M005,Finished Material,Machine Component,168.85,0.00,199.86,213,2.85
12/05/25 10:40,M009,Raw Material,Cotton,175.14,0.00,134.57,413,1.22
12/05/25 10:45,M001,Intermediate Material,Sheet Metal,163.94,0.00,115.18,905,4.65
12/05/25 10:50,M003,Intermediate Material,Plastic Resin,71.63,0.00,157.75,115,0.72
12/05/25 10:55,M003,Intermediate Material,Textiles,90.48,0.00,89.87,850,4.57
12/05/25 11:00,M001,Hazardous Material,Solvent,95.76,0.00,178.8,916,4.21
12/05/25 11:05,M003,Recycled Material,Scrap Steel,81.24,9.13,156.99,461,1.58
12/05/25 11:10,M004,Intermediate Material,Plastic Resin,111.35,0.00,158.19,717,4.09
12/05/25 11:15,M009,Raw Material,Aluminum,90.55,0.00,121.39,808,1.80
12/05/25 11:20,M009,Process Additive,Industrial Oil,107.34,0.00,95.77,208,2.87
12/05/25 11:25,M002,Process Additive,Catalyst,137.22,0.00,180.99,274,4.03
12/05/25 11:30,M009,Recycled Material,Reprocessed Plastics,159.88,40.12,186.19,361,2.39
12/05/25 11:35,M007,Hazardous Material,Solvent,69.04,0.00,135.63,160,4.54
12/05/25 11:40,M009,Hazardous Material,Solvent,96.79,0.00,111.06,623,3.75
12/05/25 11:45,M008,Finished Material,Packaging,196.46,0.00,197.21,212,2.86
12/05/25 11:50,M008,Process Additive,Catalyst,176.96,0.00,95.68,547,1.50
12/05/25 11:55,M001,Recycled Material,Scrap Steel,108.96,48.10,155.04,953,0.99
12/05/25 12:00,M006,Intermediate Material,Plastic Resin,131.05,0.00,141.18,376,2.25
12/05/25 12:05,M001,Hazardous Material,Lead-Based Alloy,67.59,0.00,148.89,640,2.05
12/05/25 12:10,M005,Recycled Material,Scrap Steel,72.21,42.78,100.18,270,1.00
12/05/25 12:15,M008,Finished Material,Packaging,72.26,0.00,81.75,436,0.01
12/05/25 12:20,M004,Intermediate Material,Sheet Metal,59.14,0.00,82.18,631,1.88
12/05/25 12:25,M005,Finished Material,Packaging,199.11,0.00,134.41,707,0.56
12/05/25 12:30,M001,Raw Material,Steel,68.2,0.00,94.29,917,0.01
12/05/25 12:35,M010,Raw Material,Cotton,135.16,0.00,168.97,255,4.10
12/05/25 12:40,M003,Finished Material,Machine Component,80.23,0.00,134.81,951,2.91
12/05/25 12:45,M009,Hazardous Material,Solvent,161,0.00,154.13,497,0.04
12/05/25 12:50,M006,Process Additive,Catalyst,198.35,0.00,194.11,975,4.33
12/05/25 12:55,M009,Recycled Material,Reprocessed Plastics,200,19.43,84.88,123,4.61
12/05/25 13:00,M010,Hazardous Material,Solvent,152.64,0.00,109.88,221,4.45
12/05/25 13:05,M004,Recycled Material,Scrap Steel,189.44,26.17,90.22,194,3.31
12/05/25 13:10,M009,Finished Material,Machine Component,154.15,0.00,119.57,244,3.80
12/05/25 13:15,M005,Intermediate Material,Sheet Metal,78.37,0.00,111.17,968,3.32
12/05/25 13:20,M002,Process Additive,Industrial Oil,98.59,0.00,108.7,522,2.06
12/05/25 13:25,M008,Process Additive,Coolant,191.52,0.00,152.87,356,1.42
12/05/25 13:30,M005,Recycled Material,Reprocessed Plastics,116.24,35.81,91.46,663,0.69
12/05/25 13:35,M001,Intermediate Material,Textiles,165.5,0.00,189.23,805,2.53
12/05/25 13:40,M003,Finished Material,Circuit Board,127,0.00,151.58,885,1.44
12/05/25 13:45,M001,Intermediate Material,Plastic Resin,71.11,0.00,143.71,612,4.44
12/05/25 13:50,M008,Process Additive,Catalyst,98.71,0.00,96.31,332,3.95
12/05/25 13:55,M006,Finished Material,Circuit Board,111.74,0.00,99.17,327,1.72
12/05/25 14:00,M008,Raw Material,Steel,94.2,0.00,99.14,196,4.96
12/05/25 14:05,M009,Intermediate Material,Textiles,155.18,0.00,92.86,218,3.43
12/05/25 14:10,M002,Finished Material,Circuit Board,167.95,0.00,196.95,454,2.82
12/05/25 14:15,M005,Finished Material,Machine Component,67.16,0.00,83.8,575,3.01
12/05/25 14:20,M004,Raw Material,Polypropylene,113.97,0.00,82.82,187,0.64
12/05/25 14:25,M004,Hazardous Material,Lead-Based Alloy,118.74,0.00,83.55,840,4.39
12/05/25 14:30,M003,Intermediate Material,Sheet Metal,135.17,0.00,198.82,742,2.14
12/05/25 14:35,M006,Raw Material,Aluminum,54.4,0.00,188.53,645,3.58
12/05/25 14:40,M001,Recycled Material,Reprocessed Plastics,115.28,16.26,194.69,890,4.46
12/05/25 14:45,M005,Process Additive,Coolant,158.81,0.00,196.48,412,3.28
12/05/25 14:50,M003,Recycled Material,Reprocessed Plastics,198.14,42.61,115.98,945,4.83
12/05/25 14:55,M002,Hazardous Material,Lead-Based Alloy,99.93,0.00,80.82,611,3.60
12/05/25 15:00,M004,Finished Material,Machine Component,123.77,0.00,97.87,340,1.75
12/05/25 15:05,M007,Raw Material,Cotton,199.88,0.00,144.17,267,4.70
12/05/25 15:10,M002,Finished Material,Packaging,68.93,0.00,135.06,287,1.97
12/05/25 15:15,M001,Hazardous Material,Solvent,177.1,0.00,164.43,496,4.67
12/05/25 15:20,M007,Intermediate Material,Sheet Metal,91.41,0.00,89.19,736,4.40
12/05/25 15:25,M007,Hazardous Material,Solvent,126.6,0.00,181.32,909,3.12
12/05/25 15:30,M008,Recycled Material,Scrap Steel,149.36,28.91,156.69,470,0.08
12/05/25 15:35,M007,Raw Material,Polypropylene,125.09,0.00,138,408,4.87
12/05/25 15:40,M003,Intermediate Material,Plastic Resin,179.61,0.00,177.4,414,0.27
12/05/25 15:45,M007,Finished Material,Machine Component,132.15,0.00,193.7,254,0.43
12/05/25 15:50,M007,Process Additive,Catalyst,160.74,0.00,122.75,465,1.28
12/05/25 15:55,M003,Raw Material,Cotton,148.99,0.00,113.17,389,3.21
12/05/25 16:00,M002,Raw Material,Steel,150.59,0.00,153.5,892,0.98
12/05/25 16:05,M009,Raw Material,Aluminum,119.54,0.00,80.3,784,2.15
12/05/25 16:10,M005,Intermediate Material,Plastic Resin,151.58,0.00,174.67,612,4.37
12/05/25 16:15,M009,Intermediate Material,Textiles,59.72,0.00,142.02,700,4.01
12/05/25 16:20,M009,Raw Material,Cotton,110.77,0.00,183.94,118,1.74
12/05/25 16:25,M002,Raw Material,Steel,77.26,0.00,99.32,999,1.86
12/05/25 16:30,M004,Finished Material,Packaging,91.84,0.00,176.26,290,1.24
12/05/25 16:35,M001,Raw Material,Cotton,57.64,0.00,153.36,640,2.12
12/05/25 16:40,M004,Recycled Material,Scrap Steel,65.07,36.50,184.68,494,0.26
12/05/25 16:45,M001,Intermediate Material,Sheet Metal,59.37,0.00,163.86,207,2.97
12/05/25 16:50,M009,Hazardous Material,Lead-Based Alloy,62.03,0.00,176.91,133,4.69
12/05/25 16:55,M004,Process Additive,Coolant,171.99,0.00,108.88,868,3.45
12/05/25 17:00,M002,Hazardous Material,Solvent,164.29,0.00,146.57,146,3.90
12/05/25 17:05,M002,Finished Material,Machine Component,182.62,0.00,98.67,463,3.42
12/05/25 17:10,M010,Raw Material,Polypropylene,64.78,0.00,157.76,965,4.89
12/05/25 17:15,M008,Hazardous Material,Solvent,180.1,0.00,190.55,743,0.60
12/05/25 17:20,M004,Recycled Material,Reprocessed Plastics,83.52,26.51,164.74,123,2.36
12/05/25 17:25,M003,Hazardous Material,Solvent,128.39,0.00,80.42,240,3.90
12/05/25 17:30,M010,Raw Material,Aluminum,120.19,0.00,193.46,208,2.13
12/05/25 17:35,M009,Finished Material,Packaging,66.66,0.00,153.87,954,0.77
12/05/25 17:40,M004,Finished Material,Packaging,181.87,0.00,150.57,493,1.26
12/05/25 17:45,M008,Raw Material,Aluminum,122.77,0.00,180.5,141,2.24
12/05/25 17:50,M007,Hazardous Material,Lead-Based Alloy,184.95,0.00,80.84,917,1.43
12/05/25 17:55,M001,Finished Material,Packaging,157.45,0.00,123.96,460,2.33
12/05/25 18:00,M009,Raw Material,Steel,75.46,0.00,110.83,988,1.47
12/05/25 18:05,M003,Intermediate Material,Plastic Resin,194.6,0.00,99.47,944,0.61
12/05/25 18:10,M010,Raw Material,Cotton,140.37,0.00,171.61,664,1.76
12/05/25 18:15,M008,Process Additive,Coolant,149.96,0.00,82.39,920,2.21
12/05/25 18:20,M006,Raw Material,Cotton,142.96,0.00,94.21,691,4.25
12/05/25 18:25,M006,Finished Material,Packaging,190.94,0.00,193.2,191,1.61
12/05/25 18:30,M002,Recycled Material,Reprocessed Plastics,173.52,19.42,80.53,109,1.09
12/05/25 18:35,M006,Raw Material,Polypropylene,183.92,0.00,98.78,968,1.06
12/05/25 18:40,M002,Hazardous Material,Lead-Based Alloy,136.68,0.00,114.63,975,1.46
12/05/25 18:45,M002,Intermediate Material,Sheet Metal,51.53,0.00,189.54,856,2.13
12/05/25 18:50,M002,Raw Material,Polypropylene,178.72,0.00,85.62,203,1.84
12/05/25 18:55,M002,Recycled Material,Reprocessed Plastics,157.95,38.18,165.72,497,3.49
12/05/25 19:00,M007,Finished Material,Circuit Board,84.66,0.00,184.13,729,4.31
12/05/25 19:05,M004,Process Additive,Catalyst,63.61,0.00,80.38,117,4.10
12/05/25 19:10,M005,Recycled Material,Reprocessed Plastics,88.94,49.68,138.87,939,4.04
12/05/25 19:15,M007,Raw Material,Polypropylene,120.87,0.00,146.22,428,3.72
12/05/25 19:20,M002,Intermediate Material,Textiles,165.56,0.00,188.7,604,1.65
12/05/25 19:25,M002,Intermediate Material,Sheet Metal,138.84,0.00,171.81,609,2.53
12/05/25 19:30,M006,Process Additive,Coolant,73.21,0.00,182.49,754,0.23
12/05/25 19:35,M010,Recycled Material,Scrap Steel,84.06,19.17,98.42,905,1.46
12/05/25 19:40,M006,Process Additive,Coolant,165.97,0.00,136.23,137,1.79
12/05/25 19:45,M008,Raw Material,Steel,119.1,0.00,87.34,612,2.32
12/05/25 19:50,M006,Recycled Material,Reprocessed Plastics,163.2,24.03,199.39,870,1.15
12/05/25 19:55,M001,Intermediate Material,Sheet Metal,123,0.00,116.83,333,2.65
12/05/25 20:00,M003,Recycled Material,Reprocessed Plastics,173.2,42.03,140.39,432,3.53
12/05/25 20:05,M003,Recycled Material,Scrap Steel,74.3,8.64,111.15,869,1.97
12/05/25 20:10,M009,Recycled Material,Scrap Steel,184.03,9.30,141.94,407,4.99
12/05/25 20:15,M008,Recycled Material,Reprocessed Plastics,87.6,0.51,158.32,486,3.42
12/05/25 20:20,M003,Recycled Material,Scrap Steel,178.95,35.32,193.17,313,3.63
12/05/25 20:25,M007,Recycled Material,Reprocessed Plastics,153.74,17.91,95.05,641,2.16
12/05/25 20:30,M009,Recycled Material,Scrap Steel,110.97,33.59,83.63,369,2.59
12/05/25 20:35,M009,Recycled Material,Scrap Steel,76.45,34.70,173.62,896,1.18
12/05/25 20:40,M001,Process Additive,Industrial Oil,153.1,0.00,193.23,718,3.86
12/05/25 20:45,M008,Intermediate Material,Textiles,112.72,0.00,90.06,435,2.98
12/05/25 20:50,M008,Recycled Material,Reprocessed Plastics,166.48,15.71,161.82,855,1.61
12/05/25 20:55,M008,Raw Material,Cotton,125.03,0.00,185.82,611,3.55
12/05/25 21:00,M006,Process Additive,Industrial Oil,115.45,0.00,89.24,821,4.31
12/05/25 21:05,M004,Hazardous Material,Solvent,72.07,0.00,101.71,315,4.30
12/05/25 21:10,M003,Recycled Material,Scrap Steel,77.04,35.31,101.05,758,0.74
12/05/25 21:15,M002,Raw Material,Steel,175.39,0.00,179.62,766,4.44
12/05/25 21:20,M007,Hazardous Material,Lead-Based Alloy,195.31,0.00,92.79,268,0.29
12/05/25 21:25,M005,Intermediate Material,Textiles,182.46,0.00,124.63,395,1.34
12/05/25 21:30,M009,Recycled Material,Scrap Steel,54.86,8.79,92.43,535,4.78
12/05/25 21:35,M001,Intermediate Material,Textiles,178.47,0.00,101.5,130,4.49
12/05/25 21:40,M007,Hazardous Material,Lead-Based Alloy,64.35,0.00,197.52,372,0.92
12/05/25 21:45,M007,Process Additive,Coolant,174.32,0.00,87.27,659,0.13
12/05/25 21:50,M002,Recycled Material,Reprocessed Plastics,182.53,37.97,190.59,925,4.99
12/05/25 21:55,M007,Intermediate Material,Plastic Resin,183.06,0.00,84.72,450,3.43
12/05/25 22:00,M001,Process Additive,Catalyst,79.74,0.00,102.17,955,2.29
12/05/25 22:05,M005,Process Additive,Coolant,136.64,0.00,182.34,983,4.04
12/05/25 22:10,M003,Hazardous Material,Solvent,167.38,0.00,131.99,347,4.58
12/05/25 22:15,M001,Hazardous Material,Lead-Based Alloy,193.69,0.00,83.9,507,3.78
12/05/25 22:20,M006,Process Additive,Industrial Oil,73.44,0.00,121.98,846,3.06
12/05/25 22:25,M009,Process Additive,Industrial Oil,154.83,0.00,106.28,719,1.12
12/05/25 22:30,M008,Finished Material,Circuit Board,198.7,0.00,139.19,653,4.31
12/05/25 22:35,M003,Hazardous Material,Lead-Based Alloy,173.34,0.00,106.67,767,0.24
12/05/25 22:40,M010,Recycled Material,Scrap Steel,68.82,21.52,130.37,504,3.23
12/05/25 22:45,M003,Recycled Material,Scrap Steel,132.94,15.19,197.27,702,2.45
12/05/25 22:50,M010,Finished Material,Packaging,137.96,0.00,82.81,840,0.00
12/05/25 22:55,M009,Recycled Material,Reprocessed Plastics,172.41,20.93,139.42,472,3.77
12/05/25 23:00,M001,Intermediate Material,Sheet Metal,131.85,0.00,159.81,205,2.83
12/05/25 23:05,M003,Hazardous Material,Lead-Based Alloy,74.89,0.00,172.6,480,3.88
12/05/25 23:10,M005,Intermediate Material,Textiles,54.89,0.00,111.09,686,4.57
12/05/25 23:15,M010,Intermediate Material,Sheet Metal,184.81,0.00,121.82,297,1.24
12/05/25 23:20,M003,Raw Material,Aluminum,86.7,0.00,88.07,257,4.05
12/05/25 23:25,M006,Process Additive,Industrial Oil,67.03,0.00,186.17,331,4.95
12/05/25 23:30,M005,Process Additive,Catalyst,152.44,0.00,84.01,975,2.02
12/05/25 23:35,M009,Hazardous Material,Solvent,154.27,0.00,104.98,298,3.78
12/05/25 23:40,M004,Intermediate Material,Sheet Metal,94.18,0.00,109.55,267,2.96
12/05/25 23:45,M003,Raw Material,Steel,102.02,0.00,169.59,651,5.00
12/05/25 23:50,M004,Raw Material,Aluminum,174.75,0.00,174.64,870,1.35
12/05/25 23:55,M003,Hazardous Material,Lead-Based Alloy,116.65,0.00,120,712,1.96
13/05/25 0:00,M010,Hazardous Material,Lead-Based Alloy,192.71,0.00,94.15,348,4.83
13/05/25 0:05,M007,Intermediate Material,Sheet Metal,122.17,0.00,117.08,480,1.39
13/05/25 0:10,M002,Raw Material,Cotton,77.34,0.00,172.98,374,3.20
13/05/25 0:15,M010,Intermediate Material,Plastic Resin,101.28,0.00,198.32,200,2.93
13/05/25 0:20,M003,Recycled Material,Reprocessed Plastics,61.4,11.45,137.79,337,3.61
13/05/25 0:25,M003,Recycled Material,Reprocessed Plastics,121.02,7.56,182.37,744,4.59
13/05/25 0:30,M005,Recycled Material,Scrap Steel,184.59,7.09,83.05,735,2.13
13/05/25 0:35,M008,Intermediate Material,Sheet Metal,50.68,0.00,151.17,775,3.71
13/05/25 0:40,M009,Process Additive,Coolant,181.18,0.00,112.46,295,0.83
13/05/25 0:45,M002,Raw Material,Polypropylene,153.66,0.00,183.21,463,0.05
13/05/25 0:50,M002,Process Additive,Industrial Oil,157.97,0.00,96.75,695,3.20
13/05/25 0:55,M005,Intermediate Material,Textiles,176.2,0.00,142.09,552,2.43
13/05/25 1:00,M010,Recycled Material,Scrap Steel,89.14,30.27,95.22,809,3.71
13/05/25 1:05,M003,Intermediate Material,Sheet Metal,125.26,0.00,108.35,938,1.27
13/05/25 1:10,M006,Finished Material,Packaging,168.68,0.00,150.88,853,4.64
13/05/25 1:15,M001,Process Additive,Catalyst,122.47,0.00,84.97,604,3.17
13/05/25 1:20,M010,Intermediate Material,Sheet Metal,182.09,0.00,170.91,703,2.95
13/05/25 1:25,M009,Recycled Material,Reprocessed Plastics,64.29,43.63,193.13,269,1.70
13/05/25 1:30,M009,Finished Material,Machine Component,194.01,0.00,112.99,632,1.67
13/05/25 1:35,M009,Process Additive,Catalyst,129.09,0.00,103.05,856,2.71
13/05/25 1:40,M006,Finished Material,Machine Component,156.59,0.00,137.34,514,3.94
13/05/25 1:45,M001,Finished Material,Packaging,89.92,0.00,137.87,774,2.92
13/05/25 1:50,M003,Process Additive,Coolant,188.6,0.00,183.47,752,4.37
13/05/25 1:55,M006,Raw Material,Cotton,75.32,0.00,99.08,287,4.35
13/05/25 2:00,M001,Raw Material,Aluminum,102.9,0.00,175.5,750,2.03
13/05/25 2:05,M005,Recycled Material,Scrap Steel,132.87,9.44,171.26,284,3.23
13/05/25 2:10,M002,Intermediate Material,Sheet Metal,86.85,0.00,112.82,394,2.85
13/05/25 2:15,M003,Hazardous Material,Lead-Based Alloy,168.21,0.00,152.66,770,2.09
13/05/25 2:20,M003,Finished Material,Machine Component,55.96,0.00,129.19,100,1.31
13/05/25 2:25,M006,Raw Material,Polypropylene,114.55,0.00,102.21,588,4.18
13/05/25 2:30,M001,Raw Material,Aluminum,142.18,0.00,85.99,878,0.42
13/05/25 2:35,M004,Intermediate Material,Plastic Resin,164.45,0.00,144.65,281,0.67
13/05/25 2:40,M005,Recycled Material,Scrap Steel,63.03,29.59,125.88,105,3.47
13/05/25 2:45,M007,Raw Material,Aluminum,119.21,0.00,159.09,428,2.00
13/05/25 2:50,M007,Raw Material,Cotton,174.64,0.00,86.59,546,4.35
13/05/25 2:55,M007,Process Additive,Industrial Oil,156.31,0.00,165.59,462,0.05
13/05/25 3:00,M010,Process Additive,Industrial Oil,119.45,0.00,103.99,533,0.45
13/05/25 3:05,M007,Finished Material,Circuit Board,178.61,0.00,160.8,310,4.92
13/05/25 3:10,M004,Recycled Material,Scrap Steel,51.86,46.84,154.07,389,3.56
13/05/25 3:15,M007,Process Additive,Industrial Oil,190.8,0.00,165.85,498,1.74
13/05/25 3:20,M005,Raw Material,Aluminum,118.97,0.00,135.67,774,4.47
13/05/25 3:25,M009,Process Additive,Coolant,192.65,0.00,187.32,870,0.16
13/05/25 3:30,M004,Process Additive,Catalyst,93.85,0.00,154.84,146,4.09
13/05/25 3:35,M007,Raw Material,Cotton,99.17,0.00,120.82,623,2.75
13/05/25 3:40,M001,Raw Material,Cotton,142.96,0.00,147.76,276,1.50
13/05/25 3:45,M003,Raw Material,Aluminum,93.05,0.00,106.3,415,1.33
13/05/25 3:50,M005,Raw Material,Cotton,75.23,0.00,112.24,538,3.90
13/05/25 3:55,M004,Hazardous Material,Solvent,135.89,0.00,133.84,879,4.99
13/05/25 4:00,M003,Process Additive,Coolant,165.91,0.00,124.37,330,1.89
13/05/25 4:05,M003,Recycled Material,Scrap Steel,92.13,23.38,103.74,544,3.67
13/05/25 4:10,M005,Raw Material,Steel,196.89,0.00,80.39,447,1.14
13/05/25 4:15,M006,Finished Material,Machine Component,122.26,0.00,193.23,278,0.46
13/05/25 4:20,M005,Intermediate Material,Plastic Resin,167.03,0.00,152.41,955,3.99
13/05/25 4:25,M010,Intermediate Material,Plastic Resin,130.04,0.00,111.42,537,0.25
13/05/25 4:30,M008,Finished Material,Packaging,111.58,0.00,91.26,327,2.28
13/05/25 4:35,M009,Process Additive,Coolant,81.84,0.00,86.15,845,1.88
13/05/25 4:40,M009,Recycled Material,Reprocessed Plastics,181.77,12.82,129.69,578,0.66
13/05/25 4:45,M007,Intermediate Material,Plastic Resin,133.02,0.00,177.1,900,0.34
13/05/25 4:50,M005,Finished Material,Circuit Board,127.92,0.00,177.98,864,3.04
13/05/25 4:55,M001,Raw Material,Aluminum,117.92,0.00,190.94,270,2.88
13/05/25 5:00,M002,Raw Material,Polypropylene,100.18,0.00,163.7,765,4.21
13/05/25 5:05,M009,Recycled Material,Scrap Steel,93.51,11.81,129.43,538,0.17
13/05/25 5:10,M001,Intermediate Material,Textiles,87.2,0.00,112.04,535,2.96
13/05/25 5:15,M004,Intermediate Material,Sheet Metal,109.45,0.00,157.35,781,1.05
13/05/25 5:20,M007,Recycled Material,Scrap Steel,132.2,6.78,168.19,530,2.05
13/05/25 5:25,M008,Hazardous Material,Solvent,166.42,0.00,153.72,889,2.56
13/05/25 5:30,M009,Finished Material,Packaging,114.64,0.00,106.16,878,1.65
13/05/25 5:35,M010,Raw Material,Cotton,120.61,0.00,104.63,524,1.02
13/05/25 5:40,M003,Finished Material,Packaging,154.04,0.00,184.21,615,3.78
13/05/25 5:45,M007,Raw Material,Polypropylene,169.82,0.00,156.52,968,0.11
13/05/25 5:50,M005,Hazardous Material,Lead-Based Alloy,70.85,0.00,94.15,566,0.29
13/05/25 5:55,M009,Recycled Material,Scrap Steel,131.76,20.07,166.79,130,2.04
13/05/25 6:00,M004,Intermediate Material,Sheet Metal,164.38,0.00,128.27,266,2.89
13/05/25 6:05,M001,Recycled Material,Scrap Steel,191.53,29.01,101.28,957,2.54
13/05/25 6:10,M010,Raw Material,Aluminum,123.58,0.00,147.42,528,3.51
13/05/25 6:15,M004,Intermediate Material,Plastic Resin,63.57,0.00,168.5,106,2.67
13/05/25 6:20,M005,Hazardous Material,Solvent,75.74,0.00,150.48,261,0.15
13/05/25 6:25,M010,Hazardous Material,Lead-Based Alloy,195.87,0.00,90.45,889,1.19
13/05/25 6:30,M006,Process Additive,Catalyst,198.44,0.00,152.18,119,0.56
13/05/25 6:35,M006,Hazardous Material,Solvent,117.45,0.00,199.27,713,0.90
13/05/25 6:40,M010,Process Additive,Catalyst,115.88,0.00,80.24,364,4.98
13/05/25 6:45,M009,Intermediate Material,Plastic Resin,84.8,0.00,189.5,860,3.88
13/05/25 6:50,M004,Raw Material,Aluminum,167.42,0.00,163.25,941,3.70
13/05/25 6:55,M008,Finished Material,Packaging,66.75,0.00,136.58,980,4.64
13/05/25 7:00,M007,Finished Material,Machine Component,193.08,0.00,112.53,327,3.39
13/05/25 7:05,M006,Finished Material,Packaging,136.98,0.00,170.67,153,0.51
13/05/25 7:10,M005,Hazardous Material,Lead-Based Alloy,185.19,0.00,158.49,195,1.64
13/05/25 7:15,M004,Recycled Material,Scrap Steel,67.17,2.72,151.89,259,2.06
13/05/25 7:20,M005,Raw Material,Cotton,181.98,0.00,104.43,625,3.15
13/05/25 7:25,M001,Hazardous Material,Lead-Based Alloy,118.14,0.00,128.25,641,0.83
13/05/25 7:30,M007,Hazardous Material,Lead-Based Alloy,147.69,0.00,172.45,952,1.50
13/05/25 7:35,M009,Process Additive,Industrial Oil,149.08,0.00,82.31,250,2.58
13/05/25 7:40,M010,Process Additive,Catalyst,77.58,0.00,157.62,746,1.38
13/05/25 7:45,M002,Recycled Material,Scrap Steel,113.45,29.62,93.48,714,4.42
13/05/25 7:50,M007,Raw Material,Aluminum,169.97,0.00,128.74,235,0.08
13/05/25 7:55,M001,Hazardous Material,Lead-Based Alloy,176.1,0.00,108.81,222,2.28
13/05/25 8:00,M003,Recycled Material,Scrap Steel,150.88,44.12,113.67,323,1.63
13/05/25 8:05,M010,Recycled Material,Scrap Steel,146.29,16.70,142.63,941,4.38
13/05/25 8:10,M001,Raw Material,Aluminum,51.64,0.00,169.57,929,3.31
13/05/25 8:15,M003,Process Additive,Industrial Oil,148.64,0.00,124.87,517,2.98
13/05/25 8:20,M010,Raw Material,Aluminum,193.52,0.00,135.02,354,0.04
13/05/25 8:25,M009,Process Additive,Catalyst,117.7,0.00,178.75,821,0.29
13/05/25 8:30,M010,Recycled Material,Reprocessed Plastics,50.12,45.91,115.24,484,1.59
13/05/25 8:35,M005,Raw Material,Polypropylene,103.23,0.00,163.81,535,1.28
13/05/25 8:40,M002,Finished Material,Packaging,172.27,0.00,174.77,897,4.71
13/05/25 8:45,M001,Intermediate Material,Plastic Resin,174.06,0.00,112.64,998,4.49
13/05/25 8:50,M009,Intermediate Material,Sheet Metal,102.84,0.00,166.02,562,4.99
13/05/25 8:55,M004,Hazardous Material,Solvent,91.47,0.00,165.48,520,0.76
13/05/25 9:00,M004,Intermediate Material,Sheet Metal,114.18,0.00,125.74,926,2.32
13/05/25 9:05,M010,Hazardous Material,Solvent,92.56,0.00,88.84,481,2.91
13/05/25 9:10,M010,Recycled Material,Scrap Steel,70.23,2.52,110.79,719,2.62
13/05/25 9:15,M003,Intermediate Material,Plastic Resin,134.55,0.00,95.46,493,2.08
13/05/25 9:20,M002,Recycled Material,Reprocessed Plastics,76.54,44.63,125.23,704,4.54
13/05/25 9:25,M010,Finished Material,Circuit Board,138.2,0.00,168.47,910,4.76
13/05/25 9:30,M009,Intermediate Material,Sheet Metal,98.09,0.00,146.34,588,4.33
13/05/25 9:35,M007,Hazardous Material,Solvent,156.52,0.00,134.11,291,1.86
13/05/25 9:40,M007,Raw Material,Polypropylene,68.21,0.00,110.58,276,0.24
13/05/25 9:45,M005,Hazardous Material,Lead-Based Alloy,64.35,0.00,104.02,640,3.73
13/05/25 9:50,M010,Raw Material,Aluminum,198.66,0.00,128.29,130,0.02
13/05/25 9:55,M002,Process Additive,Coolant,57.45,0.00,197.47,815,2.33
13/05/25 10:00,M007,Intermediate Material,Textiles,158.66,0.00,193.27,911,1.52
13/05/25 10:05,M004,Raw Material,Polypropylene,159.66,0.00,147.68,322,1.50
13/05/25 10:10,M001,Intermediate Material,Textiles,171.73,0.00,139.48,255,4.51
13/05/25 10:15,M009,Recycled Material,Scrap Steel,54.98,30.64,132.17,435,4.16
13/05/25 10:20,M007,Process Additive,Industrial Oil,161.34,0.00,160.06,814,0.68
13/05/25 10:25,M001,Process Additive,Catalyst,195.44,0.00,157.88,156,2.59
13/05/25 10:30,M004,Process Additive,Industrial Oil,54.65,0.00,191.9,536,2.14
13/05/25 10:35,M002,Hazardous Material,Solvent,133.8,0.00,154.45,228,4.58
13/05/25 10:40,M010,Hazardous Material,Lead-Based Alloy,147.36,0.00,182.88,511,2.67
13/05/25 10:45,M001,Raw Material,Cotton,148.83,0.00,109.52,102,2.24
13/05/25 10:50,M007,Recycled Material,Scrap Steel,190.47,21.53,119.98,591,0.76
13/05/25 10:55,M005,Raw Material,Polypropylene,87.19,0.00,192.73,602,1.29
13/05/25 11:00,M003,Process Additive,Industrial Oil,194.65,0.00,158.8,593,3.30
13/05/25 11:05,M006,Recycled Material,Scrap Steel,51.91,24.81,139.5,757,0.85
13/05/25 11:10,M008,Process Additive,Industrial Oil,83.86,0.00,90.34,689,3.81
13/05/25 11:15,M003,Raw Material,Aluminum,154.25,0.00,180,862,4.18
13/05/25 11:20,M010,Finished Material,Circuit Board,138.62,0.00,141.88,298,1.05
13/05/25 11:25,M001,Intermediate Material,Plastic Resin,159.76,0.00,177.24,972,4.98
13/05/25 11:30,M005,Recycled Material,Reprocessed Plastics,132.49,0.00,112.51,541,0.13
13/05/25 11:35,M009,Recycled Material,Scrap Steel,166.17,15.76,87.88,105,3.46
13/05/25 11:40,M008,Recycled Material,Reprocessed Plastics,61.43,37.85,88.56,582,3.15
13/05/25 11:45,M009,Process Additive,Industrial Oil,122.5,0.00,108.67,773,0.83
13/05/25 11:50,M009,Hazardous Material,Solvent,61.77,0.00,122.2,297,4.86
13/05/25 11:55,M001,Hazardous Material,Lead-Based Alloy,133.75,0.00,122.48,101,1.72
13/05/25 12:00,M009,Finished Material,Circuit Board,159.34,0.00,176.93,428,4.48
13/05/25 12:05,M008,Process Additive,Coolant,157.75,0.00,154.3,785,1.83
13/05/25 12:10,M010,Finished Material,Circuit Board,188.27,0.00,85.63,603,4.11
13/05/25 12:15,M001,Raw Material,Polypropylene,51.7,0.00,109.5,948,4.01
13/05/25 12:20,M005,Process Additive,Coolant,67.58,0.00,113.15,118,4.97
13/05/25 12:25,M004,Hazardous Material,Lead-Based Alloy,76.73,0.00,176.51,124,3.40
13/05/25 12:30,M010,Recycled Material,Reprocessed Plastics,165.34,38.36,168.61,140,1.19
13/05/25 12:35,M006,Hazardous Material,Solvent,152.67,0.00,113.44,810,3.72
13/05/25 12:40,M008,Hazardous Material,Lead-Based Alloy,72.73,0.00,118.6,722,3.49
13/05/25 12:45,M002,Recycled Material,Reprocessed Plastics,153.81,35.46,104.8,308,3.61
13/05/25 12:50,M006,Finished Material,Machine Component,69.82,0.00,86.66,294,3.02
13/05/25 12:55,M008,Process Additive,Coolant,177.5,0.00,140.38,619,4.50
13/05/25 13:00,M007,Recycled Material,Scrap Steel,125.84,48.25,147.01,143,2.98
13/05/25 13:05,M001,Finished Material,Packaging,67.62,0.00,163.91,194,2.70
13/05/25 13:10,M005,Intermediate Material,Sheet Metal,63.78,0.00,161.69,248,4.05
13/05/25 13:15,M007,Raw Material,Steel,100.29,0.00,113.08,446,2.80
13/05/25 13:20,M006,Intermediate Material,Plastic Resin,86.15,0.00,158.98,214,2.97
13/05/25 13:25,M007,Raw Material,Polypropylene,199.13,0.00,175.85,788,4.94
13/05/25 13:30,M003,Raw Material,Polypropylene,83.88,0.00,188.6,794,0.04
13/05/25 13:35,M008,Process Additive,Coolant,156.68,0.00,115.55,843,3.49
13/05/25 13:40,M001,Hazardous Material,Lead-Based Alloy,187.78,0.00,187.45,181,2.22
13/05/25 13:45,M002,Process Additive,Coolant,161.88,0.00,178.74,686,1.69
13/05/25 13:50,M004,Hazardous Material,Solvent,113.18,0.00,175.12,923,1.94
13/05/25 13:55,M007,Intermediate Material,Plastic Resin,76.97,0.00,119.21,877,2.88
13/05/25 14:00,M001,Process Additive,Industrial Oil,196.43,0.00,96.54,493,0.37
13/05/25 14:05,M009,Process Additive,Industrial Oil,69.46,0.00,138.34,668,4.54
13/05/25 14:10,M001,Intermediate Material,Plastic Resin,127.54,0.00,85.81,932,0.26
13/05/25 14:15,M004,Raw Material,Cotton,109.37,0.00,132.08,108,1.85
13/05/25 14:20,M003,Finished Material,Packaging,183.06,0.00,90.53,748,2.14
13/05/25 14:25,M001,Hazardous Material,Lead-Based Alloy,51.64,0.00,105.96,144,2.96
13/05/25 14:30,M003,Raw Material,Aluminum,145.86,0.00,97.18,238,0.12
13/05/25 14:35,M005,Process Additive,Industrial Oil,153.28,0.00,172.09,571,3.78
13/05/25 14:40,M010,Recycled Material,Reprocessed Plastics,84.69,5.61,157.91,291,4.85
13/05/25 14:45,M001,Raw Material,Cotton,56.45,0.00,183.56,574,1.74
13/05/25 14:50,M008,Process Additive,Catalyst,98.25,0.00,177.36,745,2.95
13/05/25 14:55,M003,Raw Material,Polypropylene,92.87,0.00,146.82,719,1.41
13/05/25 15:00,M005,Process Additive,Industrial Oil,127.07,0.00,94.92,116,3.15
13/05/25 15:05,M002,Finished Material,Packaging,139.29,0.00,121.74,458,2.65
13/05/25 15:10,M005,Process Additive,Coolant,109.72,0.00,128.74,987,0.84
13/05/25 15:15,M006,Intermediate Material,Sheet Metal,124,0.00,139.4,422,3.50
13/05/25 15:20,M007,Raw Material,Aluminum,195.43,0.00,129.01,930,2.10
13/05/25 15:25,M003,Process Additive,Catalyst,113.46,0.00,133.72,403,2.24
13/05/25 15:30,M003,Recycled Material,Reprocessed Plastics,52.41,9.84,175.97,164,1.83
13/05/25 15:35,M006,Raw Material,Steel,106.17,0.00,103.89,104,0.34
13/05/25 15:40,M004,Finished Material,Packaging,145.22,0.00,90.82,608,4.04
13/05/25 15:45,M006,Recycled Material,Scrap Steel,102.03,22.00,87.42,232,0.90
13/05/25 15:50,M005,Raw Material,Aluminum,86.79,0.00,119.17,552,2.84
13/05/25 15:55,M001,Finished Material,Machine Component,195.29,0.00,167.83,474,1.07
13/05/25 16:00,M006,Finished Material,Machine Component,137.53,0.00,118.32,571,0.62
13/05/25 16:05,M002,Finished Material,Packaging,145.58,0.00,143.78,545,4.82
13/05/25 16:10,M005,Finished Material,Machine Component,137.11,0.00,131.56,497,4.43
13/05/25 16:15,M009,Intermediate Material,Sheet Metal,182.17,0.00,165.62,606,1.32
13/05/25 16:20,M009,Recycled Material,Reprocessed Plastics,132.04,0.35,162.4,150,3.86
13/05/25 16:25,M004,Finished Material,Packaging,121.74,0.00,136.89,848,0.44
13/05/25 16:30,M005,Intermediate Material,Sheet Metal,170.86,0.00,92.03,290,0.82
13/05/25 16:35,M010,Process Additive,Coolant,123.33,0.00,106.04,970,4.09
13/05/25 16:40,M010,Finished Material,Machine Component,81.91,0.00,161.91,315,2.83
13/05/25 16:45,M007,Process Additive,Coolant,55.99,0.00,184.23,236,1.61
13/05/25 16:50,M003,Recycled Material,Reprocessed Plastics,106.41,42.97,158.33,364,0.83
13/05/25 16:55,M008,Intermediate Material,Textiles,189.96,0.00,99.13,838,2.67
13/05/25 17:00,M006,Finished Material,Circuit Board,57.01,0.00,108.6,286,0.11
13/05/25 17:05,M002,Process Additive,Catalyst,198.74,0.00,87.83,731,0.94
13/05/25 17:10,M003,Hazardous Material,Solvent,94,0.00,105.49,404,2.47
13/05/25 17:15,M002,Hazardous Material,Lead-Based Alloy,183.42,0.00,81.09,788,2.42
13/05/25 17:20,M006,Raw Material,Polypropylene,176.41,0.00,162.81,229,4.48
13/05/25 17:25,M001,Recycled Material,Reprocessed Plastics,115.46,34.49,154.68,306,2.76
13/05/25 17:30,M004,Raw Material,Steel,50.57,0.00,179.88,907,1.42
13/05/25 17:35,M004,Intermediate Material,Textiles,73.21,0.00,172.81,542,4.96
13/05/25 17:40,M003,Intermediate Material,Plastic Resin,117.41,0.00,136.02,308,4.70
13/05/25 17:45,M007,Finished Material,Packaging,154.98,0.00,84.05,507,2.01
13/05/25 17:50,M005,Finished Material,Machine Component,54.24,0.00,176.32,103,1.04
13/05/25 17:55,M006,Raw Material,Aluminum,106.77,0.00,84.15,729,1.57
13/05/25 18:00,M010,Hazardous Material,Solvent,70.29,0.00,114.52,845,4.12
13/05/25 18:05,M008,Finished Material,Machine Component,159.19,0.00,95.87,607,1.35
13/05/25 18:10,M007,Recycled Material,Reprocessed Plastics,125.95,21.40,130.43,480,2.85
13/05/25 18:15,M001,Recycled Material,Scrap Steel,52.07,2.00,164.79,295,4.02
13/05/25 18:20,M006,Finished Material,Machine Component,182.46,0.00,175.46,521,3.64
13/05/25 18:25,M005,Hazardous Material,Solvent,90.09,0.00,151.4,761,2.93
13/05/25 18:30,M002,Hazardous Material,Lead-Based Alloy,197.14,0.00,163.88,684,3.40
13/05/25 18:35,M010,Hazardous Material,Solvent,176.32,0.00,151.78,179,1.29
13/05/25 18:40,M009,Recycled Material,Scrap Steel,138.39,31.01,117.8,421,0.07
13/05/25 18:45,M005,Hazardous Material,Lead-Based Alloy,71.44,0.00,130.03,993,2.18
13/05/25 18:50,M004,Intermediate Material,Sheet Metal,161.8,0.00,197.04,363,4.47
13/05/25 18:55,M002,Intermediate Material,Sheet Metal,73.54,0.00,145.77,820,4.67
13/05/25 19:00,M009,Finished Material,Circuit Board,149.08,0.00,189.23,437,3.08
13/05/25 19:05,M009,Process Additive,Industrial Oil,87.72,0.00,80.49,174,0.91
13/05/25 19:10,M008,Recycled Material,Scrap Steel,70.62,9.66,150.99,643,3.52
13/05/25 19:15,M005,Recycled Material,Reprocessed Plastics,75.89,44.48,156.44,449,1.99
13/05/25 19:20,M008,Finished Material,Packaging,154.41,0.00,87.71,625,3.87
13/05/25 19:25,M009,Intermediate Material,Sheet Metal,80.75,0.00,143.1,659,3.24
13/05/25 19:30,M001,Process Additive,Catalyst,132,0.00,181.74,169,1.94
13/05/25 19:35,M001,Recycled Material,Scrap Steel,198.12,10.00,166.8,689,3.21
13/05/25 19:40,M007,Process Additive,Coolant,162.14,0.00,148.99,649,4.86
13/05/25 19:45,M005,Recycled Material,Scrap Steel,162.96,16.23,131.41,554,3.12
13/05/25 19:50,M010,Recycled Material,Scrap Steel,182.54,27.08,196.53,976,3.10
13/05/25 19:55,M008,Intermediate Material,Sheet Metal,109.25,0.00,94.32,959,2.72
13/05/25 20:00,M010,Intermediate Material,Plastic Resin,62.55,0.00,128.09,107,0.49
13/05/25 20:05,M006,Process Additive,Coolant,159.87,0.00,162.13,516,4.76
13/05/25 20:10,M006,Recycled Material,Reprocessed Plastics,98.37,37.58,123.02,605,1.76
13/05/25 20:15,M003,Process Additive,Coolant,114.64,0.00,80.69,153,1.93
13/05/25 20:20,M008,Process Additive,Catalyst,168.03,0.00,129.79,643,4.28
13/05/25 20:25,M005,Finished Material,Circuit Board,103.61,0.00,129.77,461,1.28
13/05/25 20:30,M002,Intermediate Material,Sheet Metal,183.77,0.00,183.39,366,0.34
13/05/25 20:35,M009,Hazardous Material,Solvent,189.94,0.00,80.59,920,4.24
13/05/25 20:40,M004,Intermediate Material,Textiles,110.98,0.00,144.13,536,0.08
13/05/25 20:45,M004,Process Additive,Coolant,180.09,0.00,167.62,563,0.10
13/05/25 20:50,M004,Recycled Material,Scrap Steel,56.84,31.11,177.19,374,0.77
13/05/25 20:55,M004,Hazardous Material,Solvent,59.11,0.00,85.43,810,1.66
13/05/25 21:00,M001,Hazardous Material,Lead-Based Alloy,54.56,0.00,153.05,993,1.39
13/05/25 21:05,M002,Intermediate Material,Plastic Resin,150.2,0.00,81.45,888,2.17
13/05/25 21:10,M002,Hazardous Material,Solvent,139.46,0.00,184.16,940,4.48
13/05/25 21:15,M008,Intermediate Material,Plastic Resin,100.5,0.00,98.34,375,0.55
13/05/25 21:20,M006,Recycled Material,Reprocessed Plastics,128.99,14.94,189.72,575,1.02
13/05/25 21:25,M007,Finished Material,Machine Component,94.87,0.00,141.13,114,2.87
13/05/25 21:30,M008,Finished Material,Packaging,193,0.00,148.76,793,0.09
13/05/25 21:35,M006,Hazardous Material,Lead-Based Alloy,71.05,0.00,197.91,101,0.84
13/05/25 21:40,M010,Process Additive,Coolant,72.07,0.00,184.63,977,0.22
13/05/25 21:45,M004,Raw Material,Polypropylene,186.7,0.00,152.06,881,0.70
13/05/25 21:50,M009,Process Additive,Catalyst,176.23,0.00,82.11,295,4.22
13/05/25 21:55,M003,Raw Material,Aluminum,64.46,0.00,169.29,780,2.30
13/05/25 22:00,M005,Hazardous Material,Solvent,119.04,0.00,153.16,216,3.28
13/05/25 22:05,M002,Hazardous Material,Solvent,160.67,0.00,199.21,803,2.61
13/05/25 22:10,M003,Intermediate Material,Sheet Metal,125.13,0.00,170.55,232,4.20
13/05/25 22:15,M006,Finished Material,Packaging,181.07,0.00,163.56,925,4.69
13/05/25 22:20,M002,Hazardous Material,Solvent,73.88,0.00,157.6,325,0.84
13/05/25 22:25,M007,Raw Material,Polypropylene,158.39,0.00,125.21,737,3.78
13/05/25 22:30,M003,Recycled Material,Reprocessed Plastics,175.8,14.63,141.96,201,4.25
13/05/25 22:35,M008,Intermediate Material,Textiles,50.37,0.00,128.34,963,2.95
13/05/25 22:40,M002,Process Additive,Industrial Oil,197.26,0.00,143.56,917,3.82
13/05/25 22:45,M008,Hazardous Material,Lead-Based Alloy,94.24,0.00,97.6,490,4.12
13/05/25 22:50,M006,Hazardous Material,Solvent,112.15,0.00,145.85,956,0.12
13/05/25 22:55,M007,Intermediate Material,Sheet Metal,70.03,0.00,166.99,325,3.27
13/05/25 23:00,M002,Recycled Material,Scrap Steel,197.1,44.20,107.36,795,4.14
13/05/25 23:05,M001,Raw Material,Cotton,97.45,0.00,112.73,918,3.57
13/05/25 23:10,M008,Raw Material,Polypropylene,171.49,0.00,198.13,694,1.61
13/05/25 23:15,M005,Raw Material,Cotton,113.11,0.00,117.68,307,2.97
13/05/25 23:20,M002,Hazardous Material,Lead-Based Alloy,176.45,0.00,169.87,573,2.57
13/05/25 23:25,M006,Hazardous Material,Lead-Based Alloy,98.06,0.00,152.3,671,2.91
13/05/25 23:30,M006,Hazardous Material,Solvent,75.15,0.00,179.21,315,2.53
13/05/25 23:35,M009,Hazardous Material,Solvent,111.65,0.00,143.01,981,0.78
13/05/25 23:40,M001,Finished Material,Machine Component,109.79,0.00,98.11,707,2.00
13/05/25 23:45,M002,Intermediate Material,Sheet Metal,190.35,0.00,174.36,717,0.14
13/05/25 23:50,M006,Finished Material,Circuit Board,132.08,0.00,176.87,202,0.77
13/05/25 23:55,M010,Finished Material,Packaging,128.45,0.00,126.44,771,3.92
14/05/25 0:00,M002,Hazardous Material,Lead-Based Alloy,172.32,0.00,83.19,947,2.44
14/05/25 0:05,M007,Recycled Material,Scrap Steel,180.96,2.35,150.34,324,2.41
14/05/25 0:10,M003,Hazardous Material,Lead-Based Alloy,108.14,0.00,152.8,336,1.12
14/05/25 0:15,M009,Finished Material,Machine Component,149.2,0.00,152.9,565,4.61
14/05/25 0:20,M004,Finished Material,Machine Component,56.64,0.00,138.9,571,2.56
14/05/25 0:25,M007,Hazardous Material,Lead-Based Alloy,199.48,0.00,102.92,462,3.45
14/05/25 0:30,M001,Recycled Material,Reprocessed Plastics,85.42,5.08,100.5,924,3.29
14/05/25 0:35,M004,Raw Material,Polypropylene,99.39,0.00,155.86,797,4.22
14/05/25 0:40,M006,Recycled Material,Scrap Steel,103.62,32.19,142.98,732,3.02
14/05/25 0:45,M004,Hazardous Material,Solvent,156.64,0.00,113.62,145,1.56
14/05/25 0:50,M009,Hazardous Material,Lead-Based Alloy,65.7,0.00,89.16,165,1.54
14/05/25 0:55,M008,Raw Material,Steel,162.88,0.00,192.35,763,3.97
14/05/25 1:00,M001,Intermediate Material,Plastic Resin,130.36,0.00,133.28,432,3.14
14/05/25 1:05,M007,Hazardous Material,Lead-Based Alloy,161.55,0.00,149.93,548,4.39
14/05/25 1:10,M008,Hazardous Material,Solvent,130.66,0.00,184.85,245,1.16
14/05/25 1:15,M005,Finished Material,Machine Component,103.57,0.00,141.49,369,2.06
14/05/25 1:20,M008,Hazardous Material,Solvent,53.71,0.00,171.35,337,4.10
14/05/25 1:25,M007,Finished Material,Machine Component,193.07,0.00,177.73,167,2.16
14/05/25 1:30,M003,Hazardous Material,Solvent,121.96,0.00,171.01,618,3.31
14/05/25 1:35,M002,Process Additive,Catalyst,191.74,0.00,123.93,823,4.58
14/05/25 1:40,M010,Finished Material,Packaging,72.1,0.00,132.7,206,2.55
14/05/25 1:45,M009,Finished Material,Circuit Board,156.6,0.00,96.4,949,0.44
14/05/25 1:50,M009,Process Additive,Catalyst,149.28,0.00,157.1,941,1.13
14/05/25 1:55,M003,Process Additive,Industrial Oil,106.39,0.00,199.12,481,0.34
14/05/25 2:00,M006,Finished Material,Packaging,88.14,0.00,109.69,543,3.99
14/05/25 2:05,M001,Recycled Material,Scrap Steel,94.98,39.74,181.59,826,1.27
14/05/25 2:10,M003,Finished Material,Circuit Board,101.81,0.00,155.86,465,2.72
14/05/25 2:15,M002,Finished Material,Machine Component,90.16,0.00,191.83,724,0.57
14/05/25 2:20,M002,Recycled Material,Scrap Steel,100.5,47.42,187.71,178,2.57
14/05/25 2:25,M002,Recycled Material,Scrap Steel,146.83,47.14,186.95,201,1.14
14/05/25 2:30,M005,Process Additive,Catalyst,121.93,0.00,163.89,159,3.53
14/05/25 2:35,M005,Hazardous Material,Lead-Based Alloy,154.1,0.00,177.3,394,0.13
14/05/25 2:40,M003,Hazardous Material,Lead-Based Alloy,130.4,0.00,114.63,752,4.98
14/05/25 2:45,M004,Raw Material,Aluminum,113.71,0.00,182.33,456,4.85
14/05/25 2:50,M001,Hazardous Material,Solvent,156.06,0.00,102.46,671,4.45
14/05/25 2:55,M007,Recycled Material,Reprocessed Plastics,118.95,29.99,125.31,525,2.07
14/05/25 3:00,M002,Raw Material,Aluminum,199.61,0.00,169.59,346,1.39
14/05/25 3:05,M001,Intermediate Material,Sheet Metal,70.05,0.00,163.87,325,1.34
14/05/25 3:10,M010,Hazardous Material,Lead-Based Alloy,60.86,0.00,198.63,842,2.19
14/05/25 3:15,M007,Hazardous Material,Lead-Based Alloy,183.67,0.00,138.59,732,3.70
14/05/25 3:20,M002,Recycled Material,Reprocessed Plastics,142.14,16.37,156.28,382,4.07
14/05/25 3:25,M002,Process Additive,Coolant,54.04,0.00,99.7,351,3.88
14/05/25 3:30,M006,Raw Material,Cotton,95.61,0.00,127.45,469,2.17
14/05/25 3:35,M005,Intermediate Material,Plastic Resin,172.03,0.00,93.21,492,1.23
14/05/25 3:40,M003,Recycled Material,Scrap Steel,59.97,29.23,170.05,852,4.52
14/05/25 3:45,M007,Hazardous Material,Solvent,103.4,0.00,170.95,754,0.91
14/05/25 3:50,M008,Recycled Material,Reprocessed Plastics,171.78,14.93,85.4,321,4.64
14/05/25 3:55,M009,Process Additive,Industrial Oil,195.92,0.00,169.15,442,1.72
14/05/25 4:00,M004,Process Additive,Coolant,188.8,0.00,110.7,662,2.00
14/05/25 4:05,M003,Intermediate Material,Textiles,186.59,0.00,107.44,100,1.50
14/05/25 4:10,M004,Intermediate Material,Sheet Metal,87.9,0.00,123.34,487,3.66
14/05/25 4:15,M002,Process Additive,Catalyst,122.33,0.00,149.63,302,0.74
14/05/25 4:20,M002,Raw Material,Polypropylene,154.5,0.00,150.6,638,2.59
14/05/25 4:25,M010,Process Additive,Industrial Oil,59.53,0.00,184.98,108,1.45
14/05/25 4:30,M010,Process Additive,Coolant,86.58,0.00,139.47,545,2.12
14/05/25 4:35,M009,Intermediate Material,Sheet Metal,154.75,0.00,176.53,614,0.26
14/05/25 4:40,M002,Finished Material,Packaging,130.39,0.00,195.8,187,1.56
14/05/25 4:45,M010,Raw Material,Polypropylene,63.81,0.00,87.79,334,2.17
14/05/25 4:50,M009,Recycled Material,Scrap Steel,144.7,47.26,81.77,917,2.74
14/05/25 4:55,M009,Recycled Material,Scrap Steel,56.8,33.57,155.7,427,2.12
14/05/25 5:00,M003,Process Additive,Coolant,175.84,0.00,128.79,661,3.26
14/05/25 5:05,M001,Intermediate Material,Plastic Resin,173.3,0.00,158.79,350,4.62
14/05/25 5:10,M002,Process Additive,Coolant,76.88,0.00,169.17,112,2.02
14/05/25 5:15,M001,Intermediate Material,Sheet Metal,58.13,0.00,195.07,542,4.37
14/05/25 5:20,M006,Finished Material,Circuit Board,151.29,0.00,189.86,241,0.84
14/05/25 5:25,M002,Raw Material,Polypropylene,168.24,0.00,83.28,518,2.40
14/05/25 5:30,M002,Process Additive,Industrial Oil,88.41,0.00,168.62,679,0.71
14/05/25 5:35,M002,Recycled Material,Reprocessed Plastics,183.93,10.29,168.82,244,0.64
14/05/25 5:40,M003,Process Additive,Industrial Oil,54.73,0.00,118.34,989,4.89
14/05/25 5:45,M003,Intermediate Material,Textiles,76.42,0.00,124.69,243,3.28
14/05/25 5:50,M002,Finished Material,Packaging,142.09,0.00,85.56,177,0.57
14/05/25 5:55,M004,Process Additive,Catalyst,96.01,0.00,106.84,203,0.96
14/05/25 6:00,M003,Process Additive,Industrial Oil,127.55,0.00,194.64,219,3.98
14/05/25 6:05,M003,Intermediate Material,Textiles,139.66,0.00,120.26,980,2.06
14/05/25 6:10,M005,Process Additive,Industrial Oil,82.49,0.00,102.28,509,1.49
14/05/25 6:15,M005,Hazardous Material,Solvent,114.23,0.00,80.6,370,2.92
14/05/25 6:20,M007,Recycled Material,Scrap Steel,90.14,37.27,167.56,697,4.75
14/05/25 6:25,M004,Recycled Material,Reprocessed Plastics,145.5,23.68,188.59,940,1.21
14/05/25 6:30,M010,Hazardous Material,Solvent,76.6,0.00,136.63,337,1.78
14/05/25 6:35,M002,Process Additive,Catalyst,76.63,0.00,126.04,513,1.85
14/05/25 6:40,M006,Hazardous Material,Lead-Based Alloy,90.13,0.00,171.68,499,4.80
14/05/25 6:45,M006,Intermediate Material,Textiles,126.63,0.00,154.35,526,2.08
14/05/25 6:50,M002,Process Additive,Coolant,167.41,0.00,124.34,355,2.02
14/05/25 6:55,M010,Finished Material,Machine Component,73.89,0.00,185.38,896,4.96
14/05/25 7:00,M005,Recycled Material,Reprocessed Plastics,157.95,33.35,120.57,674,2.90
14/05/25 7:05,M007,Intermediate Material,Textiles,182.1,0.00,149.19,447,3.74
14/05/25 7:10,M003,Process Additive,Industrial Oil,181.61,0.00,164.85,497,2.47
14/05/25 7:15,M010,Intermediate Material,Plastic Resin,65.49,0.00,136.98,260,3.20
14/05/25 7:20,M007,Intermediate Material,Textiles,143.79,0.00,191.75,431,1.36
14/05/25 7:25,M005,Recycled Material,Reprocessed Plastics,125.03,21.46,160.25,126,2.06
14/05/25 7:30,M002,Recycled Material,Scrap Steel,94.41,23.52,156.67,730,3.04
14/05/25 7:35,M009,Finished Material,Circuit Board,112.29,0.00,122.54,329,3.37
14/05/25 7:40,M009,Raw Material,Steel,109.05,0.00,173.79,771,0.98
14/05/25 7:45,M008,Raw Material,Steel,86.73,0.00,139.65,313,2.37
14/05/25 7:50,M007,Raw Material,Cotton,153.67,0.00,173,891,0.02
14/05/25 7:55,M002,Process Additive,Catalyst,142.03,0.00,177.74,667,4.52
14/05/25 8:00,M001,Hazardous Material,Lead-Based Alloy,107.99,0.00,113.01,312,0.59
14/05/25 8:05,M002,Process Additive,Coolant,167.56,0.00,151.06,404,3.91
14/05/25 8:10,M008,Recycled Material,Scrap Steel,98.5,13.90,97.3,692,4.96
14/05/25 8:15,M003,Recycled Material,Reprocessed Plastics,101.67,20.27,190.06,295,2.99
14/05/25 8:20,M008,Intermediate Material,Textiles,189.61,0.00,183.27,702,3.15
14/05/25 8:25,M005,Raw Material,Aluminum,109.31,0.00,148.72,617,4.23
14/05/25 8:30,M002,Finished Material,Circuit Board,77.23,0.00,129.63,492,3.59
14/05/25 8:35,M010,Recycled Material,Scrap Steel,143.06,22.57,160.67,521,3.41
14/05/25 8:40,M009,Intermediate Material,Sheet Metal,99.3,0.00,152.01,133,0.52
14/05/25 8:45,M007,Raw Material,Aluminum,102.49,0.00,172.8,128,0.57
14/05/25 8:50,M004,Hazardous Material,Solvent,159.71,0.00,84.07,872,0.41
14/05/25 8:55,M004,Intermediate Material,Plastic Resin,195.81,0.00,105.85,781,2.10
14/05/25 9:00,M008,Finished Material,Circuit Board,193.55,0.00,112.84,913,0.50
14/05/25 9:05,M001,Hazardous Material,Solvent,63.29,0.00,87.45,172,4.32
14/05/25 9:10,M008,Hazardous Material,Lead-Based Alloy,55.65,0.00,199.28,657,0.46
14/05/25 9:15,M007,Raw Material,Polypropylene,136.75,0.00,165.25,778,3.29
14/05/25 9:20,M001,Raw Material,Polypropylene,148.42,0.00,190.72,139,0.75
14/05/25 9:25,M009,Recycled Material,Reprocessed Plastics,188.87,20.21,145.31,133,3.74
14/05/25 9:30,M002,Hazardous Material,Lead-Based Alloy,86.97,0.00,97.33,965,3.85
14/05/25 9:35,M005,Hazardous Material,Solvent,95.35,0.00,111.34,259,4.98
14/05/25 9:40,M004,Process Additive,Industrial Oil,61.2,0.00,87.37,589,2.83
14/05/25 9:45,M002,Recycled Material,Scrap Steel,80.81,27.18,87.05,431,3.94
14/05/25 9:50,M002,Finished Material,Circuit Board,168.61,0.00,93.92,997,0.68
14/05/25 9:55,M002,Hazardous Material,Solvent,188.93,0.00,178.03,238,1.52
14/05/25 10:00,M008,Finished Material,Circuit Board,74.24,0.00,191.94,668,4.02
14/05/25 10:05,M002,Process Additive,Industrial Oil,67.88,0.00,180.85,570,4.26
14/05/25 10:10,M005,Process Additive,Industrial Oil,186.3,0.00,192.07,176,3.86
14/05/25 10:15,M010,Intermediate Material,Plastic Resin,121.47,0.00,141.21,602,1.90
14/05/25 10:20,M007,Intermediate Material,Textiles,60.76,0.00,146.49,181,0.19
14/05/25 10:25,M008,Process Additive,Catalyst,195.59,0.00,158.91,488,0.61
14/05/25 10:30,M010,Process Additive,Industrial Oil,87.43,0.00,98.21,456,1.42
14/05/25 10:35,M001,Raw Material,Aluminum,62.36,0.00,120.26,439,0.26
14/05/25 10:40,M010,Finished Material,Machine Component,194.87,0.00,102.27,168,2.03
14/05/25 10:45,M005,Process Additive,Coolant,75.08,0.00,118.78,875,3.28
14/05/25 10:50,M005,Raw Material,Steel,70.84,0.00,123.59,598,3.60
14/05/25 10:55,M002,Finished Material,Machine Component,137.56,0.00,151.67,728,1.38
14/05/25 11:00,M009,Process Additive,Coolant,108.56,0.00,113.88,683,4.91
14/05/25 11:05,M010,Intermediate Material,Sheet Metal,54.59,0.00,92.72,743,3.50
14/05/25 11:10,M006,Recycled Material,Reprocessed Plastics,102.18,33.17,128.23,474,1.82
14/05/25 11:15,M009,Process Additive,Industrial Oil,177.76,0.00,102.11,753,3.62
14/05/25 11:20,M008,Intermediate Material,Plastic Resin,110.63,0.00,171.25,470,2.03
14/05/25 11:25,M001,Process Additive,Coolant,181.09,0.00,137.17,779,0.21
14/05/25 11:30,M005,Finished Material,Machine Component,66.68,0.00,106.7,938,1.89
14/05/25 11:35,M007,Intermediate Material,Plastic Resin,56.08,0.00,164.05,555,3.89
14/05/25 11:40,M002,Raw Material,Steel,195.26,0.00,197.66,521,2.05
14/05/25 11:45,M010,Raw Material,Polypropylene,198.24,0.00,176.5,202,2.43
14/05/25 11:50,M009,Intermediate Material,Sheet Metal,120.76,0.00,100.22,613,3.60
14/05/25 11:55,M002,Process Additive,Catalyst,74.2,0.00,107.52,665,0.74
14/05/25 12:00,M003,Hazardous Material,Lead-Based Alloy,92.59,0.00,144.33,582,1.63
14/05/25 12:05,M003,Hazardous Material,Lead-Based Alloy,103.69,0.00,152.72,709,1.49
14/05/25 12:10,M001,Process Additive,Industrial Oil,55.85,0.00,170.16,374,2.26
14/05/25 12:15,M002,Intermediate Material,Plastic Resin,183.49,0.00,92.21,218,4.68
14/05/25 12:20,M006,Finished Material,Circuit Board,173.91,0.00,193.48,421,0.97
14/05/25 12:25,M008,Intermediate Material,Sheet Metal,164.92,0.00,143.67,234,4.62
14/05/25 12:30,M001,Recycled Material,Reprocessed Plastics,67.65,35.01,159.79,601,2.78
14/05/25 12:35,M001,Hazardous Material,Solvent,128.63,0.00,83.51,653,0.09
14/05/25 12:40,M002,Raw Material,Polypropylene,65.35,0.00,114.52,987,3.56
14/05/25 12:45,M006,Intermediate Material,Plastic Resin,61.58,0.00,119.95,877,0.63
14/05/25 12:50,M009,Raw Material,Polypropylene,93.19,0.00,146.68,919,2.27
14/05/25 12:55,M003,Hazardous Material,Lead-Based Alloy,76.29,0.00,156.99,790,2.78
14/05/25 13:00,M010,Intermediate Material,Sheet Metal,107.83,0.00,170.72,609,4.91
14/05/25 13:05,M009,Finished Material,Packaging,195.21,0.00,160.84,332,2.32
14/05/25 13:10,M010,Raw Material,Aluminum,64.6,0.00,178.87,735,3.63
14/05/25 13:15,M008,Process Additive,Industrial Oil,173.3,0.00,128.3,689,0.07
14/05/25 13:20,M006,Hazardous Material,Solvent,193.67,0.00,189.8,903,1.86
14/05/25 13:25,M010,Process Additive,Catalyst,165.22,0.00,145.37,384,0.93
14/05/25 13:30,M001,Recycled Material,Reprocessed Plastics,134.97,2.44,115.76,256,2.60
14/05/25 13:35,M009,Recycled Material,Scrap Steel,106.59,36.39,126.62,530,2.30
14/05/25 13:40,M004,Recycled Material,Reprocessed Plastics,105.69,44.68,89.96,425,0.72
14/05/25 13:45,M007,Raw Material,Aluminum,112.74,0.00,147.22,406,2.94
14/05/25 13:50,M009,Raw Material,Aluminum,103.66,0.00,156.2,624,1.40
14/05/25 13:55,M008,Finished Material,Machine Component,142.39,0.00,99.29,727,4.24
14/05/25 14:00,M005,Process Additive,Coolant,118.97,0.00,180.48,980,4.55
14/05/25 14:05,M006,Raw Material,Polypropylene,151.3,0.00,108.85,244,4.50
14/05/25 14:10,M003,Intermediate Material,Plastic Resin,126.84,0.00,172.02,380,0.40
14/05/25 14:15,M003,Process Additive,Industrial Oil,158.02,0.00,121.04,994,1.99
14/05/25 14:20,M002,Process Additive,Catalyst,100.71,0.00,135.02,966,4.78
14/05/25 14:25,M001,Recycled Material,Scrap Steel,175.11,28.15,125.46,266,1.39
14/05/25 14:30,M006,Recycled Material,Scrap Steel,85.87,38.14,106.59,247,3.10
14/05/25 14:35,M006,Finished Material,Packaging,93.67,0.00,101.75,327,4.24
14/05/25 14:40,M006,Finished Material,Packaging,188.24,0.00,96.72,496,1.13
14/05/25 14:45,M005,Raw Material,Aluminum,140.77,0.00,127.08,806,3.09
14/05/25 14:50,M002,Recycled Material,Scrap Steel,64.88,14.77,98.84,242,4.15
14/05/25 14:55,M001,Process Additive,Industrial Oil,111.09,0.00,144.99,887,0.88
14/05/25 15:00,M002,Process Additive,Catalyst,86.11,0.00,101.13,515,1.91
14/05/25 15:05,M004,Recycled Material,Scrap Steel,109.43,49.31,178.33,869,0.17
14/05/25 15:10,M004,Raw Material,Aluminum,137.96,0.00,140.01,409,2.66
14/05/25 15:15,M006,Raw Material,Aluminum,72.68,0.00,130.16,787,2.93
14/05/25 15:20,M002,Hazardous Material,Lead-Based Alloy,146.45,0.00,105.4,733,1.13
14/05/25 15:25,M010,Recycled Material,Scrap Steel,140.56,0.10,157.54,288,3.54
14/05/25 15:30,M006,Recycled Material,Scrap Steel,106.52,9.21,120.86,832,3.59
14/05/25 15:35,M005,Finished Material,Machine Component,59.6,0.00,168.8,462,4.85
14/05/25 15:40,M005,Raw Material,Cotton,136.91,0.00,154.6,246,1.13
14/05/25 15:45,M005,Process Additive,Catalyst,170.57,0.00,106.06,860,1.17
14/05/25 15:50,M007,Finished Material,Packaging,120.31,0.00,189.93,647,3.84
14/05/25 15:55,M005,Process Additive,Coolant,93.44,0.00,168.07,957,1.23
14/05/25 16:00,M001,Finished Material,Circuit Board,142.24,0.00,193.4,461,0.98
14/05/25 16:05,M010,Finished Material,Circuit Board,188,0.00,160.41,610,2.14
14/05/25 16:10,M007,Finished Material,Machine Component,101,0.00,121.35,774,2.35
14/05/25 16:15,M007,Raw Material,Aluminum,53.98,0.00,149.06,667,0.43
14/05/25 16:20,M006,Recycled Material,Scrap Steel,111.02,3.71,166.56,161,0.78
14/05/25 16:25,M004,Raw Material,Steel,108.62,0.00,155.13,796,4.64
14/05/25 16:30,M001,Recycled Material,Reprocessed Plastics,144.89,10.22,109.53,254,0.99
14/05/25 16:35,M008,Raw Material,Polypropylene,137.87,0.00,88.59,241,1.89
14/05/25 16:40,M009,Finished Material,Machine Component,147.07,0.00,124.12,325,4.56
14/05/25 16:45,M002,Raw Material,Polypropylene,176.87,0.00,152.75,297,0.11
14/05/25 16:50,M001,Finished Material,Circuit Board,118.03,0.00,120.4,351,2.85
14/05/25 16:55,M009,Hazardous Material,Lead-Based Alloy,181.06,0.00,164.36,174,1.04
14/05/25 17:00,M005,Recycled Material,Reprocessed Plastics,139.92,31.32,182.17,489,3.06
14/05/25 17:05,M003,Recycled Material,Reprocessed Plastics,65.49,32.96,104.2,799,2.48
14/05/25 17:10,M006,Hazardous Material,Lead-Based Alloy,182.36,0.00,120.9,315,4.60
14/05/25 17:15,M003,Raw Material,Steel,64.75,0.00,112.97,991,0.15
14/05/25 17:20,M007,Process Additive,Industrial Oil,155.05,0.00,127.15,288,2.16
14/05/25 17:25,M004,Process Additive,Industrial Oil,170.82,0.00,138.54,386,1.58
14/05/25 17:30,M006,Intermediate Material,Sheet Metal,123.35,0.00,180.13,788,1.96
14/05/25 17:35,M007,Hazardous Material,Solvent,196.61,0.00,111.22,551,2.56
14/05/25 17:40,M010,Recycled Material,Scrap Steel,74.7,40.71,149.33,825,1.84
14/05/25 17:45,M002,Raw Material,Polypropylene,111.02,0.00,96.57,105,4.79
14/05/25 17:50,M010,Intermediate Material,Textiles,112.82,0.00,125.97,441,4.29
14/05/25 17:55,M003,Finished Material,Circuit Board,179.96,0.00,171.91,868,2.24
14/05/25 18:00,M007,Finished Material,Machine Component,76.9,0.00,193.36,857,1.60
14/05/25 18:05,M001,Hazardous Material,Solvent,137.65,0.00,105.86,801,4.39
14/05/25 18:10,M003,Raw Material,Aluminum,136.33,0.00,116.14,989,3.91
14/05/25 18:15,M006,Raw Material,Aluminum,72.1,0.00,103.51,605,2.31
14/05/25 18:20,M001,Process Additive,Coolant,195.87,0.00,166.76,574,4.29
14/05/25 18:25,M003,Process Additive,Industrial Oil,179.6,0.00,114.96,771,0.26
14/05/25 18:30,M001,Intermediate Material,Sheet Metal,147.46,0.00,143.56,195,1.46
14/05/25 18:35,M009,Finished Material,Circuit Board,166.13,0.00,103.17,760,3.66
14/05/25 18:40,M003,Finished Material,Circuit Board,188.97,0.00,163.85,376,1.58
14/05/25 18:45,M007,Recycled Material,Reprocessed Plastics,164.89,22.26,127.45,516,3.15
14/05/25 18:50,M003,Hazardous Material,Solvent,80.07,0.00,93.54,241,4.42
14/05/25 18:55,M003,Raw Material,Steel,183.7,0.00,166.4,630,1.46
14/05/25 19:00,M005,Intermediate Material,Plastic Resin,172.57,0.00,172.79,990,2.72
14/05/25 19:05,M004,Intermediate Material,Plastic Resin,177.37,0.00,161.08,490,0.11
14/05/25 19:10,M009,Intermediate Material,Textiles,131.04,0.00,128.66,841,3.70
14/05/25 19:15,M002,Finished Material,Circuit Board,107.18,0.00,182.22,755,3.39
14/05/25 19:20,M010,Process Additive,Coolant,181.51,0.00,151.93,124,2.81
14/05/25 19:25,M006,Recycled Material,Reprocessed Plastics,135.24,41.70,93.65,292,0.73
14/05/25 19:30,M010,Process Additive,Industrial Oil,186.21,0.00,191.66,483,0.25
14/05/25 19:35,M001,Raw Material,Steel,184.84,0.00,115.01,212,2.38
14/05/25 19:40,M009,Finished Material,Packaging,184.19,0.00,157.07,653,4.39
14/05/25 19:45,M004,Hazardous Material,Lead-Based Alloy,92.88,0.00,156.57,162,1.41
14/05/25 19:50,M005,Intermediate Material,Sheet Metal,102.29,0.00,126.2,621,1.70
14/05/25 19:55,M004,Process Additive,Industrial Oil,128.37,0.00,158.54,381,2.58
14/05/25 20:00,M004,Recycled Material,Reprocessed Plastics,118.71,17.61,85.99,143,3.12
14/05/25 20:05,M001,Raw Material,Cotton,127.45,0.00,118.13,388,2.24
14/05/25 20:10,M008,Recycled Material,Reprocessed Plastics,55.41,48.10,152.98,258,4.44
14/05/25 20:15,M002,Recycled Material,Scrap Steel,122.56,5.14,91.21,474,2.58
14/05/25 20:20,M007,Recycled Material,Reprocessed Plastics,66.92,28.44,136.4,951,1.93
14/05/25 20:25,M006,Hazardous Material,Lead-Based Alloy,149.6,0.00,99.18,167,2.38
14/05/25 20:30,M001,Finished Material,Machine Component,179.73,0.00,119.94,649,1.04
14/05/25 20:35,M004,Process Additive,Coolant,146.54,0.00,88.04,456,2.11
14/05/25 20:40,M008,Finished Material,Circuit Board,131.81,0.00,109.63,345,4.94
14/05/25 20:45,M010,Finished Material,Packaging,165.57,0.00,141.1,389,0.80
14/05/25 20:50,M007,Finished Material,Circuit Board,64.14,0.00,188.65,817,2.41
14/05/25 20:55,M009,Raw Material,Steel,152.2,0.00,144.73,374,4.65
14/05/25 21:00,M007,Hazardous Material,Solvent,140.71,0.00,104.96,934,4.37
14/05/25 21:05,M004,Raw Material,Aluminum,168.3,0.00,120.92,261,4.50
14/05/25 21:10,M008,Intermediate Material,Plastic Resin,163.09,0.00,131.6,673,4.06
14/05/25 21:15,M004,Process Additive,Coolant,60.44,0.00,124.52,856,3.55
14/05/25 21:20,M003,Process Additive,Industrial Oil,181.22,0.00,124.47,407,2.13
14/05/25 21:25,M004,Raw Material,Cotton,172.73,0.00,192.97,107,2.68
14/05/25 21:30,M010,Recycled Material,Scrap Steel,182.9,42.12,156.67,883,4.14
14/05/25 21:35,M009,Finished Material,Circuit Board,192.52,0.00,175.2,580,2.28
14/05/25 21:40,M002,Raw Material,Polypropylene,71.03,0.00,95.39,850,2.40
14/05/25 21:45,M009,Recycled Material,Scrap Steel,50.16,30.13,81.03,184,0.73
14/05/25 21:50,M001,Intermediate Material,Textiles,178.63,0.00,96.9,402,3.38
14/05/25 21:55,M008,Intermediate Material,Textiles,194.65,0.00,121.86,774,2.42
14/05/25 22:00,M008,Recycled Material,Scrap Steel,163.61,41.71,174.04,537,4.67
14/05/25 22:05,M010,Hazardous Material,Solvent,66.25,0.00,123.77,724,2.17
14/05/25 22:10,M007,Recycled Material,Reprocessed Plastics,111.01,2.03,153.13,797,1.89
14/05/25 22:15,M004,Intermediate Material,Plastic Resin,166.85,0.00,81.93,729,3.57
14/05/25 22:20,M003,Intermediate Material,Plastic Resin,191.75,0.00,198.37,488,3.41
14/05/25 22:25,M006,Intermediate Material,Plastic Resin,143.62,0.00,194.86,286,0.64
14/05/25 22:30,M002,Hazardous Material,Lead-Based Alloy,164.04,0.00,109.27,738,3.52
14/05/25 22:35,M008,Raw Material,Polypropylene,153.99,0.00,137.39,349,2.11
14/05/25 22:40,M002,Process Additive,Coolant,168.29,0.00,150.41,184,4.54
14/05/25 22:45,M006,Raw Material,Steel,56.58,0.00,127.64,948,4.55
14/05/25 22:50,M007,Raw Material,Steel,125.59,0.00,96.15,457,2.80
14/05/25 22:55,M004,Finished Material,Machine Component,176.7,0.00,189.17,712,2.28
14/05/25 23:00,M009,Intermediate Material,Sheet Metal,97.8,0.00,140.91,830,1.04
14/05/25 23:05,M008,Raw Material,Aluminum,66.17,0.00,148.45,583,2.85
14/05/25 23:10,M005,Recycled Material,Scrap Steel,195.54,35.54,190.9,748,1.94
14/05/25 23:15,M005,Finished Material,Circuit Board,171.85,0.00,82.75,312,0.46
14/05/25 23:20,M008,Finished Material,Circuit Board,172.59,0.00,128.92,473,0.73
14/05/25 23:25,M009,Intermediate Material,Plastic Resin,108.93,0.00,119.97,978,4.44
14/05/25 23:30,M003,Finished Material,Machine Component,150.47,0.00,114.81,140,4.05
14/05/25 23:35,M003,Raw Material,Cotton,149.61,0.00,90.36,782,3.73
14/05/25 23:40,M001,Process Additive,Industrial Oil,138.38,0.00,147.14,446,1.40
14/05/25 23:45,M003,Recycled Material,Scrap Steel,110.1,32.59,167.56,1000,3.22
14/05/25 23:50,M004,Intermediate Material,Plastic Resin,184.79,0.00,181.4,322,1.91
14/05/25 23:55,M004,Raw Material,Steel,186.06,0.00,86.82,138,2.95
15/05/25 0:00,M009,Hazardous Material,Lead-Based Alloy,59.89,0.00,133.2,216,3.64
15/05/25 0:05,M005,Hazardous Material,Lead-Based Alloy,76.02,0.00,157.24,336,1.68
15/05/25 0:10,M005,Raw Material,Polypropylene,131.56,0.00,193.2,874,0.90
15/05/25 0:15,M001,Hazardous Material,Lead-Based Alloy,57.41,0.00,111.5,325,3.17
15/05/25 0:20,M007,Recycled Material,Scrap Steel,86.37,20.87,100.45,758,0.12
15/05/25 0:25,M002,Intermediate Material,Sheet Metal,151.16,0.00,131.49,168,1.74
15/05/25 0:30,M010,Process Additive,Coolant,184.12,0.00,197.77,887,2.29
15/05/25 0:35,M001,Process Additive,Catalyst,83.04,0.00,199.22,983,4.99
15/05/25 0:40,M001,Process Additive,Catalyst,132.27,0.00,105.45,898,3.71
15/05/25 0:45,M001,Hazardous Material,Solvent,124.58,0.00,104.34,558,3.09
15/05/25 0:50,M005,Intermediate Material,Sheet Metal,133.65,0.00,198.49,864,1.54
15/05/25 0:55,M007,Hazardous Material,Lead-Based Alloy,121.16,0.00,128.98,984,1.78
15/05/25 1:00,M001,Finished Material,Circuit Board,110.83,0.00,138.3,590,3.45
15/05/25 1:05,M002,Hazardous Material,Solvent,121.81,0.00,184.37,228,3.29
15/05/25 1:10,M009,Intermediate Material,Plastic Resin,189.03,0.00,131.89,638,4.53
15/05/25 1:15,M006,Raw Material,Steel,159.31,0.00,127.58,894,3.91
15/05/25 1:20,M003,Recycled Material,Reprocessed Plastics,75.78,7.95,131.01,545,2.22
15/05/25 1:25,M009,Raw Material,Aluminum,117.13,0.00,127.65,504,4.95
15/05/25 1:30,M006,Intermediate Material,Sheet Metal,132.54,0.00,156.9,792,4.46
15/05/25 1:35,M009,Hazardous Material,Lead-Based Alloy,119.57,0.00,149.69,347,4.04
15/05/25 1:40,M010,Hazardous Material,Lead-Based Alloy,70.34,0.00,120.97,588,2.40
15/05/25 1:45,M003,Recycled Material,Reprocessed Plastics,196.18,41.80,125.62,125,2.75
15/05/25 1:50,M004,Hazardous Material,Solvent,193.94,0.00,143.86,424,0.15
15/05/25 1:55,M002,Finished Material,Machine Component,68.72,0.00,132.9,899,1.94
15/05/25 2:00,M008,Hazardous Material,Lead-Based Alloy,135.75,0.00,194.41,242,2.95
15/05/25 2:05,M006,Recycled Material,Reprocessed Plastics,170.21,26.72,132.97,763,0.57
15/05/25 2:10,M005,Hazardous Material,Solvent,55.91,0.00,184.76,469,3.87
15/05/25 2:15,M001,Finished Material,Packaging,77.55,0.00,112.37,820,3.19
15/05/25 2:20,M009,Recycled Material,Reprocessed Plastics,102.44,23.15,85.97,338,3.21
15/05/25 2:25,M003,Hazardous Material,Lead-Based Alloy,52.7,0.00,92.2,998,0.75
15/05/25 2:30,M001,Raw Material,Cotton,175.34,0.00,84.34,381,0.85
15/05/25 2:35,M001,Recycled Material,Reprocessed Plastics,72.39,9.06,107.25,293,2.04
15/05/25 2:40,M004,Raw Material,Steel,107.67,0.00,186.37,113,3.91
15/05/25 2:45,M008,Finished Material,Circuit Board,52.97,0.00,96.33,367,3.93
15/05/25 2:50,M007,Finished Material,Packaging,113.52,0.00,111.15,924,2.87
15/05/25 2:55,M006,Intermediate Material,Plastic Resin,191.78,0.00,168.17,395,4.97
15/05/25 3:00,M006,Recycled Material,Scrap Steel,171.01,38.13,116.61,779,4.81
15/05/25 3:05,M006,Recycled Material,Reprocessed Plastics,88.36,36.02,145.13,604,3.94
15/05/25 3:10,M006,Finished Material,Machine Component,87.97,0.00,124.72,360,1.65
15/05/25 3:15,M002,Process Additive,Coolant,148.3,0.00,187.56,649,3.31
15/05/25 3:20,M007,Process Additive,Catalyst,79.79,0.00,169.7,374,2.53
15/05/25 3:25,M005,Hazardous Material,Lead-Based Alloy,149.2,0.00,191.22,770,2.74
15/05/25 3:30,M007,Finished Material,Circuit Board,178.2,0.00,179.85,321,2.17
15/05/25 3:35,M007,Process Additive,Catalyst,96.98,0.00,98.51,981,3.31
15/05/25 3:40,M008,Recycled Material,Reprocessed Plastics,128.68,0.23,140.95,723,1.45
15/05/25 3:45,M003,Finished Material,Machine Component,165.72,0.00,153.21,323,3.28
15/05/25 3:50,M005,Process Additive,Industrial Oil,180.69,0.00,167.46,711,3.45
15/05/25 3:55,M009,Raw Material,Polypropylene,53.57,0.00,166.89,412,1.60
15/05/25 4:00,M001,Process Additive,Catalyst,54.78,0.00,100.98,375,2.00
15/05/25 4:05,M003,Finished Material,Circuit Board,57.67,0.00,103.65,276,4.59
15/05/25 4:10,M010,Intermediate Material,Textiles,56.85,0.00,136.09,332,4.57
15/05/25 4:15,M008,Intermediate Material,Textiles,97.21,0.00,156.19,453,3.33
15/05/25 4:20,M001,Intermediate Material,Textiles,188.81,0.00,87.61,241,1.68
15/05/25 4:25,M006,Raw Material,Polypropylene,55.77,0.00,95.92,813,3.18
15/05/25 4:30,M005,Process Additive,Industrial Oil,148.69,0.00,195.13,196,1.56
15/05/25 4:35,M006,Intermediate Material,Sheet Metal,70.89,0.00,135.68,371,3.86
15/05/25 4:40,M004,Intermediate Material,Plastic Resin,143.07,0.00,179.89,438,0.94
15/05/25 4:45,M002,Raw Material,Aluminum,85.85,0.00,122.31,129,1.37
15/05/25 4:50,M003,Recycled Material,Reprocessed Plastics,77.7,23.04,111.7,664,2.17
15/05/25 4:55,M007,Intermediate Material,Textiles,101.59,0.00,163.03,636,1.82
15/05/25 5:00,M004,Hazardous Material,Lead-Based Alloy,133.1,0.00,161.23,456,1.46
15/05/25 5:05,M002,Process Additive,Catalyst,163.49,0.00,197.22,917,3.02
15/05/25 5:10,M002,Hazardous Material,Lead-Based Alloy,98.63,0.00,89.41,781,4.51
15/05/25 5:15,M005,Process Additive,Coolant,96.9,0.00,162.11,805,2.27
15/05/25 5:20,M001,Recycled Material,Scrap Steel,121.09,27.19,92.92,566,1.00
15/05/25 5:25,M008,Process Additive,Coolant,64.32,0.00,181.21,966,0.43
15/05/25 5:30,M006,Recycled Material,Reprocessed Plastics,194.5,35.96,171.5,865,0.83
15/05/25 5:35,M007,Process Additive,Industrial Oil,76.07,0.00,130.92,626,1.29
15/05/25 5:40,M002,Hazardous Material,Solvent,108.84,0.00,81.69,736,4.66
15/05/25 5:45,M007,Hazardous Material,Lead-Based Alloy,62.58,0.00,179.87,346,0.10
15/05/25 5:50,M004,Hazardous Material,Solvent,192.47,0.00,132.3,605,4.71
15/05/25 5:55,M005,Process Additive,Industrial Oil,156.84,0.00,166.53,941,2.95
15/05/25 6:00,M003,Intermediate Material,Textiles,155.58,0.00,130.25,333,3.38
15/05/25 6:05,M002,Intermediate Material,Sheet Metal,92.06,0.00,107.5,894,2.66
15/05/25 6:10,M009,Hazardous Material,Lead-Based Alloy,96.29,0.00,121.3,192,3.29
15/05/25 6:15,M003,Raw Material,Aluminum,105.39,0.00,177.91,510,1.49
15/05/25 6:20,M001,Finished Material,Circuit Board,132.95,0.00,174.25,343,0.54
15/05/25 6:25,M005,Intermediate Material,Plastic Resin,104.27,0.00,124.53,487,2.33
15/05/25 6:30,M010,Hazardous Material,Lead-Based Alloy,66.53,0.00,119.75,704,0.12
15/05/25 6:35,M005,Finished Material,Machine Component,79.11,0.00,90.21,971,3.54
15/05/25 6:40,M005,Intermediate Material,Plastic Resin,182.44,0.00,124.7,914,0.42
15/05/25 6:45,M001,Finished Material,Packaging,178.36,0.00,159.74,699,2.42
15/05/25 6:50,M002,Finished Material,Packaging,66.08,0.00,81.9,250,3.42
15/05/25 6:55,M002,Finished Material,Machine Component,140.74,0.00,126.78,901,4.80
15/05/25 7:00,M002,Recycled Material,Scrap Steel,178.58,25.46,181.02,244,3.43
15/05/25 7:05,M002,Finished Material,Circuit Board,159.67,0.00,138.7,939,3.09
15/05/25 7:10,M003,Raw Material,Aluminum,109.56,0.00,187.99,905,1.61
15/05/25 7:15,M004,Finished Material,Machine Component,115.27,0.00,138.09,891,0.13
15/05/25 7:20,M003,Hazardous Material,Solvent,123.1,0.00,133.05,399,1.73
15/05/25 7:25,M010,Finished Material,Packaging,176.07,0.00,89.72,984,0.98
15/05/25 7:30,M005,Process Additive,Coolant,57.67,0.00,177.06,281,0.03
15/05/25 7:35,M007,Finished Material,Packaging,86.61,0.00,139.32,727,0.17
15/05/25 7:40,M004,Finished Material,Machine Component,145.69,0.00,185.66,274,2.97
15/05/25 7:45,M009,Recycled Material,Reprocessed Plastics,164.18,2.36,157.83,148,1.36
15/05/25 7:50,M010,Finished Material,Circuit Board,90.97,0.00,162.18,570,3.40
15/05/25 7:55,M005,Finished Material,Circuit Board,130.47,0.00,166.83,345,3.94
15/05/25 8:00,M009,Hazardous Material,Lead-Based Alloy,56.7,0.00,186.64,950,2.75
15/05/25 8:05,M003,Recycled Material,Scrap Steel,60.75,43.57,117.63,349,1.22
15/05/25 8:10,M007,Raw Material,Steel,131.82,0.00,99.16,102,0.49
15/05/25 8:15,M009,Finished Material,Packaging,75.36,0.00,175.53,277,0.16
15/05/25 8:20,M009,Finished Material,Circuit Board,152.77,0.00,89.22,870,3.36
15/05/25 8:25,M009,Raw Material,Cotton,83.34,0.00,180.93,343,2.69
15/05/25 8:30,M002,Finished Material,Packaging,121.83,0.00,109.46,489,3.00
15/05/25 8:35,M008,Finished Material,Packaging,138.88,0.00,116.75,597,2.14
15/05/25 8:40,M003,Raw Material,Steel,53.47,0.00,95.53,363,3.49
15/05/25 8:45,M002,Raw Material,Cotton,187,0.00,134.81,544,1.21
15/05/25 8:50,M009,Process Additive,Industrial Oil,169.17,0.00,160.56,958,3.03
15/05/25 8:55,M002,Intermediate Material,Sheet Metal,118.82,0.00,143.49,182,3.82
15/05/25 9:00,M010,Raw Material,Polypropylene,169.78,0.00,116.47,365,4.67
15/05/25 9:05,M007,Hazardous Material,Solvent,71.27,0.00,127.45,446,1.95
15/05/25 9:10,M002,Hazardous Material,Lead-Based Alloy,118.03,0.00,139.82,341,2.20
15/05/25 9:15,M002,Finished Material,Packaging,125.15,0.00,129.83,244,4.23
15/05/25 9:20,M004,Hazardous Material,Solvent,110.12,0.00,96.14,511,3.82
15/05/25 9:25,M007,Recycled Material,Scrap Steel,190.99,18.61,139.33,569,0.49
15/05/25 9:30,M009,Hazardous Material,Solvent,162.12,0.00,178.78,147,0.83
15/05/25 9:35,M003,Intermediate Material,Textiles,148.29,0.00,166.09,395,3.34
15/05/25 9:40,M002,Process Additive,Coolant,168.12,0.00,186.29,280,2.47
15/05/25 9:45,M004,Finished Material,Circuit Board,50.13,0.00,194.17,213,0.36
15/05/25 9:50,M008,Recycled Material,Scrap Steel,152.63,8.71,160.51,483,0.93
15/05/25 9:55,M009,Intermediate Material,Sheet Metal,140.14,0.00,198.84,854,2.11
15/05/25 10:00,M007,Process Additive,Coolant,54.08,0.00,110.03,420,1.89
15/05/25 10:05,M010,Recycled Material,Reprocessed Plastics,189.05,10.82,146.14,898,4.81
15/05/25 10:10,M001,Raw Material,Polypropylene,131.19,0.00,138.37,717,4.60
15/05/25 10:15,M004,Recycled Material,Scrap Steel,153.51,3.94,121.34,285,3.73
15/05/25 10:20,M003,Finished Material,Packaging,67.04,0.00,157.26,594,4.68
15/05/25 10:25,M007,Process Additive,Catalyst,83.46,0.00,87.73,370,0.25
15/05/25 10:30,M003,Hazardous Material,Lead-Based Alloy,62.29,0.00,134.2,231,2.57
15/05/25 10:35,M005,Recycled Material,Scrap Steel,127.79,1.02,144.38,557,3.48
15/05/25 10:40,M007,Finished Material,Circuit Board,177.2,0.00,137.66,793,2.24
15/05/25 10:45,M010,Finished Material,Packaging,128.1,0.00,110.25,690,2.39
15/05/25 10:50,M005,Hazardous Material,Solvent,143.64,0.00,86.83,265,4.65
15/05/25 10:55,M003,Raw Material,Cotton,68.64,0.00,113.5,974,2.05
15/05/25 11:00,M006,Recycled Material,Reprocessed Plastics,127.52,4.75,154.38,778,0.51
15/05/25 11:05,M001,Recycled Material,Scrap Steel,123.88,31.59,162.17,986,3.53
15/05/25 11:10,M007,Intermediate Material,Sheet Metal,198.97,0.00,104.01,196,0.84
15/05/25 11:15,M008,Process Additive,Coolant,117.29,0.00,101.36,987,3.77
15/05/25 11:20,M002,Recycled Material,Reprocessed Plastics,141.32,10.90,189.66,619,0.36
15/05/25 11:25,M010,Intermediate Material,Textiles,177.94,0.00,165.26,763,2.90
15/05/25 11:30,M010,Raw Material,Cotton,129.56,0.00,193.73,814,0.24
15/05/25 11:35,M004,Finished Material,Circuit Board,124.94,0.00,131.12,605,1.74
15/05/25 11:40,M003,Raw Material,Cotton,83.27,0.00,198.04,299,2.11
15/05/25 11:45,M002,Intermediate Material,Sheet Metal,120.53,0.00,183.32,437,1.34
15/05/25 11:50,M001,Raw Material,Polypropylene,153.39,0.00,180.18,348,2.38
15/05/25 11:55,M003,Hazardous Material,Solvent,162.46,0.00,124.59,895,1.66
15/05/25 12:00,M004,Process Additive,Catalyst,113.16,0.00,196.12,988,1.17
15/05/25 12:05,M010,Hazardous Material,Lead-Based Alloy,72.97,0.00,182.07,850,1.09
15/05/25 12:10,M003,Intermediate Material,Plastic Resin,166.58,0.00,187.04,208,2.19
15/05/25 12:15,M005,Raw Material,Aluminum,98.4,0.00,185.67,168,3.15
15/05/25 12:20,M005,Recycled Material,Reprocessed Plastics,184.7,45.23,92.76,820,4.96
15/05/25 12:25,M004,Recycled Material,Scrap Steel,68.23,27.10,107.99,712,1.31
15/05/25 12:30,M005,Raw Material,Aluminum,158.5,0.00,146.58,425,1.17
15/05/25 12:35,M006,Recycled Material,Scrap Steel,166.4,30.16,81.04,890,4.00
15/05/25 12:40,M010,Recycled Material,Reprocessed Plastics,166.28,31.09,158.07,538,3.48
15/05/25 12:45,M005,Process Additive,Catalyst,130.76,0.00,96.27,384,4.57
15/05/25 12:50,M001,Hazardous Material,Lead-Based Alloy,155.39,0.00,135.31,751,3.88
15/05/25 12:55,M004,Process Additive,Catalyst,191.86,0.00,191.09,528,2.00
15/05/25 13:00,M002,Raw Material,Aluminum,82.37,0.00,154.6,296,4.67
15/05/25 13:05,M008,Raw Material,Cotton,153.86,0.00,94.52,772,1.13
15/05/25 13:10,M005,Raw Material,Aluminum,95.84,0.00,158.05,761,0.85
15/05/25 13:15,M005,Raw Material,Aluminum,171.61,0.00,87.36,789,4.56
15/05/25 13:20,M003,Finished Material,Circuit Board,115.08,0.00,117.02,114,0.47
15/05/25 13:25,M009,Raw Material,Polypropylene,93.53,0.00,100.18,879,4.86
15/05/25 13:30,M005,Intermediate Material,Textiles,197.79,0.00,83.7,809,1.40
15/05/25 13:35,M006,Raw Material,Polypropylene,115.88,0.00,122.12,193,0.59
15/05/25 13:40,M009,Recycled Material,Scrap Steel,196.98,20.83,112.88,727,4.01
15/05/25 13:45,M005,Raw Material,Polypropylene,124.25,0.00,103.09,652,3.10
15/05/25 13:50,M002,Intermediate Material,Plastic Resin,55.84,0.00,117.33,751,0.67
15/05/25 13:55,M006,Raw Material,Steel,126.29,0.00,178.96,494,4.30
15/05/25 14:00,M002,Raw Material,Aluminum,97.75,0.00,118.34,373,0.91
15/05/25 14:05,M010,Hazardous Material,Lead-Based Alloy,55.28,0.00,194.82,347,2.40
15/05/25 14:10,M007,Recycled Material,Reprocessed Plastics,139.99,38.77,148.38,339,1.16
15/05/25 14:15,M007,Raw Material,Polypropylene,63.93,0.00,87.85,942,2.71
15/05/25 14:20,M004,Hazardous Material,Lead-Based Alloy,175.37,0.00,175.17,902,3.97
15/05/25 14:25,M003,Process Additive,Catalyst,144.64,0.00,97.86,102,1.89
15/05/25 14:30,M003,Hazardous Material,Lead-Based Alloy,90.52,0.00,102.96,925,1.50
15/05/25 14:35,M009,Hazardous Material,Lead-Based Alloy,192.84,0.00,110.88,583,1.85
15/05/25 14:40,M009,Recycled Material,Reprocessed Plastics,185.38,12.72,84.47,545,3.88
15/05/25 14:45,M006,Process Additive,Industrial Oil,92.64,0.00,167.3,280,1.92
15/05/25 14:50,M010,Intermediate Material,Textiles,99.47,0.00,82.5,375,1.02
15/05/25 14:55,M001,Hazardous Material,Solvent,74.46,0.00,171.09,672,3.17
15/05/25 15:00,M009,Hazardous Material,Solvent,141.32,0.00,185.5,591,4.22
15/05/25 15:05,M001,Intermediate Material,Textiles,114.04,0.00,188.52,994,4.80
15/05/25 15:10,M005,Process Additive,Industrial Oil,98.41,0.00,91.54,982,2.35
15/05/25 15:15,M006,Raw Material,Polypropylene,118.69,0.00,176.31,635,1.01
15/05/25 15:20,M001,Hazardous Material,Solvent,91.1,0.00,146.06,566,1.06
15/05/25 15:25,M005,Process Additive,Catalyst,159.46,0.00,157.41,782,1.89
15/05/25 15:30,M007,Recycled Material,Reprocessed Plastics,138.36,30.56,110.99,116,2.04
15/05/25 15:35,M002,Recycled Material,Scrap Steel,180.83,43.33,131.99,152,0.43
15/05/25 15:40,M005,Hazardous Material,Solvent,186.23,0.00,89.7,876,1.07
15/05/25 15:45,M009,Process Additive,Catalyst,189.85,0.00,133.76,444,1.96
15/05/25 15:50,M006,Recycled Material,Reprocessed Plastics,159.18,0.00,120.64,655,3.64
15/05/25 15:55,M007,Raw Material,Steel,107.65,0.00,159.46,367,2.81
15/05/25 16:00,M003,Intermediate Material,Plastic Resin,154.14,0.00,196.36,476,3.05
15/05/25 16:05,M007,Hazardous Material,Solvent,52.8,0.00,197.17,384,1.62
15/05/25 16:10,M001,Finished Material,Machine Component,167.23,0.00,129.02,824,2.88
15/05/25 16:15,M004,Recycled Material,Reprocessed Plastics,96.63,6.79,165.43,370,4.51
15/05/25 16:20,M009,Recycled Material,Scrap Steel,120.74,35.15,150.54,439,4.01
15/05/25 16:25,M002,Process Additive,Industrial Oil,176.67,0.00,119.65,982,3.41
15/05/25 16:30,M004,Hazardous Material,Solvent,180.69,0.00,199.88,538,3.72
15/05/25 16:35,M007,Process Additive,Catalyst,198.91,0.00,88.56,521,3.80
15/05/25 16:40,M004,Hazardous Material,Solvent,135.95,0.00,171.05,516,4.30
15/05/25 16:45,M001,Finished Material,Machine Component,79.38,0.00,141.46,326,0.09
15/05/25 16:50,M002,Raw Material,Steel,177.52,0.00,96.96,662,2.89
15/05/25 16:55,M010,Process Additive,Industrial Oil,195.03,0.00,153.25,313,0.01
15/05/25 17:00,M005,Finished Material,Packaging,178.95,0.00,97.69,989,4.52
15/05/25 17:05,M008,Recycled Material,Reprocessed Plastics,128.63,37.95,85.85,321,1.94
15/05/25 17:10,M007,Intermediate Material,Sheet Metal,191.8,0.00,169.68,320,1.27
15/05/25 17:15,M005,Intermediate Material,Textiles,139.27,0.00,128.36,899,2.99
15/05/25 17:20,M004,Intermediate Material,Sheet Metal,130.58,0.00,160.91,254,0.98
15/05/25 17:25,M006,Recycled Material,Reprocessed Plastics,63.32,35.70,169.13,148,2.24
15/05/25 17:30,M004,Raw Material,Cotton,95.22,0.00,183.97,572,2.31
15/05/25 17:35,M007,Intermediate Material,Textiles,112.02,0.00,96.31,350,4.72
15/05/25 17:40,M008,Hazardous Material,Solvent,154.49,0.00,141.13,667,4.57
15/05/25 17:45,M010,Recycled Material,Reprocessed Plastics,89.74,24.79,172.81,483,3.07
15/05/25 17:50,M005,Finished Material,Circuit Board,191.14,0.00,180.72,829,1.67
15/05/25 17:55,M010,Process Additive,Industrial Oil,116.92,0.00,135.16,359,4.39
15/05/25 18:00,M001,Intermediate Material,Plastic Resin,108.39,0.00,130.39,586,1.41
15/05/25 18:05,M005,Intermediate Material,Sheet Metal,193.74,0.00,137.6,578,1.77
15/05/25 18:10,M005,Hazardous Material,Solvent,102.61,0.00,115.77,177,1.59
15/05/25 18:15,M008,Intermediate Material,Textiles,166.54,0.00,87.13,702,0.29
15/05/25 18:20,M001,Finished Material,Packaging,56.98,0.00,182.13,856,0.17
15/05/25 18:25,M007,Process Additive,Coolant,103.56,0.00,140.75,347,3.72
15/05/25 18:30,M005,Process Additive,Industrial Oil,128.8,0.00,195.03,441,3.27
15/05/25 18:35,M007,Process Additive,Industrial Oil,101.29,0.00,101.64,305,4.32
15/05/25 18:40,M003,Recycled Material,Reprocessed Plastics,197.58,31.56,189.85,787,3.81
15/05/25 18:45,M001,Process Additive,Coolant,54.34,0.00,199.94,854,0.39
15/05/25 18:50,M001,Finished Material,Circuit Board,172.24,0.00,150.19,871,3.33
15/05/25 18:55,M007,Raw Material,Steel,140,0.00,171.85,613,2.84
15/05/25 19:00,M007,Process Additive,Industrial Oil,63.01,0.00,92.22,425,2.51
15/05/25 19:05,M008,Process Additive,Coolant,113.96,0.00,117.44,413,2.35
15/05/25 19:10,M007,Raw Material,Cotton,126.67,0.00,160.27,387,3.60
15/05/25 19:15,M010,Recycled Material,Reprocessed Plastics,150.68,42.92,180.07,660,4.43
15/05/25 19:20,M010,Raw Material,Polypropylene,156.8,0.00,124.26,451,4.89
15/05/25 19:25,M010,Process Additive,Industrial Oil,129.01,0.00,154.26,382,3.59
15/05/25 19:30,M004,Finished Material,Circuit Board,50.54,0.00,101.66,821,0.93
15/05/25 19:35,M007,Process Additive,Industrial Oil,97.33,0.00,180.58,796,1.21
15/05/25 19:40,M009,Recycled Material,Scrap Steel,187.19,3.35,86.58,168,1.08
15/05/25 19:45,M002,Hazardous Material,Solvent,106.41,0.00,117,414,2.26
15/05/25 19:50,M004,Intermediate Material,Textiles,138.62,0.00,90.83,564,3.67
15/05/25 19:55,M009,Process Additive,Industrial Oil,89.17,0.00,115.91,409,4.14
15/05/25 20:00,M001,Intermediate Material,Plastic Resin,140.86,0.00,113.84,117,4.65
15/05/25 20:05,M003,Finished Material,Circuit Board,167.46,0.00,137.7,331,4.19
15/05/25 20:10,M002,Hazardous Material,Solvent,112.04,0.00,191.08,985,2.48
15/05/25 20:15,M005,Raw Material,Aluminum,63.53,0.00,104.43,475,0.38
15/05/25 20:20,M004,Raw Material,Aluminum,103.3,0.00,124.87,373,4.50
15/05/25 20:25,M007,Process Additive,Catalyst,172.21,0.00,121.91,736,4.68
15/05/25 20:30,M009,Process Additive,Catalyst,75.17,0.00,94.27,663,3.01
15/05/25 20:35,M006,Hazardous Material,Lead-Based Alloy,171.33,0.00,142.7,822,4.43
15/05/25 20:40,M002,Intermediate Material,Textiles,196.88,0.00,119.64,927,2.59
15/05/25 20:45,M002,Recycled Material,Reprocessed Plastics,101.77,31.04,105.82,310,4.71
15/05/25 20:50,M002,Hazardous Material,Lead-Based Alloy,96.66,0.00,171.46,685,0.46
15/05/25 20:55,M001,Finished Material,Circuit Board,198.91,0.00,195.26,166,4.10
15/05/25 21:00,M007,Intermediate Material,Plastic Resin,69.07,0.00,152.8,936,0.87
15/05/25 21:05,M003,Raw Material,Polypropylene,136.13,0.00,169.35,347,4.89
15/05/25 21:10,M001,Hazardous Material,Lead-Based Alloy,76.01,0.00,141.8,258,2.36
15/05/25 21:15,M004,Process Additive,Industrial Oil,198.52,0.00,115.49,511,0.44
15/05/25 21:20,M004,Raw Material,Polypropylene,182.4,0.00,122.76,300,4.24
15/05/25 21:25,M002,Process Additive,Industrial Oil,55.85,0.00,87.07,414,1.48
15/05/25 21:30,M008,Recycled Material,Scrap Steel,150.76,4.99,85.69,858,2.04
15/05/25 21:35,M010,Hazardous Material,Solvent,149.55,0.00,117.54,567,2.03
15/05/25 21:40,M007,Intermediate Material,Textiles,170.03,0.00,119.06,410,0.60
15/05/25 21:45,M009,Finished Material,Circuit Board,139.65,0.00,91.79,516,4.69
15/05/25 21:50,M010,Process Additive,Coolant,72.91,0.00,130.04,800,0.41
15/05/25 21:55,M010,Finished Material,Circuit Board,53.44,0.00,196.6,811,3.74
15/05/25 22:00,M007,Finished Material,Packaging,63.99,0.00,87.06,871,4.44
15/05/25 22:05,M009,Finished Material,Circuit Board,74.01,0.00,110.01,919,3.70
15/05/25 22:10,M007,Hazardous Material,Lead-Based Alloy,112.61,0.00,140.41,228,0.76
15/05/25 22:15,M002,Finished Material,Machine Component,103.38,0.00,156.56,274,3.25
15/05/25 22:20,M007,Hazardous Material,Solvent,193.19,0.00,83.66,298,3.16
15/05/25 22:25,M008,Hazardous Material,Lead-Based Alloy,161.86,0.00,81.33,682,1.15
15/05/25 22:30,M006,Recycled Material,Scrap Steel,164.01,27.56,134.7,820,1.01
15/05/25 22:35,M003,Raw Material,Steel,194.02,0.00,159.32,965,1.34
15/05/25 22:40,M006,Hazardous Material,Solvent,160.25,0.00,110.49,295,2.78
15/05/25 22:45,M002,Intermediate Material,Textiles,102.45,0.00,115.43,290,4.50
15/05/25 22:50,M001,Process Additive,Catalyst,199.38,0.00,186.15,922,3.21
15/05/25 22:55,M003,Finished Material,Packaging,109.92,0.00,176.72,144,1.44
15/05/25 23:00,M001,Intermediate Material,Sheet Metal,89.32,0.00,130.22,467,4.24
15/05/25 23:05,M008,Process Additive,Coolant,193.19,0.00,127.9,721,4.83
15/05/25 23:10,M001,Finished Material,Packaging,53.49,0.00,184.47,749,2.51
15/05/25 23:15,M010,Hazardous Material,Solvent,115.35,0.00,195.55,365,1.02
15/05/25 23:20,M002,Recycled Material,Reprocessed Plastics,144.05,17.72,176.63,325,2.57
15/05/25 23:25,M008,Hazardous Material,Solvent,159.2,0.00,125.71,535,3.49
15/05/25 23:30,M010,Hazardous Material,Lead-Based Alloy,61.11,0.00,126.72,153,2.08
15/05/25 23:35,M003,Intermediate Material,Textiles,53.45,0.00,90.58,200,4.00
15/05/25 23:40,M004,Hazardous Material,Solvent,51.37,0.00,113.53,950,2.95
15/05/25 23:45,M008,Raw Material,Steel,82.15,0.00,82,437,0.61
15/05/25 23:50,M005,Hazardous Material,Solvent,159.48,0.00,147.21,835,2.85
15/05/25 23:55,M005,Raw Material,Steel,88.94,0.00,177.07,848,0.24
16/05/25 0:00,M006,Intermediate Material,Plastic Resin,116.07,0.00,147.3,702,1.79
16/05/25 0:05,M002,Finished Material,Machine Component,121.13,0.00,156.75,939,2.82
16/05/25 0:10,M004,Intermediate Material,Textiles,159.52,0.00,139.21,927,2.78
16/05/25 0:15,M009,Hazardous Material,Solvent,172.2,0.00,143.45,888,2.07
16/05/25 0:20,M006,Recycled Material,Scrap Steel,138.95,8.34,172.92,778,2.67
16/05/25 0:25,M003,Intermediate Material,Textiles,185.93,0.00,166.03,101,3.80
16/05/25 0:30,M002,Hazardous Material,Lead-Based Alloy,73.14,0.00,124.82,142,2.18
16/05/25 0:35,M009,Hazardous Material,Solvent,114.06,0.00,167.3,797,4.71
16/05/25 0:40,M007,Recycled Material,Reprocessed Plastics,145.87,25.12,153.3,508,1.39
16/05/25 0:45,M009,Intermediate Material,Plastic Resin,196.03,0.00,168.09,688,1.63
16/05/25 0:50,M010,Recycled Material,Reprocessed Plastics,71.98,11.55,156.34,183,4.69
16/05/25 0:55,M006,Process Additive,Catalyst,168.09,0.00,119.57,743,0.79
16/05/25 1:00,M009,Finished Material,Packaging,123.28,0.00,144.49,568,4.83
16/05/25 1:05,M002,Finished Material,Circuit Board,155.86,0.00,114.94,639,1.93
16/05/25 1:10,M003,Recycled Material,Reprocessed Plastics,98.48,6.02,169.78,220,3.95
16/05/25 1:15,M010,Recycled Material,Reprocessed Plastics,88.58,11.20,153.58,464,3.94
16/05/25 1:20,M002,Process Additive,Catalyst,115.37,0.00,186.41,726,2.02
16/05/25 1:25,M009,Hazardous Material,Solvent,85.64,0.00,166.72,928,0.25
16/05/25 1:30,M004,Process Additive,Catalyst,125.65,0.00,102.04,955,0.55
16/05/25 1:35,M004,Raw Material,Steel,163.79,0.00,119.27,586,3.26
16/05/25 1:40,M003,Intermediate Material,Plastic Resin,71.69,0.00,142.92,877,2.71
16/05/25 1:45,M004,Process Additive,Catalyst,140.03,0.00,137.55,520,2.77
16/05/25 1:50,M010,Finished Material,Packaging,164.94,0.00,132.31,810,0.25
16/05/25 1:55,M002,Finished Material,Packaging,195.62,0.00,112.95,912,1.02
16/05/25 2:00,M005,Hazardous Material,Lead-Based Alloy,60.8,0.00,182.52,991,1.10
16/05/25 2:05,M004,Process Additive,Catalyst,109.87,0.00,198.41,597,0.52
16/05/25 2:10,M006,Process Additive,Coolant,90.88,0.00,185.69,453,1.23
16/05/25 2:15,M003,Recycled Material,Scrap Steel,142.26,21.87,182.7,865,4.12
16/05/25 2:20,M007,Finished Material,Packaging,70.67,0.00,96.32,744,1.66
16/05/25 2:25,M004,Recycled Material,Reprocessed Plastics,143.61,3.15,151.92,256,3.55
16/05/25 2:30,M006,Recycled Material,Reprocessed Plastics,160.83,46.27,98.43,613,1.82
16/05/25 2:35,M001,Intermediate Material,Sheet Metal,181.92,0.00,193.91,428,3.61
16/05/25 2:40,M004,Hazardous Material,Lead-Based Alloy,179.13,0.00,160.83,564,1.70
16/05/25 2:45,M006,Hazardous Material,Lead-Based Alloy,63.4,0.00,99.05,286,2.08
16/05/25 2:50,M004,Hazardous Material,Solvent,109.65,0.00,156.96,373,1.44
16/05/25 2:55,M007,Raw Material,Cotton,134.18,0.00,173.21,122,4.16
16/05/25 3:00,M006,Raw Material,Steel,141.07,0.00,87.76,594,1.87
16/05/25 3:05,M002,Intermediate Material,Textiles,151.64,0.00,113.28,198,3.97
16/05/25 3:10,M010,Intermediate Material,Plastic Resin,80.9,0.00,92.04,382,3.10
16/05/25 3:15,M003,Hazardous Material,Lead-Based Alloy,127.6,0.00,157.29,778,2.85
16/05/25 3:20,M005,Recycled Material,Reprocessed Plastics,115.16,18.96,118.31,137,2.41
16/05/25 3:25,M006,Process Additive,Coolant,158.79,0.00,111.6,912,3.54
16/05/25 3:30,M005,Intermediate Material,Plastic Resin,130.56,0.00,158.87,204,1.68
16/05/25 3:35,M007,Hazardous Material,Lead-Based Alloy,192.61,0.00,167.11,949,2.91
16/05/25 3:40,M010,Raw Material,Cotton,110.74,0.00,193.94,346,1.49
16/05/25 3:45,M002,Process Additive,Industrial Oil,103.99,0.00,135.66,227,4.97
16/05/25 3:50,M001,Raw Material,Steel,192.46,0.00,157.21,573,2.27
16/05/25 3:55,M004,Process Additive,Catalyst,194.14,0.00,108.85,173,4.09
16/05/25 4:00,M005,Finished Material,Packaging,122.56,0.00,100.75,474,2.34
16/05/25 4:05,M009,Process Additive,Coolant,88.18,0.00,106.79,376,3.24
16/05/25 4:10,M008,Process Additive,Industrial Oil,109.03,0.00,119.46,764,1.87
16/05/25 4:15,M004,Hazardous Material,Solvent,72.75,0.00,183.28,649,1.83
16/05/25 4:20,M006,Process Additive,Catalyst,52.65,0.00,173.03,867,2.91
16/05/25 4:25,M006,Recycled Material,Reprocessed Plastics,174.93,18.11,140.19,769,2.04
16/05/25 4:30,M001,Intermediate Material,Textiles,166.01,0.00,111.5,755,0.59
16/05/25 4:35,M004,Recycled Material,Scrap Steel,85.75,37.08,158.62,753,1.51
16/05/25 4:40,M001,Process Additive,Industrial Oil,119.75,0.00,110.19,926,2.96
16/05/25 4:45,M008,Finished Material,Packaging,64.4,0.00,167.54,604,3.35
16/05/25 4:50,M008,Finished Material,Packaging,86.83,0.00,114.9,669,1.75
16/05/25 4:55,M006,Hazardous Material,Solvent,199.2,0.00,142.18,321,2.50
16/05/25 5:00,M005,Process Additive,Catalyst,164.99,0.00,84.45,572,0.13
16/05/25 5:05,M010,Recycled Material,Scrap Steel,52.89,23.01,153.89,131,3.30
16/05/25 5:10,M001,Raw Material,Cotton,162.46,0.00,192.81,571,2.86
16/05/25 5:15,M005,Hazardous Material,Lead-Based Alloy,123.33,0.00,131.9,711,0.89
16/05/25 5:20,M009,Process Additive,Coolant,151.99,0.00,127.74,820,0.78
16/05/25 5:25,M006,Hazardous Material,Lead-Based Alloy,149.69,0.00,172.48,699,2.12
16/05/25 5:30,M007,Finished Material,Circuit Board,102.94,0.00,103.75,538,2.43
16/05/25 5:35,M004,Process Additive,Catalyst,169.34,0.00,164.39,708,2.04
16/05/25 5:40,M008,Raw Material,Cotton,69.21,0.00,144.08,319,1.35
16/05/25 5:45,M002,Intermediate Material,Sheet Metal,170.13,0.00,178.43,871,0.97
16/05/25 5:50,M001,Raw Material,Polypropylene,78.43,0.00,152.43,977,1.55
16/05/25 5:55,M008,Finished Material,Machine Component,196.34,0.00,107.21,514,4.26
16/05/25 6:00,M004,Process Additive,Coolant,156.84,0.00,167.26,523,2.21
16/05/25 6:05,M002,Finished Material,Machine Component,128.02,0.00,82.68,820,3.84
16/05/25 6:10,M001,Finished Material,Circuit Board,187.13,0.00,160.83,333,4.02
16/05/25 6:15,M007,Process Additive,Catalyst,172.06,0.00,126.78,125,2.57
16/05/25 6:20,M006,Intermediate Material,Textiles,112.26,0.00,187.63,582,4.05
16/05/25 6:25,M005,Finished Material,Circuit Board,71.22,0.00,140.79,881,2.62
16/05/25 6:30,M007,Hazardous Material,Lead-Based Alloy,63.27,0.00,95.15,231,4.78
16/05/25 6:35,M003,Raw Material,Polypropylene,143.99,0.00,99.97,987,0.80
16/05/25 6:40,M007,Raw Material,Steel,137.84,0.00,174.77,659,2.84
16/05/25 6:45,M003,Process Additive,Catalyst,179.77,0.00,127.32,876,3.79
16/05/25 6:50,M008,Process Additive,Catalyst,144.37,0.00,125.31,481,3.50
16/05/25 6:55,M003,Process Additive,Catalyst,172.85,0.00,113.62,178,0.55
16/05/25 7:00,M002,Finished Material,Packaging,149.86,0.00,171.74,812,1.71
16/05/25 7:05,M004,Recycled Material,Reprocessed Plastics,78.14,48.32,162.46,247,0.29
16/05/25 7:10,M009,Finished Material,Packaging,130.98,0.00,162.8,321,2.22
16/05/25 7:15,M007,Hazardous Material,Solvent,167.05,0.00,144.45,386,4.31
16/05/25 7:20,M002,Process Additive,Coolant,150.61,0.00,99.9,176,1.31
16/05/25 7:25,M009,Intermediate Material,Sheet Metal,86.44,0.00,112.04,161,4.50
16/05/25 7:30,M002,Intermediate Material,Plastic Resin,75.35,0.00,104.85,498,0.06
16/05/25 7:35,M001,Hazardous Material,Solvent,181.77,0.00,127.39,398,2.34
16/05/25 7:40,M008,Raw Material,Steel,198.71,0.00,159.37,594,2.18
16/05/25 7:45,M009,Intermediate Material,Plastic Resin,106.58,0.00,168.86,482,0.01
16/05/25 7:50,M007,Finished Material,Machine Component,153.36,0.00,87.88,526,0.93
16/05/25 7:55,M002,Recycled Material,Scrap Steel,56.27,27.28,181.47,504,2.80
16/05/25 8:00,M005,Raw Material,Cotton,172.09,0.00,106.68,331,4.43
16/05/25 8:05,M003,Recycled Material,Reprocessed Plastics,148.15,39.79,110.8,539,2.34
16/05/25 8:10,M002,Hazardous Material,Lead-Based Alloy,110.19,0.00,118.75,801,3.76
16/05/25 8:15,M010,Finished Material,Circuit Board,108.04,0.00,189.41,915,3.99
16/05/25 8:20,M001,Hazardous Material,Solvent,146.78,0.00,107.54,233,1.68
16/05/25 8:25,M002,Finished Material,Packaging,117.59,0.00,86.37,665,0.35
16/05/25 8:30,M006,Hazardous Material,Lead-Based Alloy,78.17,0.00,199.22,245,2.90
16/05/25 8:35,M008,Raw Material,Cotton,91.59,0.00,94.14,440,4.61
16/05/25 8:40,M002,Hazardous Material,Lead-Based Alloy,145.64,0.00,127.76,241,3.90
16/05/25 8:45,M006,Intermediate Material,Plastic Resin,169.38,0.00,96.87,215,2.12
16/05/25 8:50,M001,Hazardous Material,Solvent,105.03,0.00,113.16,110,0.71
16/05/25 8:55,M010,Intermediate Material,Sheet Metal,165.91,0.00,124.17,336,3.78
16/05/25 9:00,M005,Intermediate Material,Textiles,175.88,0.00,156.65,104,2.04
16/05/25 9:05,M008,Intermediate Material,Plastic Resin,177.69,0.00,137.6,446,4.59
16/05/25 9:10,M007,Hazardous Material,Lead-Based Alloy,165.72,0.00,164.72,225,0.13
16/05/25 9:15,M003,Finished Material,Circuit Board,95.64,0.00,188.88,883,0.44
16/05/25 9:20,M009,Intermediate Material,Sheet Metal,63.02,0.00,119.65,625,4.76
16/05/25 9:25,M010,Finished Material,Machine Component,134.94,0.00,81.43,325,1.69
16/05/25 9:30,M010,Recycled Material,Scrap Steel,123.92,24.65,182.84,816,0.13
16/05/25 9:35,M001,Process Additive,Coolant,125.05,0.00,188.91,686,1.52
16/05/25 9:40,M003,Process Additive,Catalyst,107.3,0.00,119.6,501,1.27
16/05/25 9:45,M004,Finished Material,Packaging,133.29,0.00,118.49,344,2.24
16/05/25 9:50,M009,Process Additive,Industrial Oil,163.41,0.00,134.43,952,2.02
16/05/25 9:55,M008,Finished Material,Machine Component,178.66,0.00,81.13,386,1.12
16/05/25 10:00,M006,Finished Material,Packaging,189.68,0.00,175.88,565,3.38
16/05/25 10:05,M004,Raw Material,Cotton,164.05,0.00,85.35,331,0.89
16/05/25 10:10,M010,Recycled Material,Reprocessed Plastics,100,37.75,139.98,370,4.97
16/05/25 10:15,M006,Raw Material,Steel,95.33,0.00,113.71,646,4.29
16/05/25 10:20,M010,Process Additive,Catalyst,180.99,0.00,132.65,921,1.09
16/05/25 10:25,M002,Hazardous Material,Lead-Based Alloy,198.62,0.00,126.44,977,1.70
16/05/25 10:30,M005,Intermediate Material,Plastic Resin,57.72,0.00,151.32,969,2.92
16/05/25 10:35,M006,Hazardous Material,Solvent,170.41,0.00,129.63,220,0.53
16/05/25 10:40,M001,Recycled Material,Reprocessed Plastics,108.83,44.06,123.45,789,3.72
16/05/25 10:45,M007,Process Additive,Coolant,72.48,0.00,147.83,566,0.76
16/05/25 10:50,M007,Finished Material,Packaging,81.51,0.00,140.83,374,4.72
16/05/25 10:55,M001,Intermediate Material,Textiles,51.56,0.00,140.9,801,1.90
16/05/25 11:00,M006,Finished Material,Machine Component,51.71,0.00,132.06,840,2.95
16/05/25 11:05,M010,Intermediate Material,Textiles,157.67,0.00,128.93,323,2.60
16/05/25 11:10,M007,Hazardous Material,Solvent,55.07,0.00,172.1,553,4.42
16/05/25 11:15,M008,Recycled Material,Reprocessed Plastics,120.26,37.84,104.61,678,4.47
16/05/25 11:20,M007,Intermediate Material,Plastic Resin,83.42,0.00,136.21,288,4.40
16/05/25 11:25,M008,Raw Material,Steel,58.28,0.00,132.54,344,4.94
16/05/25 11:30,M002,Intermediate Material,Textiles,139.56,0.00,100.69,776,3.96
16/05/25 11:35,M007,Hazardous Material,Lead-Based Alloy,93.11,0.00,99.68,297,3.42
16/05/25 11:40,M004,Raw Material,Aluminum,82.35,0.00,150.73,335,1.26
16/05/25 11:45,M007,Raw Material,Cotton,172.16,0.00,186.75,954,4.24
16/05/25 11:50,M007,Hazardous Material,Solvent,156.16,0.00,161.61,102,1.99
16/05/25 11:55,M006,Finished Material,Circuit Board,78.61,0.00,132.52,501,1.62
16/05/25 12:00,M003,Hazardous Material,Solvent,63.55,0.00,140.7,348,2.41
16/05/25 12:05,M001,Raw Material,Cotton,179.22,0.00,111.79,643,4.43
16/05/25 12:10,M009,Process Additive,Coolant,129.76,0.00,173.58,448,1.23
16/05/25 12:15,M002,Hazardous Material,Lead-Based Alloy,88.39,0.00,123.45,418,4.52
16/05/25 12:20,M009,Raw Material,Polypropylene,87.14,0.00,133.29,878,4.97
16/05/25 12:25,M003,Process Additive,Coolant,170.11,0.00,137.56,980,4.85
16/05/25 12:30,M007,Hazardous Material,Solvent,131.65,0.00,83.29,284,0.21
16/05/25 12:35,M010,Intermediate Material,Sheet Metal,68.35,0.00,186.53,592,0.17
16/05/25 12:40,M002,Hazardous Material,Solvent,134.03,0.00,195.73,313,4.76
16/05/25 12:45,M010,Finished Material,Circuit Board,130.99,0.00,136.64,637,3.88
16/05/25 12:50,M003,Hazardous Material,Solvent,80.45,0.00,175.71,178,1.26
16/05/25 12:55,M003,Process Additive,Catalyst,104.34,0.00,129.04,690,4.09
16/05/25 13:00,M008,Finished Material,Packaging,108.85,0.00,116.05,537,0.04
16/05/25 13:05,M004,Intermediate Material,Textiles,133.51,0.00,80.8,104,0.10
16/05/25 13:10,M002,Finished Material,Circuit Board,76.82,0.00,138.52,446,3.42
16/05/25 13:15,M003,Raw Material,Aluminum,152.17,0.00,167.67,771,3.76
16/05/25 13:20,M002,Finished Material,Machine Component,104.13,0.00,123.99,378,0.33
16/05/25 13:25,M005,Hazardous Material,Solvent,142.93,0.00,159.03,812,0.34
16/05/25 13:30,M005,Recycled Material,Reprocessed Plastics,69.74,23.32,158.03,118,3.90
16/05/25 13:35,M006,Intermediate Material,Plastic Resin,152.14,0.00,148.54,358,1.38
16/05/25 13:40,M001,Intermediate Material,Textiles,109.74,0.00,137.75,885,1.71
16/05/25 13:45,M009,Intermediate Material,Sheet Metal,52.01,0.00,196.11,619,4.76
16/05/25 13:50,M003,Intermediate Material,Textiles,133.31,0.00,127.75,824,3.22
16/05/25 13:55,M007,Raw Material,Steel,179.66,0.00,120.27,708,0.77
16/05/25 14:00,M003,Recycled Material,Reprocessed Plastics,61.32,37.08,143.78,612,3.52
16/05/25 14:05,M010,Finished Material,Machine Component,51.05,0.00,123.8,839,0.53
16/05/25 14:10,M007,Recycled Material,Reprocessed Plastics,150.4,1.39,95.5,175,2.86
16/05/25 14:15,M001,Raw Material,Aluminum,132.46,0.00,166.5,229,1.19
16/05/25 14:20,M003,Hazardous Material,Solvent,176.27,0.00,179.76,689,3.24
16/05/25 14:25,M004,Recycled Material,Reprocessed Plastics,125.83,29.67,92.38,648,4.82
16/05/25 14:30,M006,Process Additive,Industrial Oil,61.6,0.00,181.08,921,3.02
16/05/25 14:35,M008,Raw Material,Polypropylene,140.23,0.00,196.83,906,2.33
16/05/25 14:40,M008,Process Additive,Catalyst,178.88,0.00,199.39,417,4.57
16/05/25 14:45,M005,Hazardous Material,Solvent,174.01,0.00,149.94,262,1.93
16/05/25 14:50,M006,Hazardous Material,Lead-Based Alloy,127.57,0.00,145.45,809,0.35
16/05/25 14:55,M005,Finished Material,Packaging,192.87,0.00,196.14,581,3.64
16/05/25 15:00,M004,Finished Material,Machine Component,156.24,0.00,135.33,275,4.41
16/05/25 15:05,M005,Process Additive,Industrial Oil,145.3,0.00,103.71,450,4.30
16/05/25 15:10,M010,Recycled Material,Reprocessed Plastics,74.72,48.72,125.17,587,0.55
16/05/25 15:15,M007,Finished Material,Machine Component,83.42,0.00,142.22,792,3.24
16/05/25 15:20,M003,Hazardous Material,Lead-Based Alloy,164.43,0.00,107.17,646,3.24
16/05/25 15:25,M005,Intermediate Material,Plastic Resin,120.64,0.00,183.7,151,3.13
16/05/25 15:30,M001,Hazardous Material,Solvent,51.42,0.00,87.9,815,1.77
16/05/25 15:35,M004,Recycled Material,Reprocessed Plastics,69.12,43.95,128.66,811,3.90
16/05/25 15:40,M003,Intermediate Material,Plastic Resin,89.25,0.00,98.45,133,1.10
16/05/25 15:45,M010,Intermediate Material,Sheet Metal,139.31,0.00,90.14,374,4.61
16/05/25 15:50,M001,Raw Material,Polypropylene,72.25,0.00,109.01,827,0.57
16/05/25 15:55,M008,Intermediate Material,Sheet Metal,109.4,0.00,189.37,364,2.46
16/05/25 16:00,M006,Recycled Material,Scrap Steel,181.82,31.71,142.6,228,4.59
16/05/25 16:05,M004,Intermediate Material,Plastic Resin,141.62,0.00,198.21,379,2.24
16/05/25 16:10,M005,Intermediate Material,Sheet Metal,136.28,0.00,156.48,954,3.97
16/05/25 16:15,M006,Hazardous Material,Solvent,152.66,0.00,189.39,592,3.94
16/05/25 16:20,M002,Process Additive,Industrial Oil,179.46,0.00,82.39,272,0.83
16/05/25 16:25,M003,Finished Material,Machine Component,119.75,0.00,173.52,512,1.62
16/05/25 16:30,M001,Finished Material,Circuit Board,71.49,0.00,147.53,688,0.19
16/05/25 16:35,M001,Recycled Material,Reprocessed Plastics,176.36,20.33,183.76,760,1.56
16/05/25 16:40,M003,Recycled Material,Reprocessed Plastics,87.41,36.88,118.99,366,3.29
16/05/25 16:45,M001,Finished Material,Machine Component,76.41,0.00,109.83,510,3.10
16/05/25 16:50,M010,Intermediate Material,Textiles,155.8,0.00,87.34,543,2.21
16/05/25 16:55,M006,Process Additive,Catalyst,83.7,0.00,103.57,336,3.42
16/05/25 17:00,M007,Hazardous Material,Lead-Based Alloy,91.58,0.00,182.44,857,3.89
16/05/25 17:05,M010,Intermediate Material,Textiles,102.01,0.00,141.61,671,3.47
16/05/25 17:10,M006,Recycled Material,Scrap Steel,87.22,39.91,141.31,326,1.23
16/05/25 17:15,M008,Intermediate Material,Plastic Resin,101.06,0.00,155.49,958,3.40
16/05/25 17:20,M001,Intermediate Material,Sheet Metal,113.47,0.00,92.18,283,0.76
16/05/25 17:25,M008,Process Additive,Industrial Oil,145.03,0.00,144.65,295,3.57
16/05/25 17:30,M008,Intermediate Material,Sheet Metal,86.26,0.00,121.62,431,4.58
16/05/25 17:35,M007,Raw Material,Aluminum,87.28,0.00,95.85,198,4.09
16/05/25 17:40,M008,Finished Material,Circuit Board,104.85,0.00,122.78,647,4.30
16/05/25 17:45,M001,Hazardous Material,Solvent,145.11,0.00,163.79,379,0.76
16/05/25 17:50,M005,Process Additive,Coolant,95.83,0.00,89.44,735,0.78
16/05/25 17:55,M006,Raw Material,Aluminum,98.11,0.00,141.28,932,0.18
16/05/25 18:00,M008,Hazardous Material,Lead-Based Alloy,137.96,0.00,181.34,942,4.89
16/05/25 18:05,M006,Raw Material,Polypropylene,157.32,0.00,106.79,805,1.55
16/05/25 18:10,M005,Raw Material,Cotton,66.51,0.00,163.04,978,3.78
16/05/25 18:15,M006,Recycled Material,Scrap Steel,184.12,19.62,175.71,277,4.79
16/05/25 18:20,M003,Process Additive,Coolant,86.9,0.00,180.79,540,0.60
16/05/25 18:25,M007,Intermediate Material,Sheet Metal,150.7,0.00,184.71,772,1.82
16/05/25 18:30,M007,Intermediate Material,Plastic Resin,69.71,0.00,184.88,100,2.29
16/05/25 18:35,M002,Process Additive,Industrial Oil,93.37,0.00,86.57,721,2.81
16/05/25 18:40,M007,Hazardous Material,Solvent,150.15,0.00,130.4,556,2.30
16/05/25 18:45,M002,Process Additive,Industrial Oil,152.88,0.00,163.13,532,0.12
16/05/25 18:50,M009,Raw Material,Steel,66.4,0.00,89.44,391,3.83
16/05/25 18:55,M007,Finished Material,Circuit Board,177.44,0.00,167.92,714,0.74
16/05/25 19:00,M009,Hazardous Material,Lead-Based Alloy,130.69,0.00,104.85,387,4.00
16/05/25 19:05,M007,Finished Material,Circuit Board,107.88,0.00,109.17,635,0.57
16/05/25 19:10,M009,Recycled Material,Reprocessed Plastics,63.29,40.87,122.39,530,4.65
16/05/25 19:15,M001,Process Additive,Catalyst,55.28,0.00,150.95,442,4.97
16/05/25 19:20,M009,Hazardous Material,Lead-Based Alloy,107.03,0.00,101.13,135,0.06
16/05/25 19:25,M003,Finished Material,Machine Component,73.49,0.00,80.21,753,4.92
16/05/25 19:30,M002,Finished Material,Packaging,191.55,0.00,114.85,258,3.16
16/05/25 19:35,M008,Intermediate Material,Plastic Resin,113,0.00,82.13,628,1.12
16/05/25 19:40,M001,Hazardous Material,Lead-Based Alloy,57.46,0.00,128.04,554,4.76
16/05/25 19:45,M009,Hazardous Material,Solvent,65.49,0.00,110.64,390,3.04
16/05/25 19:50,M004,Recycled Material,Reprocessed Plastics,183.75,13.01,137.7,677,0.18
16/05/25 19:55,M007,Recycled Material,Reprocessed Plastics,117.42,3.42,147.34,881,2.46
16/05/25 20:00,M002,Raw Material,Cotton,95.65,0.00,131.73,459,3.34
16/05/25 20:05,M006,Recycled Material,Scrap Steel,199.54,12.45,170.06,615,0.24
16/05/25 20:10,M008,Intermediate Material,Textiles,189.8,0.00,81.95,133,0.67
16/05/25 20:15,M009,Process Additive,Coolant,99.69,0.00,174.92,345,3.85
16/05/25 20:20,M008,Recycled Material,Scrap Steel,52.76,10.00,125.42,804,2.79
16/05/25 20:25,M002,Hazardous Material,Lead-Based Alloy,175.95,0.00,92.93,389,2.74
16/05/25 20:30,M003,Raw Material,Steel,71.54,0.00,159.77,241,4.77
16/05/25 20:35,M005,Process Additive,Coolant,53.57,0.00,86.94,450,1.48
16/05/25 20:40,M001,Hazardous Material,Lead-Based Alloy,149.87,0.00,150.34,663,4.21
16/05/25 20:45,M010,Recycled Material,Reprocessed Plastics,144.66,11.85,141.2,238,1.55
16/05/25 20:50,M002,Recycled Material,Scrap Steel,51.98,39.92,172.63,354,2.63
16/05/25 20:55,M001,Raw Material,Steel,137.04,0.00,114.93,420,0.79
16/05/25 21:00,M005,Hazardous Material,Lead-Based Alloy,197.89,0.00,139.01,831,1.39
16/05/25 21:05,M008,Hazardous Material,Solvent,97.11,0.00,112.58,872,1.94
16/05/25 21:10,M009,Hazardous Material,Solvent,153.98,0.00,123.11,634,3.03
16/05/25 21:15,M007,Intermediate Material,Sheet Metal,100.52,0.00,134.28,435,3.16
16/05/25 21:20,M001,Raw Material,Aluminum,69.11,0.00,84.48,329,4.48
16/05/25 21:25,M005,Raw Material,Polypropylene,107.34,0.00,136.17,973,4.24
16/05/25 21:30,M002,Intermediate Material,Plastic Resin,61.82,0.00,124.28,677,3.68
16/05/25 21:35,M005,Raw Material,Aluminum,165.83,0.00,140.82,112,1.68
16/05/25 21:40,M007,Recycled Material,Reprocessed Plastics,56.52,27.11,93.77,284,1.09
16/05/25 21:45,M003,Recycled Material,Reprocessed Plastics,165.7,24.30,153.71,697,2.78
16/05/25 21:50,M004,Recycled Material,Scrap Steel,98.96,23.68,153.38,949,2.76
16/05/25 21:55,M005,Process Additive,Coolant,73.29,0.00,97.37,918,4.89
16/05/25 22:00,M009,Intermediate Material,Plastic Resin,130.5,0.00,180.37,295,3.62
16/05/25 22:05,M004,Recycled Material,Scrap Steel,119.3,15.01,84.99,175,4.19
16/05/25 22:10,M002,Hazardous Material,Lead-Based Alloy,154.32,0.00,125.63,489,3.16
16/05/25 22:15,M002,Process Additive,Industrial Oil,140.64,0.00,109.82,687,2.04
16/05/25 22:20,M007,Raw Material,Steel,89.55,0.00,191.68,906,0.46
16/05/25 22:25,M009,Hazardous Material,Lead-Based Alloy,174.62,0.00,177.75,923,4.00
16/05/25 22:30,M003,Finished Material,Machine Component,177.05,0.00,125.4,773,3.38
16/05/25 22:35,M003,Process Additive,Catalyst,122.93,0.00,147.22,785,3.89
16/05/25 22:40,M005,Raw Material,Steel,83.07,0.00,89.42,195,0.99
16/05/25 22:45,M002,Hazardous Material,Lead-Based Alloy,66.63,0.00,182.94,975,2.81
16/05/25 22:50,M002,Process Additive,Industrial Oil,192.32,0.00,121.02,187,3.49
16/05/25 22:55,M004,Intermediate Material,Plastic Resin,145.43,0.00,133.39,701,3.34
16/05/25 23:00,M005,Process Additive,Coolant,55.78,0.00,123.34,101,2.86
16/05/25 23:05,M005,Raw Material,Cotton,117.99,0.00,115.51,937,2.52
16/05/25 23:10,M009,Intermediate Material,Sheet Metal,53.27,0.00,92.55,928,4.04
16/05/25 23:15,M007,Process Additive,Coolant,121.07,0.00,193.56,256,2.29
16/05/25 23:20,M008,Hazardous Material,Solvent,168.58,0.00,134.6,374,0.14
16/05/25 23:25,M004,Recycled Material,Reprocessed Plastics,88.74,31.37,153.61,637,2.25
16/05/25 23:30,M010,Intermediate Material,Sheet Metal,141.27,0.00,164.96,502,3.74
16/05/25 23:35,M010,Process Additive,Industrial Oil,77.87,0.00,155.61,407,0.35
16/05/25 23:40,M007,Raw Material,Aluminum,75.17,0.00,171.09,561,1.75
16/05/25 23:45,M002,Finished Material,Packaging,133.48,0.00,121.72,506,1.21
16/05/25 23:50,M001,Raw Material,Steel,199.47,0.00,152.31,759,1.66
16/05/25 23:55,M007,Raw Material,Aluminum,98.32,0.00,127.54,497,4.66
17/05/25 0:00,M001,Raw Material,Polypropylene,116.12,0.00,194.07,509,2.32
17/05/25 0:05,M005,Hazardous Material,Solvent,166.23,0.00,156.34,935,2.59
17/05/25 0:10,M005,Hazardous Material,Solvent,127.51,0.00,136.08,765,1.23
17/05/25 0:15,M002,Raw Material,Steel,188.2,0.00,134.72,579,0.02
17/05/25 0:20,M002,Recycled Material,Reprocessed Plastics,192.45,38.26,106.63,592,1.57
17/05/25 0:25,M005,Hazardous Material,Lead-Based Alloy,171.34,0.00,177.9,137,2.22
17/05/25 0:30,M002,Raw Material,Steel,116.35,0.00,148.85,877,2.12
17/05/25 0:35,M001,Raw Material,Polypropylene,142.41,0.00,100.43,195,1.34
17/05/25 0:40,M005,Raw Material,Polypropylene,100.13,0.00,151.03,558,1.40
17/05/25 0:45,M004,Intermediate Material,Textiles,149.3,0.00,116.36,678,3.65
17/05/25 0:50,M006,Process Additive,Industrial Oil,84.32,0.00,198.28,591,3.88
17/05/25 0:55,M001,Intermediate Material,Textiles,85.12,0.00,109.26,101,4.38
17/05/25 1:00,M001,Process Additive,Catalyst,154.21,0.00,150.28,284,1.92
17/05/25 1:05,M007,Process Additive,Industrial Oil,157.9,0.00,166.12,857,3.07
17/05/25 1:10,M008,Intermediate Material,Sheet Metal,199.17,0.00,105.97,681,4.35
17/05/25 1:15,M007,Finished Material,Circuit Board,90.96,0.00,139.44,840,0.76
17/05/25 1:20,M004,Finished Material,Packaging,173.4,0.00,181.5,485,4.29
17/05/25 1:25,M004,Hazardous Material,Lead-Based Alloy,179.86,0.00,159.06,497,2.77
17/05/25 1:30,M002,Process Additive,Catalyst,61.74,0.00,191.05,347,1.37
17/05/25 1:35,M004,Raw Material,Cotton,187.61,0.00,126.86,134,2.15
17/05/25 1:40,M006,Process Additive,Catalyst,146.16,0.00,137.32,334,4.12
17/05/25 1:45,M008,Hazardous Material,Lead-Based Alloy,67.77,0.00,166.05,497,0.68
17/05/25 1:50,M001,Recycled Material,Scrap Steel,190.17,18.55,111.56,409,2.00
17/05/25 1:55,M010,Hazardous Material,Solvent,52.34,0.00,192.64,778,4.89
17/05/25 2:00,M006,Process Additive,Coolant,50.74,0.00,184.87,713,3.59
17/05/25 2:05,M005,Finished Material,Circuit Board,121.32,0.00,180.79,201,3.62
17/05/25 2:10,M007,Recycled Material,Scrap Steel,104.32,6.31,180.05,764,0.27
17/05/25 2:15,M001,Hazardous Material,Lead-Based Alloy,108.41,0.00,86.43,149,3.33
17/05/25 2:20,M002,Finished Material,Packaging,58.31,0.00,178.16,534,0.37
17/05/25 2:25,M002,Hazardous Material,Solvent,78.88,0.00,110.95,358,4.84
17/05/25 2:30,M010,Finished Material,Packaging,62.29,0.00,193.71,975,1.15
17/05/25 2:35,M001,Finished Material,Packaging,133.41,0.00,96.79,882,0.97
17/05/25 2:40,M005,Finished Material,Machine Component,174.83,0.00,154.94,882,3.40
17/05/25 2:45,M009,Recycled Material,Reprocessed Plastics,69.18,33.69,106.17,162,1.32
17/05/25 2:50,M005,Hazardous Material,Lead-Based Alloy,124.07,0.00,186.68,577,4.74
17/05/25 2:55,M004,Finished Material,Machine Component,178.41,0.00,192.64,424,3.62
17/05/25 3:00,M002,Hazardous Material,Lead-Based Alloy,68.97,0.00,88.62,643,2.73
17/05/25 3:05,M003,Raw Material,Cotton,82,0.00,89.79,844,4.92
17/05/25 3:10,M005,Raw Material,Cotton,107.66,0.00,156.57,742,4.87
17/05/25 3:15,M004,Raw Material,Aluminum,78.44,0.00,111.42,219,3.45
17/05/25 3:20,M007,Hazardous Material,Lead-Based Alloy,113.53,0.00,102.71,740,3.05
17/05/25 3:25,M002,Recycled Material,Reprocessed Plastics,115.18,0.75,109.26,330,3.91
17/05/25 3:30,M002,Finished Material,Packaging,160.13,0.00,159.03,451,0.70
17/05/25 3:35,M009,Intermediate Material,Textiles,170.76,0.00,176.61,204,0.87
17/05/25 3:40,M010,Intermediate Material,Plastic Resin,137.48,0.00,152.6,739,2.84
17/05/25 3:45,M003,Intermediate Material,Plastic Resin,77.75,0.00,153.79,879,1.29
17/05/25 3:50,M005,Finished Material,Packaging,91.76,0.00,195.37,920,4.61
17/05/25 3:55,M007,Finished Material,Packaging,131.32,0.00,140.88,993,4.86
17/05/25 4:00,M002,Raw Material,Polypropylene,167.47,0.00,106.71,147,2.13
17/05/25 4:05,M001,Hazardous Material,Lead-Based Alloy,98.07,0.00,139.96,187,4.20
17/05/25 4:10,M006,Finished Material,Machine Component,139.07,0.00,159.19,810,0.28
17/05/25 4:15,M007,Finished Material,Circuit Board,167,0.00,143.68,724,0.26
17/05/25 4:20,M006,Hazardous Material,Lead-Based Alloy,153.21,0.00,81.9,847,1.33
17/05/25 4:25,M007,Intermediate Material,Plastic Resin,75.24,0.00,129.49,841,4.83
17/05/25 4:30,M007,Finished Material,Circuit Board,82.45,0.00,102.83,620,1.48
17/05/25 4:35,M009,Raw Material,Aluminum,143.37,0.00,121.36,734,2.95
17/05/25 4:40,M008,Recycled Material,Scrap Steel,158.22,48.51,175.6,300,3.01
17/05/25 4:45,M006,Recycled Material,Reprocessed Plastics,164.55,3.37,195.4,935,0.73
17/05/25 4:50,M008,Process Additive,Catalyst,62.8,0.00,87.73,791,1.08
17/05/25 4:55,M007,Recycled Material,Scrap Steel,82.76,26.39,97.81,463,1.96
17/05/25 5:00,M008,Recycled Material,Scrap Steel,65.51,18.24,146.67,847,4.25
17/05/25 5:05,M004,Intermediate Material,Sheet Metal,169.47,0.00,145.16,470,1.99
17/05/25 5:10,M004,Raw Material,Aluminum,136.71,0.00,99.94,358,4.97
17/05/25 5:15,M009,Intermediate Material,Textiles,119.95,0.00,195.39,958,4.32
17/05/25 5:20,M002,Raw Material,Cotton,152.44,0.00,142.6,307,0.42
17/05/25 5:25,M008,Intermediate Material,Textiles,114.01,0.00,122.38,397,2.72
17/05/25 5:30,M003,Intermediate Material,Sheet Metal,120.79,0.00,80.79,731,2.25
17/05/25 5:35,M001,Hazardous Material,Solvent,70.66,0.00,136.4,949,3.37
17/05/25 5:40,M007,Finished Material,Packaging,74.02,0.00,153.57,540,3.81
17/05/25 5:45,M004,Finished Material,Machine Component,98.94,0.00,98.84,848,3.65
17/05/25 5:50,M006,Process Additive,Industrial Oil,152.66,0.00,82.34,472,4.43
17/05/25 5:55,M001,Hazardous Material,Lead-Based Alloy,142.77,0.00,162.64,887,1.28
17/05/25 6:00,M003,Intermediate Material,Plastic Resin,181.57,0.00,104.96,148,0.06
17/05/25 6:05,M007,Raw Material,Cotton,70.2,0.00,108.88,139,0.77
17/05/25 6:10,M009,Intermediate Material,Sheet Metal,155.81,0.00,102.85,378,3.41
17/05/25 6:15,M005,Intermediate Material,Plastic Resin,99.63,0.00,104.57,217,4.90
17/05/25 6:20,M010,Intermediate Material,Textiles,54.52,0.00,152.74,992,2.08
17/05/25 6:25,M007,Intermediate Material,Sheet Metal,113.3,0.00,187.98,536,3.06
17/05/25 6:30,M009,Recycled Material,Reprocessed Plastics,51.39,10.32,80.17,482,1.39
17/05/25 6:35,M005,Raw Material,Steel,108.43,0.00,132.31,370,2.90
17/05/25 6:40,M001,Raw Material,Polypropylene,93.52,0.00,168.13,665,0.14
17/05/25 6:45,M006,Finished Material,Packaging,64.25,0.00,128.87,246,2.90
17/05/25 6:50,M007,Finished Material,Circuit Board,127.36,0.00,150.36,402,0.48
17/05/25 6:55,M006,Raw Material,Polypropylene,172.72,0.00,158.5,925,2.04
17/05/25 7:00,M010,Finished Material,Machine Component,64.81,0.00,166.26,299,0.61
17/05/25 7:05,M003,Finished Material,Machine Component,105.87,0.00,163.78,813,0.81
17/05/25 7:10,M009,Raw Material,Polypropylene,125.48,0.00,145.79,566,3.24
17/05/25 7:15,M005,Intermediate Material,Plastic Resin,188.19,0.00,168.82,816,4.25
17/05/25 7:20,M005,Recycled Material,Reprocessed Plastics,76.15,16.99,184.44,303,2.98
17/05/25 7:25,M001,Raw Material,Steel,67.37,0.00,119.55,262,4.09
17/05/25 7:30,M006,Hazardous Material,Solvent,175.22,0.00,135.56,821,2.72
17/05/25 7:35,M009,Intermediate Material,Plastic Resin,56.06,0.00,89.89,555,1.38
17/05/25 7:40,M010,Raw Material,Aluminum,52.98,0.00,189.02,467,4.01
17/05/25 7:45,M009,Hazardous Material,Lead-Based Alloy,156,0.00,151.16,220,4.18
17/05/25 7:50,M007,Raw Material,Polypropylene,174.02,0.00,95.75,723,4.96
17/05/25 7:55,M004,Process Additive,Catalyst,99.27,0.00,163.06,402,3.30
17/05/25 8:00,M006,Hazardous Material,Lead-Based Alloy,56.78,0.00,168.37,461,2.82
17/05/25 8:05,M008,Process Additive,Coolant,124.39,0.00,152.87,973,0.44
17/05/25 8:10,M004,Recycled Material,Scrap Steel,52.75,15.27,119.76,521,4.86
17/05/25 8:15,M008,Process Additive,Coolant,165.06,0.00,161.94,189,4.99
17/05/25 8:20,M001,Hazardous Material,Solvent,195.2,0.00,148.45,139,3.99
17/05/25 8:25,M002,Process Additive,Catalyst,189.25,0.00,100.15,219,3.88
17/05/25 8:30,M004,Recycled Material,Reprocessed Plastics,59.12,45.77,103.49,569,2.16
17/05/25 8:35,M002,Intermediate Material,Textiles,126.14,0.00,149.33,628,2.93
17/05/25 8:40,M004,Raw Material,Cotton,92.11,0.00,188.3,858,0.58
17/05/25 8:45,M004,Finished Material,Packaging,140.64,0.00,156.69,691,4.42
17/05/25 8:50,M010,Intermediate Material,Plastic Resin,65.77,0.00,188.76,436,3.48
17/05/25 8:55,M001,Intermediate Material,Sheet Metal,128.13,0.00,138.29,653,4.41
17/05/25 9:00,M006,Intermediate Material,Textiles,104.82,0.00,157.13,674,4.30
17/05/25 9:05,M009,Recycled Material,Scrap Steel,131.91,38.35,173.11,689,2.34
17/05/25 9:10,M004,Raw Material,Steel,146.76,0.00,136.43,608,2.94
17/05/25 9:15,M010,Hazardous Material,Solvent,167.28,0.00,117.52,800,4.50
17/05/25 9:20,M005,Process Additive,Coolant,66.55,0.00,195.56,562,2.01
17/05/25 9:25,M003,Finished Material,Machine Component,70.32,0.00,156.83,451,1.42
17/05/25 9:30,M004,Process Additive,Coolant,174.55,0.00,199.22,211,3.45
17/05/25 9:35,M001,Finished Material,Machine Component,87.42,0.00,149.57,627,1.05
17/05/25 9:40,M010,Hazardous Material,Solvent,193.22,0.00,156.42,982,2.84
17/05/25 9:45,M001,Recycled Material,Reprocessed Plastics,104.58,42.75,134.05,874,1.11
17/05/25 9:50,M008,Process Additive,Coolant,149.9,0.00,175.68,173,1.89
17/05/25 9:55,M009,Process Additive,Industrial Oil,198.65,0.00,161.26,600,4.21
17/05/25 10:00,M004,Raw Material,Cotton,147.82,0.00,91.74,803,4.20
17/05/25 10:05,M008,Recycled Material,Scrap Steel,182.02,34.30,183.19,423,3.29
17/05/25 10:10,M001,Recycled Material,Scrap Steel,108.19,7.84,102.89,832,3.56
17/05/25 10:15,M006,Process Additive,Industrial Oil,85.44,0.00,102.69,695,2.94
17/05/25 10:20,M006,Intermediate Material,Textiles,99.95,0.00,171.9,845,0.94
17/05/25 10:25,M002,Intermediate Material,Textiles,170.17,0.00,117.81,262,2.29
17/05/25 10:30,M006,Finished Material,Packaging,156.64,0.00,177.06,391,3.12
17/05/25 10:35,M003,Process Additive,Catalyst,153.5,0.00,102.6,231,1.23
17/05/25 10:40,M008,Recycled Material,Scrap Steel,93.8,39.61,119.57,134,2.93
17/05/25 10:45,M006,Process Additive,Coolant,101.7,0.00,134.18,142,4.57
17/05/25 10:50,M003,Raw Material,Steel,111.66,0.00,136.43,175,0.97
17/05/25 10:55,M005,Process Additive,Coolant,134.54,0.00,175.92,918,1.96
17/05/25 11:00,M003,Raw Material,Aluminum,189.08,0.00,151.65,750,0.74
17/05/25 11:05,M001,Recycled Material,Reprocessed Plastics,54.45,36.75,92.4,257,0.84
17/05/25 11:10,M003,Hazardous Material,Lead-Based Alloy,148.43,0.00,155.88,473,1.93
17/05/25 11:15,M005,Recycled Material,Reprocessed Plastics,87.25,0.22,110.8,478,1.62
17/05/25 11:20,M006,Hazardous Material,Solvent,57.66,0.00,196.34,317,3.53
17/05/25 11:25,M007,Raw Material,Cotton,124.76,0.00,172.18,720,4.01
17/05/25 11:30,M005,Intermediate Material,Sheet Metal,146.92,0.00,138.58,978,4.93
17/05/25 11:35,M010,Finished Material,Packaging,59.26,0.00,161.4,520,0.18
17/05/25 11:40,M009,Intermediate Material,Textiles,161.27,0.00,109.3,679,1.89
17/05/25 11:45,M003,Recycled Material,Scrap Steel,77.56,34.28,97.96,677,2.22
17/05/25 11:50,M006,Finished Material,Circuit Board,110.06,0.00,134.95,720,0.19
17/05/25 11:55,M008,Raw Material,Steel,193.43,0.00,161.39,276,0.19
17/05/25 12:00,M004,Hazardous Material,Lead-Based Alloy,87.93,0.00,153.39,568,2.18
17/05/25 12:05,M008,Intermediate Material,Sheet Metal,107.36,0.00,167.37,664,3.25
17/05/25 12:10,M004,Finished Material,Circuit Board,138.22,0.00,156.22,959,0.36
17/05/25 12:15,M010,Intermediate Material,Textiles,187.98,0.00,173.98,724,0.73
17/05/25 12:20,M001,Process Additive,Industrial Oil,53.73,0.00,90.2,277,4.60
17/05/25 12:25,M001,Raw Material,Aluminum,182.67,0.00,141.31,768,2.32
17/05/25 12:30,M005,Intermediate Material,Plastic Resin,166.91,0.00,117.87,735,2.80
17/05/25 12:35,M008,Finished Material,Packaging,130.32,0.00,133.39,270,4.45
17/05/25 12:40,M003,Raw Material,Cotton,79.03,0.00,99.05,776,2.59
17/05/25 12:45,M001,Raw Material,Aluminum,113.21,0.00,149.23,154,4.51
17/05/25 12:50,M005,Recycled Material,Reprocessed Plastics,104.85,28.98,96.48,377,2.46
17/05/25 12:55,M001,Hazardous Material,Solvent,172.77,0.00,178.63,762,2.13
17/05/25 13:00,M005,Recycled Material,Scrap Steel,154.22,12.85,177.99,450,0.88
17/05/25 13:05,M008,Intermediate Material,Plastic Resin,132.52,0.00,163.39,580,2.47
17/05/25 13:10,M009,Process Additive,Industrial Oil,116.23,0.00,177.26,815,3.03
17/05/25 13:15,M007,Process Additive,Coolant,120.22,0.00,173.05,154,4.97
17/05/25 13:20,M002,Intermediate Material,Textiles,127.09,0.00,152.8,256,2.73
17/05/25 13:25,M003,Recycled Material,Scrap Steel,169.33,6.82,175.6,250,4.47
17/05/25 13:30,M002,Finished Material,Packaging,163.38,0.00,110.86,548,0.13
17/05/25 13:35,M006,Intermediate Material,Plastic Resin,61.18,0.00,141.91,534,0.17
17/05/25 13:40,M007,Finished Material,Packaging,109.67,0.00,141.84,913,1.01
17/05/25 13:45,M007,Recycled Material,Reprocessed Plastics,199.92,48.47,149.27,476,3.18
17/05/25 13:50,M003,Recycled Material,Scrap Steel,184.64,44.01,171.32,368,0.67
17/05/25 13:55,M006,Intermediate Material,Plastic Resin,150.84,0.00,112.41,958,1.99
17/05/25 14:00,M001,Raw Material,Steel,196.57,0.00,146.76,367,2.78
17/05/25 14:05,M009,Recycled Material,Scrap Steel,189.64,5.92,80.14,626,3.90
17/05/25 14:10,M007,Recycled Material,Scrap Steel,105.05,1.97,136.08,205,3.62
17/05/25 14:15,M001,Recycled Material,Reprocessed Plastics,58.73,11.30,130.96,661,2.89
17/05/25 14:20,M008,Hazardous Material,Solvent,117.95,0.00,98.2,400,2.06
17/05/25 14:25,M001,Process Additive,Industrial Oil,63.74,0.00,191.16,684,4.63
17/05/25 14:30,M001,Finished Material,Machine Component,57.65,0.00,92.74,668,3.68
17/05/25 14:35,M001,Finished Material,Circuit Board,51.77,0.00,85.77,456,3.33
17/05/25 14:40,M010,Recycled Material,Scrap Steel,152.91,46.51,107.56,799,3.09
17/05/25 14:45,M001,Raw Material,Steel,198.46,0.00,100.66,581,1.82
17/05/25 14:50,M010,Hazardous Material,Solvent,90.35,0.00,135.29,809,3.27
17/05/25 14:55,M006,Finished Material,Circuit Board,180.22,0.00,130.67,709,4.34
17/05/25 15:00,M008,Finished Material,Machine Component,88.16,0.00,171.21,454,0.76
17/05/25 15:05,M010,Finished Material,Machine Component,150.34,0.00,99.89,388,0.42
17/05/25 15:10,M005,Raw Material,Polypropylene,166.78,0.00,105.34,398,0.20
17/05/25 15:15,M006,Raw Material,Aluminum,85.75,0.00,192.49,727,3.84
17/05/25 15:20,M008,Recycled Material,Reprocessed Plastics,161.23,38.57,162.41,558,1.90
17/05/25 15:25,M002,Finished Material,Packaging,185.08,0.00,172.05,104,4.19
17/05/25 15:30,M006,Process Additive,Coolant,165.02,0.00,177,568,1.51
17/05/25 15:35,M001,Process Additive,Catalyst,94.74,0.00,166.83,628,2.55
17/05/25 15:40,M005,Process Additive,Catalyst,141.84,0.00,141.86,316,4.78
17/05/25 15:45,M006,Hazardous Material,Solvent,75.64,0.00,168.14,790,1.78
17/05/25 15:50,M005,Process Additive,Coolant,54.02,0.00,154.06,671,2.18
17/05/25 15:55,M003,Process Additive,Coolant,164.73,0.00,118.08,551,3.68
17/05/25 16:00,M002,Raw Material,Steel,63.58,0.00,195.54,817,2.59
17/05/25 16:05,M002,Hazardous Material,Solvent,111.55,0.00,130.91,623,3.05
17/05/25 16:10,M006,Hazardous Material,Lead-Based Alloy,172.78,0.00,89.16,465,4.13
17/05/25 16:15,M007,Raw Material,Aluminum,57.85,0.00,159.09,840,3.47
17/05/25 16:20,M005,Finished Material,Packaging,51.25,0.00,171.12,259,0.74
17/05/25 16:25,M007,Process Additive,Industrial Oil,101.92,0.00,196.14,607,3.31
17/05/25 16:30,M003,Raw Material,Polypropylene,177.73,0.00,115.58,946,0.82
17/05/25 16:35,M010,Hazardous Material,Solvent,188.21,0.00,145.77,204,3.59
17/05/25 16:40,M003,Raw Material,Polypropylene,120.57,0.00,161.97,723,3.64
17/05/25 16:45,M005,Recycled Material,Reprocessed Plastics,107.99,14.73,150.06,566,4.79
17/05/25 16:50,M008,Finished Material,Packaging,187.83,0.00,161.86,913,4.40
17/05/25 16:55,M002,Process Additive,Coolant,61.78,0.00,101.98,444,2.68
17/05/25 17:00,M005,Process Additive,Industrial Oil,143.22,0.00,187.65,533,2.23
17/05/25 17:05,M007,Hazardous Material,Solvent,138.45,0.00,145.01,572,4.70
17/05/25 17:10,M006,Process Additive,Coolant,99.41,0.00,110.96,562,3.79
17/05/25 17:15,M002,Intermediate Material,Plastic Resin,50.64,0.00,190.17,239,3.61
17/05/25 17:20,M010,Finished Material,Circuit Board,112.39,0.00,186.86,103,3.46
17/05/25 17:25,M010,Recycled Material,Scrap Steel,154.31,16.64,198.93,815,2.91
17/05/25 17:30,M005,Recycled Material,Scrap Steel,127.39,1.36,98.38,385,4.21
17/05/25 17:35,M009,Process Additive,Coolant,121.78,0.00,109.09,836,3.94
17/05/25 17:40,M006,Recycled Material,Scrap Steel,188.17,3.50,123.22,667,4.02
17/05/25 17:45,M003,Finished Material,Circuit Board,155.18,0.00,108.8,163,4.83
17/05/25 17:50,M008,Raw Material,Cotton,100.29,0.00,110.28,130,4.33
17/05/25 17:55,M004,Raw Material,Cotton,55.27,0.00,164.79,560,3.18
17/05/25 18:00,M005,Intermediate Material,Sheet Metal,57.93,0.00,180.44,791,0.88
17/05/25 18:05,M008,Raw Material,Cotton,145.36,0.00,99.43,405,2.28
17/05/25 18:10,M006,Recycled Material,Scrap Steel,179.24,39.99,92.62,740,0.38
17/05/25 18:15,M009,Finished Material,Circuit Board,123.73,0.00,181.69,670,4.52
17/05/25 18:20,M009,Raw Material,Cotton,112.43,0.00,118.27,405,1.73
17/05/25 18:25,M009,Process Additive,Catalyst,110.2,0.00,107.8,543,1.63
17/05/25 18:30,M005,Raw Material,Steel,74.79,0.00,182.54,796,2.61
17/05/25 18:35,M006,Intermediate Material,Sheet Metal,190.72,0.00,189.78,635,3.52
17/05/25 18:40,M007,Recycled Material,Scrap Steel,186.7,15.80,194.27,379,1.95
17/05/25 18:45,M010,Hazardous Material,Solvent,76.34,0.00,140.18,260,4.97
17/05/25 18:50,M009,Process Additive,Coolant,182.51,0.00,119.4,145,1.21
17/05/25 18:55,M004,Finished Material,Circuit Board,172.17,0.00,144.85,987,4.52
17/05/25 19:00,M002,Finished Material,Circuit Board,81.44,0.00,99.12,117,1.04
17/05/25 19:05,M007,Recycled Material,Reprocessed Plastics,197.02,6.34,133.1,993,3.74
17/05/25 19:10,M009,Recycled Material,Scrap Steel,114.12,27.08,159.61,446,0.93
17/05/25 19:15,M003,Hazardous Material,Solvent,160.82,0.00,197.79,839,1.22
17/05/25 19:20,M001,Hazardous Material,Solvent,117.33,0.00,107.18,375,2.19
17/05/25 19:25,M002,Finished Material,Circuit Board,111,0.00,159.9,333,4.12
17/05/25 19:30,M005,Finished Material,Packaging,102.04,0.00,184.41,874,4.89
17/05/25 19:35,M006,Recycled Material,Scrap Steel,101.32,21.26,103.15,765,0.65
17/05/25 19:40,M008,Recycled Material,Scrap Steel,58.39,16.53,120.76,465,3.53
17/05/25 19:45,M008,Intermediate Material,Sheet Metal,191.23,0.00,173.11,325,3.73
17/05/25 19:50,M003,Intermediate Material,Textiles,101.66,0.00,190.94,558,4.61
17/05/25 19:55,M001,Process Additive,Catalyst,74.48,0.00,110.55,881,3.63
17/05/25 20:00,M003,Process Additive,Coolant,100.66,0.00,188.99,633,3.02
17/05/25 20:05,M004,Hazardous Material,Solvent,183.86,0.00,197.97,764,0.19
17/05/25 20:10,M002,Raw Material,Cotton,121.5,0.00,146.95,974,4.77
17/05/25 20:15,M006,Hazardous Material,Solvent,145.64,0.00,183.71,509,4.35
17/05/25 20:20,M008,Intermediate Material,Textiles,108.65,0.00,174.41,994,1.72
17/05/25 20:25,M010,Raw Material,Polypropylene,194.59,0.00,113.42,787,4.64
17/05/25 20:30,M005,Finished Material,Packaging,114.69,0.00,169.53,312,0.94
17/05/25 20:35,M003,Hazardous Material,Lead-Based Alloy,194.73,0.00,99.56,657,3.01
17/05/25 20:40,M006,Hazardous Material,Solvent,187.7,0.00,132.52,110,3.30
17/05/25 20:45,M007,Intermediate Material,Sheet Metal,151.61,0.00,111.41,420,2.91
17/05/25 20:50,M010,Finished Material,Machine Component,193.83,0.00,130.61,132,2.44
17/05/25 20:55,M001,Finished Material,Packaging,139.2,0.00,104.76,187,0.64
17/05/25 21:00,M001,Intermediate Material,Sheet Metal,136.39,0.00,83.47,220,1.21
17/05/25 21:05,M009,Recycled Material,Scrap Steel,180.07,18.80,145.32,353,1.78
17/05/25 21:10,M009,Hazardous Material,Lead-Based Alloy,98.07,0.00,186.51,893,4.99
17/05/25 21:15,M001,Hazardous Material,Lead-Based Alloy,192,0.00,123.92,323,1.03
17/05/25 21:20,M005,Intermediate Material,Plastic Resin,110.56,0.00,82.54,751,3.28
17/05/25 21:25,M008,Intermediate Material,Textiles,165.04,0.00,88.51,426,4.63
17/05/25 21:30,M006,Hazardous Material,Solvent,149.01,0.00,124.17,813,4.58
17/05/25 21:35,M005,Process Additive,Coolant,101.09,0.00,121.19,683,1.85
17/05/25 21:40,M006,Raw Material,Polypropylene,98.63,0.00,157.82,804,3.15
17/05/25 21:45,M003,Hazardous Material,Lead-Based Alloy,116.47,0.00,116.04,473,4.38
17/05/25 21:50,M005,Raw Material,Aluminum,143.64,0.00,193.05,806,1.56
17/05/25 21:55,M006,Intermediate Material,Sheet Metal,191.36,0.00,187.31,892,2.65
17/05/25 22:00,M009,Intermediate Material,Sheet Metal,109.15,0.00,117.6,994,0.34
17/05/25 22:05,M003,Raw Material,Polypropylene,174.83,0.00,124.91,402,3.55
17/05/25 22:10,M006,Intermediate Material,Sheet Metal,170.57,0.00,84.84,926,3.32
17/05/25 22:15,M008,Finished Material,Machine Component,164.76,0.00,185.8,574,1.01
17/05/25 22:20,M009,Finished Material,Packaging,71.22,0.00,194.13,293,4.11
17/05/25 22:25,M006,Finished Material,Circuit Board,75.85,0.00,192.46,904,0.84
17/05/25 22:30,M005,Process Additive,Industrial Oil,160.52,0.00,100.74,305,4.99
17/05/25 22:35,M007,Intermediate Material,Plastic Resin,146.6,0.00,175.32,122,2.88
17/05/25 22:40,M002,Intermediate Material,Textiles,63.28,0.00,146.2,139,1.81
17/05/25 22:45,M003,Process Additive,Coolant,135.75,0.00,149.96,162,3.54
17/05/25 22:50,M005,Recycled Material,Reprocessed Plastics,63.28,40.02,158.65,257,1.62
17/05/25 22:55,M007,Raw Material,Steel,133.05,0.00,151.32,900,0.57
17/05/25 23:00,M005,Finished Material,Packaging,196.61,0.00,111.44,614,3.55
17/05/25 23:05,M008,Raw Material,Aluminum,82.15,0.00,172.06,738,2.16
17/05/25 23:10,M003,Recycled Material,Reprocessed Plastics,132.03,4.36,139.23,397,4.10
17/05/25 23:15,M002,Raw Material,Aluminum,53.89,0.00,99.85,188,4.41
17/05/25 23:20,M004,Hazardous Material,Lead-Based Alloy,199.09,0.00,84.73,396,2.96
17/05/25 23:25,M005,Hazardous Material,Lead-Based Alloy,74.41,0.00,143.08,716,0.25
17/05/25 23:30,M009,Finished Material,Packaging,156.71,0.00,149.41,793,2.06
17/05/25 23:35,M006,Intermediate Material,Sheet Metal,67.55,0.00,148.67,792,2.88
17/05/25 23:40,M010,Raw Material,Aluminum,60.52,0.00,106.03,428,1.96
17/05/25 23:45,M009,Finished Material,Packaging,81.03,0.00,133.07,255,1.17
17/05/25 23:50,M007,Finished Material,Machine Component,123.36,0.00,199,828,4.40
17/05/25 23:55,M002,Recycled Material,Scrap Steel,51.7,32.76,162.89,676,0.46
18/05/25 0:00,M002,Hazardous Material,Solvent,93.58,0.00,118.53,987,0.15
18/05/25 0:05,M004,Finished Material,Circuit Board,167.26,0.00,82.75,354,1.36
18/05/25 0:10,M005,Hazardous Material,Solvent,114.48,0.00,194.98,178,1.28
18/05/25 0:15,M009,Recycled Material,Reprocessed Plastics,101.74,41.32,139.51,455,3.76
18/05/25 0:20,M003,Process Additive,Catalyst,178.95,0.00,135.11,331,0.38
18/05/25 0:25,M007,Finished Material,Circuit Board,67.65,0.00,83.13,300,3.31
18/05/25 0:30,M009,Finished Material,Circuit Board,63.92,0.00,196.69,787,3.72
18/05/25 0:35,M001,Process Additive,Catalyst,163.26,0.00,197.19,131,4.77
18/05/25 0:40,M010,Hazardous Material,Solvent,178.96,0.00,104.69,534,1.99
18/05/25 0:45,M008,Raw Material,Steel,101.81,0.00,152.9,512,4.57
18/05/25 0:50,M007,Recycled Material,Scrap Steel,179.19,6.85,171.9,323,3.45
18/05/25 0:55,M001,Raw Material,Cotton,66.21,0.00,161.74,635,4.09
18/05/25 1:00,M001,Hazardous Material,Solvent,180,0.00,87.88,771,0.24
18/05/25 1:05,M007,Intermediate Material,Sheet Metal,77.39,0.00,115.79,964,0.15
18/05/25 1:10,M007,Process Additive,Catalyst,166.75,0.00,115.18,812,2.71
18/05/25 1:15,M009,Hazardous Material,Lead-Based Alloy,143.46,0.00,158.13,349,2.34
18/05/25 1:20,M010,Finished Material,Circuit Board,176.11,0.00,139.15,245,2.62
18/05/25 1:25,M006,Hazardous Material,Lead-Based Alloy,152.88,0.00,146.05,445,3.71
18/05/25 1:30,M006,Process Additive,Industrial Oil,81.74,0.00,172.32,689,4.77
18/05/25 1:35,M001,Intermediate Material,Plastic Resin,127.91,0.00,99.81,869,1.18
18/05/25 1:40,M008,Hazardous Material,Lead-Based Alloy,132.17,0.00,138.68,505,4.39
18/05/25 1:45,M004,Intermediate Material,Sheet Metal,129.78,0.00,83.9,811,1.18
18/05/25 1:50,M005,Recycled Material,Reprocessed Plastics,127.83,20.66,187.83,380,2.59
18/05/25 1:55,M008,Finished Material,Machine Component,64.74,0.00,107.71,885,0.44
18/05/25 2:00,M001,Recycled Material,Scrap Steel,65.85,16.65,186.83,688,2.21
18/05/25 2:05,M007,Raw Material,Steel,89.02,0.00,141.61,104,2.56
18/05/25 2:10,M002,Finished Material,Machine Component,87.96,0.00,89.54,549,0.89
18/05/25 2:15,M002,Finished Material,Machine Component,156.7,0.00,164.37,170,0.36
18/05/25 2:20,M009,Recycled Material,Scrap Steel,65.3,19.34,83.73,303,4.39
18/05/25 2:25,M002,Raw Material,Aluminum,109.95,0.00,169.8,901,1.66
18/05/25 2:30,M006,Finished Material,Packaging,90.44,0.00,196.56,364,0.88
18/05/25 2:35,M007,Hazardous Material,Lead-Based Alloy,106.97,0.00,170.37,969,4.72
18/05/25 2:40,M004,Recycled Material,Reprocessed Plastics,63.43,13.35,83.28,397,4.39
18/05/25 2:45,M005,Finished Material,Packaging,97.21,0.00,199.03,967,2.83
18/05/25 2:50,M007,Recycled Material,Scrap Steel,51.33,49.62,182.15,194,3.00
18/05/25 2:55,M007,Finished Material,Circuit Board,72.83,0.00,173.05,325,4.84
18/05/25 3:00,M007,Hazardous Material,Solvent,186.06,0.00,162.44,807,0.49
18/05/25 3:05,M008,Finished Material,Circuit Board,108.59,0.00,143.65,647,1.84
18/05/25 3:10,M001,Hazardous Material,Solvent,175.66,0.00,155.72,121,4.90
18/05/25 3:15,M010,Intermediate Material,Plastic Resin,54.41,0.00,165.94,687,0.43
18/05/25 3:20,M006,Raw Material,Steel,60.44,0.00,129.42,809,3.95
18/05/25 3:25,M001,Intermediate Material,Plastic Resin,172.44,0.00,155.4,675,1.36
18/05/25 3:30,M008,Recycled Material,Scrap Steel,52.34,21.00,177.26,684,1.65
18/05/25 3:35,M010,Process Additive,Catalyst,68.62,0.00,177.36,708,4.77
18/05/25 3:40,M005,Process Additive,Catalyst,162.33,0.00,131.33,437,1.47
18/05/25 3:45,M002,Finished Material,Packaging,121.4,0.00,163.44,462,4.22
18/05/25 3:50,M003,Recycled Material,Reprocessed Plastics,75.28,0.39,81.44,524,4.83
18/05/25 3:55,M002,Finished Material,Machine Component,80.7,0.00,116.72,693,3.31
18/05/25 4:00,M005,Finished Material,Machine Component,137.76,0.00,108.11,790,0.59
18/05/25 4:05,M007,Finished Material,Circuit Board,132.62,0.00,178.8,532,1.39
18/05/25 4:10,M009,Hazardous Material,Solvent,157.76,0.00,162.42,799,4.26
18/05/25 4:15,M001,Raw Material,Cotton,51.91,0.00,146.74,205,0.63
18/05/25 4:20,M010,Process Additive,Catalyst,148.42,0.00,133.82,176,3.69
18/05/25 4:25,M004,Raw Material,Polypropylene,181.09,0.00,173.38,679,1.51
18/05/25 4:30,M005,Raw Material,Polypropylene,76.06,0.00,164.67,752,4.24
18/05/25 4:35,M004,Process Additive,Catalyst,102.59,0.00,97.97,933,4.46
18/05/25 4:40,M004,Finished Material,Circuit Board,122.51,0.00,160.94,929,2.36
18/05/25 4:45,M006,Recycled Material,Reprocessed Plastics,136.07,27.74,159.15,149,4.59
18/05/25 4:50,M007,Process Additive,Coolant,91.09,0.00,134.76,828,2.36
18/05/25 4:55,M002,Process Additive,Catalyst,134.06,0.00,186.02,846,4.92
18/05/25 5:00,M009,Recycled Material,Scrap Steel,151.27,26.09,151.34,174,4.66
18/05/25 5:05,M001,Recycled Material,Scrap Steel,67.4,20.83,89.13,510,1.29
18/05/25 5:10,M007,Finished Material,Packaging,62.26,0.00,92.37,696,4.28
18/05/25 5:15,M004,Raw Material,Cotton,104.49,0.00,116.41,849,3.84
18/05/25 5:20,M008,Intermediate Material,Textiles,172,0.00,160.46,659,4.29
18/05/25 5:25,M006,Finished Material,Circuit Board,86.18,0.00,200,785,2.41
18/05/25 5:30,M005,Hazardous Material,Solvent,118.77,0.00,86.78,673,2.80
18/05/25 5:35,M002,Finished Material,Circuit Board,101.1,0.00,100.71,197,0.78
18/05/25 5:40,M009,Raw Material,Aluminum,163.24,0.00,128.74,685,4.86
18/05/25 5:45,M001,Hazardous Material,Solvent,149.88,0.00,129.43,119,0.74
18/05/25 5:50,M007,Process Additive,Catalyst,176.54,0.00,145.92,320,4.14
18/05/25 5:55,M006,Recycled Material,Scrap Steel,111.48,20.13,179.03,642,0.67
18/05/25 6:00,M002,Finished Material,Circuit Board,174.37,0.00,102.67,862,2.36
18/05/25 6:05,M010,Raw Material,Cotton,57,0.00,109.52,632,3.88
18/05/25 6:10,M009,Finished Material,Packaging,162.77,0.00,130.03,830,3.53
18/05/25 6:15,M007,Hazardous Material,Lead-Based Alloy,74.63,0.00,139.85,960,3.97
18/05/25 6:20,M001,Hazardous Material,Lead-Based Alloy,90.94,0.00,112.56,258,3.36
18/05/25 6:25,M007,Recycled Material,Reprocessed Plastics,131.12,43.26,192.06,280,3.08
18/05/25 6:30,M006,Raw Material,Cotton,169.77,0.00,160.78,375,4.06
18/05/25 6:35,M007,Process Additive,Coolant,69.98,0.00,136.51,469,3.38
18/05/25 6:40,M002,Hazardous Material,Lead-Based Alloy,125.32,0.00,133.61,700,1.36
18/05/25 6:45,M008,Hazardous Material,Solvent,50.52,0.00,190.33,141,0.97
18/05/25 6:50,M006,Intermediate Material,Sheet Metal,59.15,0.00,132.5,283,1.99
18/05/25 6:55,M004,Raw Material,Aluminum,68.75,0.00,169.18,779,4.76
18/05/25 7:00,M005,Process Additive,Industrial Oil,192.95,0.00,124.55,553,1.11
18/05/25 7:05,M001,Hazardous Material,Lead-Based Alloy,199.86,0.00,135.37,893,4.10
18/05/25 7:10,M001,Finished Material,Machine Component,84.07,0.00,90.38,627,1.71
18/05/25 7:15,M003,Process Additive,Coolant,109.96,0.00,137.44,225,0.63
18/05/25 7:20,M009,Intermediate Material,Plastic Resin,164.01,0.00,148.97,125,0.31
18/05/25 7:25,M006,Intermediate Material,Plastic Resin,158.5,0.00,172.05,714,4.65
18/05/25 7:30,M004,Intermediate Material,Plastic Resin,115.17,0.00,106.05,364,0.65
18/05/25 7:35,M009,Process Additive,Catalyst,110.04,0.00,172.8,889,2.60
18/05/25 7:40,M008,Intermediate Material,Sheet Metal,124.59,0.00,101.21,445,3.75
18/05/25 7:45,M004,Raw Material,Steel,84.96,0.00,107.53,582,4.12
18/05/25 7:50,M001,Raw Material,Polypropylene,71.39,0.00,104.91,134,1.02
18/05/25 7:55,M008,Raw Material,Polypropylene,79.63,0.00,107.99,879,0.98
18/05/25 8:00,M002,Finished Material,Packaging,130.61,0.00,177.28,315,2.67
18/05/25 8:05,M006,Recycled Material,Scrap Steel,69.18,32.28,186.9,740,4.61
18/05/25 8:10,M005,Recycled Material,Scrap Steel,115.98,29.62,176.11,757,3.13
18/05/25 8:15,M002,Recycled Material,Reprocessed Plastics,135.71,19.28,81.99,768,3.14
18/05/25 8:20,M005,Process Additive,Catalyst,103.48,0.00,116.29,951,3.46
18/05/25 8:25,M002,Process Additive,Coolant,149.85,0.00,144.73,327,2.32
18/05/25 8:30,M003,Recycled Material,Reprocessed Plastics,54.52,10.31,97.46,943,2.25
18/05/25 8:35,M010,Recycled Material,Reprocessed Plastics,142.51,13.15,195.39,638,4.96
18/05/25 8:40,M004,Finished Material,Packaging,55.7,0.00,152.39,728,4.55
18/05/25 8:45,M008,Finished Material,Packaging,127.68,0.00,106.12,316,0.40
18/05/25 8:50,M006,Raw Material,Aluminum,74.75,0.00,151.26,483,3.79
18/05/25 8:55,M007,Process Additive,Coolant,166.91,0.00,161.71,844,0.15
18/05/25 9:00,M006,Raw Material,Cotton,115.39,0.00,185.23,854,3.25
18/05/25 9:05,M007,Finished Material,Packaging,165.11,0.00,128.39,568,1.12
18/05/25 9:10,M005,Recycled Material,Reprocessed Plastics,120.65,43.54,179.46,690,3.39
18/05/25 9:15,M007,Intermediate Material,Sheet Metal,133.93,0.00,123,730,0.45
18/05/25 9:20,M001,Intermediate Material,Textiles,100.24,0.00,117.25,977,2.35
18/05/25 9:25,M003,Intermediate Material,Sheet Metal,98.79,0.00,147.92,510,1.21
18/05/25 9:30,M008,Process Additive,Industrial Oil,135.91,0.00,198.29,333,2.98
18/05/25 9:35,M005,Hazardous Material,Solvent,187.54,0.00,114.68,305,2.78
18/05/25 9:40,M006,Process Additive,Catalyst,92.9,0.00,123.48,897,3.31
18/05/25 9:45,M006,Intermediate Material,Sheet Metal,120.49,0.00,141.63,322,0.16
18/05/25 9:50,M003,Finished Material,Circuit Board,52.36,0.00,97.58,926,4.72
18/05/25 9:55,M004,Recycled Material,Reprocessed Plastics,83.22,37.15,100.13,853,1.95
18/05/25 10:00,M008,Intermediate Material,Textiles,155.67,0.00,102.31,847,1.02
18/05/25 10:05,M009,Recycled Material,Reprocessed Plastics,134.64,29.92,87.84,783,1.96
18/05/25 10:10,M002,Hazardous Material,Lead-Based Alloy,55.01,0.00,81.25,661,2.60
18/05/25 10:15,M007,Finished Material,Packaging,53.44,0.00,133.08,979,3.73
18/05/25 10:20,M007,Process Additive,Coolant,188.6,0.00,133.67,887,2.79
18/05/25 10:25,M010,Finished Material,Packaging,79.66,0.00,136.28,465,3.07
18/05/25 10:30,M005,Raw Material,Cotton,198.76,0.00,175.4,905,4.08
18/05/25 10:35,M001,Hazardous Material,Lead-Based Alloy,124.35,0.00,190.21,399,4.58
18/05/25 10:40,M006,Finished Material,Packaging,66.12,0.00,114.27,869,2.45
18/05/25 10:45,M004,Finished Material,Machine Component,112.77,0.00,195.36,955,1.50
18/05/25 10:50,M008,Intermediate Material,Textiles,194.06,0.00,108.06,551,3.84
18/05/25 10:55,M001,Finished Material,Packaging,98.84,0.00,140.14,686,0.15
18/05/25 11:00,M006,Recycled Material,Reprocessed Plastics,101.72,49.37,146.38,553,2.71
18/05/25 11:05,M005,Finished Material,Machine Component,116.38,0.00,151.21,871,2.70
18/05/25 11:10,M004,Recycled Material,Reprocessed Plastics,86.83,13.20,85.21,939,2.02
18/05/25 11:15,M006,Hazardous Material,Lead-Based Alloy,125.5,0.00,127.41,864,1.62
18/05/25 11:20,M003,Intermediate Material,Sheet Metal,126.73,0.00,148.48,705,4.14
18/05/25 11:25,M007,Process Additive,Coolant,170.33,0.00,194.28,269,1.33
18/05/25 11:30,M004,Process Additive,Industrial Oil,103.75,0.00,143.41,709,1.65
18/05/25 11:35,M002,Intermediate Material,Sheet Metal,152.9,0.00,126.67,942,1.18
18/05/25 11:40,M008,Raw Material,Steel,128.17,0.00,85.4,438,4.34
18/05/25 11:45,M007,Hazardous Material,Solvent,107.26,0.00,80.08,406,2.94
18/05/25 11:50,M001,Intermediate Material,Plastic Resin,110.35,0.00,132.96,570,2.15
18/05/25 11:55,M010,Raw Material,Steel,113.9,0.00,102.35,218,4.06
18/05/25 12:00,M001,Intermediate Material,Textiles,136.18,0.00,161.67,815,1.57
18/05/25 12:05,M006,Hazardous Material,Solvent,156.52,0.00,165.31,818,0.35
18/05/25 12:10,M010,Finished Material,Circuit Board,56.36,0.00,179.43,225,1.57
18/05/25 12:15,M010,Intermediate Material,Sheet Metal,82.5,0.00,95.72,656,2.08
18/05/25 12:20,M007,Raw Material,Steel,172.24,0.00,141.87,423,3.75
18/05/25 12:25,M001,Intermediate Material,Textiles,100.81,0.00,182.55,297,3.95
18/05/25 12:30,M001,Raw Material,Steel,60.29,0.00,182.67,930,1.77
18/05/25 12:35,M008,Raw Material,Steel,186.68,0.00,147.07,494,3.74
18/05/25 12:40,M002,Hazardous Material,Solvent,141.14,0.00,172.49,218,0.95
18/05/25 12:45,M007,Finished Material,Packaging,106.05,0.00,185.25,444,0.60
18/05/25 12:50,M002,Finished Material,Packaging,171.58,0.00,106.71,690,2.06
18/05/25 12:55,M008,Raw Material,Cotton,169.24,0.00,139.09,594,0.04
18/05/25 13:00,M001,Finished Material,Machine Component,141.55,0.00,97.71,971,1.02
18/05/25 13:05,M003,Hazardous Material,Solvent,52.59,0.00,190.21,818,0.51
18/05/25 13:10,M007,Raw Material,Aluminum,194.43,0.00,106.4,932,0.70
18/05/25 13:15,M004,Process Additive,Catalyst,102.95,0.00,195.41,143,2.81
18/05/25 13:20,M005,Raw Material,Steel,191.55,0.00,179.22,589,4.36
18/05/25 13:25,M002,Recycled Material,Reprocessed Plastics,104.48,27.78,126.24,833,2.24
18/05/25 13:30,M009,Raw Material,Cotton,109.91,0.00,88.2,285,4.53
18/05/25 13:35,M003,Finished Material,Circuit Board,147.45,0.00,190.02,497,2.96
18/05/25 13:40,M006,Raw Material,Cotton,97.7,0.00,160.85,272,0.55
18/05/25 13:45,M009,Recycled Material,Scrap Steel,174.72,3.17,89.82,224,3.34
18/05/25 13:50,M003,Finished Material,Packaging,146.76,0.00,107.6,795,3.07
18/05/25 13:55,M010,Intermediate Material,Sheet Metal,58.89,0.00,118.95,697,4.37
18/05/25 14:00,M009,Recycled Material,Scrap Steel,58.94,39.40,106.54,909,1.42
18/05/25 14:05,M006,Hazardous Material,Solvent,133.25,0.00,162.5,817,3.03
18/05/25 14:10,M002,Raw Material,Cotton,144.99,0.00,148.49,514,4.30
18/05/25 14:15,M001,Process Additive,Coolant,54.63,0.00,99.59,166,0.70
18/05/25 14:20,M001,Intermediate Material,Plastic Resin,50.88,0.00,94.69,904,1.37
18/05/25 14:25,M002,Finished Material,Packaging,165.3,0.00,110.38,865,3.98
18/05/25 14:30,M007,Raw Material,Steel,153.77,0.00,139.95,204,1.28
18/05/25 14:35,M009,Intermediate Material,Plastic Resin,113.73,0.00,119.08,387,2.83
18/05/25 14:40,M006,Raw Material,Cotton,51.73,0.00,161.61,970,3.70
18/05/25 14:45,M009,Raw Material,Cotton,174.15,0.00,163.08,567,1.31
18/05/25 14:50,M007,Recycled Material,Scrap Steel,152.64,31.88,189.75,456,2.86
18/05/25 14:55,M001,Recycled Material,Reprocessed Plastics,71.25,49.14,89.38,246,3.33
18/05/25 15:00,M001,Process Additive,Catalyst,103.86,0.00,191.59,766,2.22
18/05/25 15:05,M007,Intermediate Material,Plastic Resin,177.2,0.00,160.94,742,2.67
18/05/25 15:10,M008,Recycled Material,Reprocessed Plastics,140.72,43.91,176.77,299,0.22
18/05/25 15:15,M007,Process Additive,Coolant,70.85,0.00,197.65,510,0.62
18/05/25 15:20,M005,Finished Material,Packaging,106.3,0.00,142.25,696,4.53
18/05/25 15:25,M003,Finished Material,Machine Component,69.42,0.00,176.8,497,0.42
18/05/25 15:30,M007,Recycled Material,Scrap Steel,165.31,27.01,132.25,886,0.95
18/05/25 15:35,M010,Hazardous Material,Lead-Based Alloy,90.51,0.00,192.95,997,2.74
18/05/25 15:40,M007,Recycled Material,Scrap Steel,68.74,18.48,98.89,609,3.73
18/05/25 15:45,M005,Raw Material,Aluminum,59.44,0.00,123.67,609,4.76
18/05/25 15:50,M004,Raw Material,Aluminum,98.34,0.00,112.82,307,1.70
18/05/25 15:55,M006,Finished Material,Machine Component,174.67,0.00,80.08,428,3.73
18/05/25 16:00,M009,Hazardous Material,Solvent,140.03,0.00,185.43,563,0.90
18/05/25 16:05,M006,Raw Material,Polypropylene,165.91,0.00,80.99,468,4.54
18/05/25 16:10,M004,Process Additive,Industrial Oil,165.13,0.00,102.61,221,2.58
18/05/25 16:15,M006,Recycled Material,Scrap Steel,99.41,48.03,154.84,395,3.32
18/05/25 16:20,M004,Intermediate Material,Sheet Metal,158.84,0.00,165.33,106,3.02
18/05/25 16:25,M003,Hazardous Material,Solvent,187.46,0.00,186.69,331,3.63
18/05/25 16:30,M005,Finished Material,Packaging,169.82,0.00,113.72,131,4.04
18/05/25 16:35,M009,Recycled Material,Scrap Steel,89.79,45.35,182.97,797,4.21
18/05/25 16:40,M008,Recycled Material,Scrap Steel,153.38,15.19,170.76,198,4.64
18/05/25 16:45,M007,Hazardous Material,Lead-Based Alloy,84.21,0.00,106.04,737,4.70
18/05/25 16:50,M009,Raw Material,Steel,147.97,0.00,195.21,923,3.41
18/05/25 16:55,M007,Intermediate Material,Plastic Resin,74.39,0.00,129.01,574,2.60
18/05/25 17:00,M010,Recycled Material,Scrap Steel,151.89,18.08,136.82,389,3.88
18/05/25 17:05,M006,Intermediate Material,Plastic Resin,81.98,0.00,164.27,614,2.61
18/05/25 17:10,M009,Intermediate Material,Sheet Metal,162.35,0.00,199.06,943,3.13
18/05/25 17:15,M006,Process Additive,Coolant,162.18,0.00,95.39,429,1.01
18/05/25 17:20,M002,Raw Material,Cotton,195.5,0.00,161.55,875,0.93
18/05/25 17:25,M001,Process Additive,Industrial Oil,197.74,0.00,110.21,474,1.15
18/05/25 17:30,M009,Intermediate Material,Textiles,194.33,0.00,99.06,368,2.21
18/05/25 17:35,M008,Recycled Material,Reprocessed Plastics,187.26,35.43,143.87,653,2.73
18/05/25 17:40,M008,Process Additive,Coolant,156.02,0.00,179.34,557,0.40
18/05/25 17:45,M003,Raw Material,Cotton,97.01,0.00,88.67,962,4.11
18/05/25 17:50,M007,Hazardous Material,Solvent,140.63,0.00,92.33,895,3.75
18/05/25 17:55,M003,Recycled Material,Scrap Steel,64.29,32.74,137.69,402,3.56
18/05/25 18:00,M002,Process Additive,Coolant,82.98,0.00,156.27,224,0.08
18/05/25 18:05,M007,Raw Material,Polypropylene,188.3,0.00,122.66,705,3.94
18/05/25 18:10,M010,Recycled Material,Reprocessed Plastics,102.88,23.07,112.55,309,1.07
18/05/25 18:15,M010,Hazardous Material,Solvent,64.5,0.00,94.7,971,1.81
18/05/25 18:20,M004,Intermediate Material,Plastic Resin,167.82,0.00,191.94,268,3.11
18/05/25 18:25,M010,Recycled Material,Scrap Steel,63.84,37.50,169.56,910,3.17
18/05/25 18:30,M004,Process Additive,Coolant,139.96,0.00,139.56,856,3.56
18/05/25 18:35,M006,Hazardous Material,Solvent,144.03,0.00,168.04,636,2.53
18/05/25 18:40,M008,Hazardous Material,Solvent,58.05,0.00,165.27,928,4.41
18/05/25 18:45,M002,Process Additive,Catalyst,138.61,0.00,139.9,361,1.09
18/05/25 18:50,M007,Intermediate Material,Textiles,69.13,0.00,188.36,697,4.34
18/05/25 18:55,M004,Intermediate Material,Sheet Metal,74.03,0.00,102.35,991,3.01
18/05/25 19:00,M005,Hazardous Material,Lead-Based Alloy,189.41,0.00,132.68,396,2.25
18/05/25 19:05,M002,Process Additive,Catalyst,191.27,0.00,168.54,637,1.09
18/05/25 19:10,M007,Hazardous Material,Solvent,96.45,0.00,136.59,979,2.48
18/05/25 19:15,M001,Recycled Material,Scrap Steel,83.18,19.25,183.16,880,1.77
18/05/25 19:20,M001,Raw Material,Cotton,106.64,0.00,166.05,265,4.27
18/05/25 19:25,M009,Intermediate Material,Sheet Metal,179.82,0.00,101.72,803,3.23
18/05/25 19:30,M003,Raw Material,Aluminum,178.81,0.00,140.41,985,4.79
18/05/25 19:35,M003,Recycled Material,Reprocessed Plastics,164.38,6.68,111.37,909,1.08
18/05/25 19:40,M004,Intermediate Material,Sheet Metal,185.95,0.00,166.63,468,3.22
18/05/25 19:45,M007,Hazardous Material,Lead-Based Alloy,149.34,0.00,84.4,511,2.00
18/05/25 19:50,M007,Raw Material,Polypropylene,131.46,0.00,198.62,196,0.91
18/05/25 19:55,M005,Finished Material,Machine Component,80.84,0.00,120.81,930,3.64
18/05/25 20:00,M010,Hazardous Material,Lead-Based Alloy,66.87,0.00,142.5,416,4.91
18/05/25 20:05,M007,Process Additive,Industrial Oil,73.1,0.00,111.37,221,0.15
18/05/25 20:10,M007,Finished Material,Circuit Board,120.15,0.00,161.87,585,3.79
18/05/25 20:15,M001,Process Additive,Catalyst,156.55,0.00,192.56,908,1.88
18/05/25 20:20,M009,Raw Material,Steel,153.39,0.00,167.19,693,1.75
18/05/25 20:25,M006,Finished Material,Packaging,170.97,0.00,165.17,686,4.66
18/05/25 20:30,M003,Raw Material,Aluminum,124.95,0.00,170.56,206,1.04
18/05/25 20:35,M007,Intermediate Material,Textiles,109.08,0.00,149.14,281,2.44
18/05/25 20:40,M008,Recycled Material,Reprocessed Plastics,121.44,18.31,105.15,907,2.79
18/05/25 20:45,M002,Intermediate Material,Plastic Resin,63.39,0.00,110.82,709,0.36
18/05/25 20:50,M006,Intermediate Material,Textiles,53.52,0.00,145.73,657,4.00
18/05/25 20:55,M003,Recycled Material,Reprocessed Plastics,178.24,9.60,152.94,113,3.40
18/05/25 21:00,M008,Recycled Material,Scrap Steel,104.5,1.38,91.28,183,1.12
18/05/25 21:05,M002,Process Additive,Coolant,128.85,0.00,80.03,389,0.92
18/05/25 21:10,M004,Recycled Material,Reprocessed Plastics,124.91,7.81,88.95,699,3.02
18/05/25 21:15,M002,Raw Material,Cotton,64.59,0.00,192.05,895,4.10
18/05/25 21:20,M005,Recycled Material,Scrap Steel,96.78,31.44,176.09,717,2.85
18/05/25 21:25,M002,Process Additive,Coolant,83.63,0.00,159.38,127,1.91
18/05/25 21:30,M010,Hazardous Material,Solvent,119.27,0.00,107.74,562,0.91
18/05/25 21:35,M001,Hazardous Material,Solvent,67.73,0.00,176.12,879,0.97
18/05/25 21:40,M003,Recycled Material,Reprocessed Plastics,83.56,8.67,123.66,917,1.93
18/05/25 21:45,M010,Recycled Material,Scrap Steel,184.37,45.56,154.45,580,0.52
18/05/25 21:50,M006,Process Additive,Catalyst,116.59,0.00,103.46,886,4.38
18/05/25 21:55,M008,Raw Material,Steel,67.34,0.00,120.28,794,3.09
18/05/25 22:00,M008,Finished Material,Machine Component,80.84,0.00,177,847,4.18
18/05/25 22:05,M007,Raw Material,Cotton,126.2,0.00,128.76,665,3.44
18/05/25 22:10,M009,Recycled Material,Scrap Steel,55.24,37.81,121.16,719,2.37
18/05/25 22:15,M006,Hazardous Material,Solvent,197.95,0.00,137.46,949,4.09
18/05/25 22:20,M010,Process Additive,Industrial Oil,192.33,0.00,189.9,975,2.05
18/05/25 22:25,M005,Recycled Material,Scrap Steel,75.23,10.04,138.8,959,2.46
18/05/25 22:30,M007,Process Additive,Catalyst,109.06,0.00,184.63,370,3.68
18/05/25 22:35,M009,Recycled Material,Reprocessed Plastics,107.75,12.96,150,371,4.86
18/05/25 22:40,M002,Process Additive,Coolant,176.29,0.00,177.1,344,1.38
18/05/25 22:45,M008,Process Additive,Coolant,147.17,0.00,166.03,232,1.27
18/05/25 22:50,M006,Intermediate Material,Plastic Resin,124.27,0.00,152.06,105,2.80
18/05/25 22:55,M005,Finished Material,Packaging,128.63,0.00,127.8,999,1.13
18/05/25 23:00,M010,Process Additive,Coolant,181.63,0.00,108.44,924,4.07
18/05/25 23:05,M005,Hazardous Material,Lead-Based Alloy,165.93,0.00,137.84,107,1.87
18/05/25 23:10,M009,Intermediate Material,Sheet Metal,159.41,0.00,124.62,512,2.90
18/05/25 23:15,M003,Finished Material,Packaging,68.13,0.00,128.85,488,1.51
18/05/25 23:20,M009,Raw Material,Polypropylene,171.71,0.00,83.5,326,2.29
18/05/25 23:25,M001,Process Additive,Industrial Oil,102.76,0.00,166.61,495,1.09
18/05/25 23:30,M005,Raw Material,Polypropylene,65.5,0.00,176.26,1000,0.71
18/05/25 23:35,M006,Hazardous Material,Lead-Based Alloy,180.4,0.00,134.23,695,2.16
18/05/25 23:40,M004,Process Additive,Coolant,120.09,0.00,157.73,372,3.46
18/05/25 23:45,M007,Recycled Material,Scrap Steel,87.15,42.54,194.2,597,0.98
18/05/25 23:50,M010,Hazardous Material,Solvent,89.67,0.00,120.28,250,3.91
18/05/25 23:55,M010,Process Additive,Industrial Oil,58.01,0.00,90.65,283,3.14
19/05/25 0:00,M007,Raw Material,Cotton,170.63,0.00,93.22,994,2.98
19/05/25 0:05,M002,Recycled Material,Reprocessed Plastics,196.51,13.12,185.74,587,2.83
19/05/25 0:10,M008,Intermediate Material,Textiles,79.45,0.00,108.33,954,0.11
19/05/25 0:15,M002,Process Additive,Coolant,82.24,0.00,118.57,982,3.28
19/05/25 0:20,M005,Finished Material,Machine Component,129.22,0.00,105.24,449,0.11
19/05/25 0:25,M006,Finished Material,Packaging,152.94,0.00,129.19,290,3.80
19/05/25 0:30,M001,Finished Material,Machine Component,179.11,0.00,136.44,543,3.78
19/05/25 0:35,M001,Recycled Material,Scrap Steel,145.48,45.72,145.01,222,4.71
19/05/25 0:40,M010,Intermediate Material,Sheet Metal,182.46,0.00,127.9,197,4.31
19/05/25 0:45,M010,Raw Material,Aluminum,78.14,0.00,135.41,472,2.99
19/05/25 0:50,M010,Hazardous Material,Solvent,193.99,0.00,92.29,854,4.83
19/05/25 0:55,M004,Recycled Material,Reprocessed Plastics,190.28,22.29,120.14,810,2.53
19/05/25 1:00,M001,Recycled Material,Scrap Steel,163.77,31.40,170.46,965,3.21
19/05/25 1:05,M002,Raw Material,Cotton,90.1,0.00,139.51,565,2.64
19/05/25 1:10,M009,Finished Material,Packaging,95.21,0.00,143.71,375,2.56
19/05/25 1:15,M004,Raw Material,Aluminum,88.15,0.00,180.97,459,2.31
19/05/25 1:20,M007,Process Additive,Catalyst,92.71,0.00,161.41,988,1.46
19/05/25 1:25,M005,Hazardous Material,Lead-Based Alloy,121.88,0.00,141.69,729,0.05
19/05/25 1:30,M002,Recycled Material,Scrap Steel,168.78,39.29,176.43,362,1.23
19/05/25 1:35,M002,Recycled Material,Reprocessed Plastics,161.63,16.28,154.9,948,1.33
19/05/25 1:40,M005,Process Additive,Industrial Oil,132.62,0.00,159.08,423,4.98
19/05/25 1:45,M010,Intermediate Material,Sheet Metal,79.99,0.00,102.34,740,0.17
19/05/25 1:50,M006,Recycled Material,Scrap Steel,176.71,41.24,98.54,734,3.12
19/05/25 1:55,M001,Raw Material,Polypropylene,73.84,0.00,180.01,764,0.19
19/05/25 2:00,M003,Hazardous Material,Solvent,107.16,0.00,106.27,714,4.11
19/05/25 2:05,M003,Intermediate Material,Plastic Resin,177.45,0.00,127.95,371,4.85
19/05/25 2:10,M004,Raw Material,Cotton,139.59,0.00,151.18,922,1.77
19/05/25 2:15,M001,Intermediate Material,Textiles,119.44,0.00,190.93,126,0.59
19/05/25 2:20,M010,Process Additive,Industrial Oil,64.01,0.00,197.17,434,0.02
19/05/25 2:25,M005,Intermediate Material,Sheet Metal,61.76,0.00,193.68,243,3.50
19/05/25 2:30,M007,Hazardous Material,Lead-Based Alloy,171.16,0.00,86.66,641,4.37
19/05/25 2:35,M001,Hazardous Material,Lead-Based Alloy,186.51,0.00,86.71,454,1.49
19/05/25 2:40,M005,Finished Material,Machine Component,82.63,0.00,141.94,554,3.78
19/05/25 2:45,M008,Hazardous Material,Solvent,182.75,0.00,150.43,638,4.71
19/05/25 2:50,M003,Process Additive,Catalyst,99.43,0.00,161.59,342,2.63
19/05/25 2:55,M002,Process Additive,Industrial Oil,130.37,0.00,138.32,980,3.39
19/05/25 3:00,M009,Intermediate Material,Plastic Resin,189.77,0.00,182.23,700,1.78
19/05/25 3:05,M002,Hazardous Material,Solvent,77.7,0.00,123.48,762,2.34
19/05/25 3:10,M007,Hazardous Material,Lead-Based Alloy,100.48,0.00,120.61,142,1.22
19/05/25 3:15,M009,Raw Material,Cotton,159.19,0.00,182.29,735,1.64
19/05/25 3:20,M005,Process Additive,Catalyst,125.27,0.00,126.52,791,4.00
19/05/25 3:25,M001,Finished Material,Machine Component,126.87,0.00,113.81,857,0.58
19/05/25 3:30,M006,Finished Material,Circuit Board,126.56,0.00,96.35,361,1.44
19/05/25 3:35,M005,Raw Material,Aluminum,187.62,0.00,83.21,971,2.06
19/05/25 3:40,M006,Process Additive,Coolant,140.2,0.00,175.99,315,1.84
19/05/25 3:45,M006,Hazardous Material,Lead-Based Alloy,178.82,0.00,140.93,828,0.67
19/05/25 3:50,M003,Recycled Material,Reprocessed Plastics,166.39,15.00,172.12,562,3.14
19/05/25 3:55,M008,Process Additive,Coolant,136.16,0.00,101.59,390,4.40
19/05/25 4:00,M002,Intermediate Material,Sheet Metal,127.15,0.00,97.81,395,3.68
19/05/25 4:05,M004,Recycled Material,Reprocessed Plastics,142.35,0.85,87.45,391,4.37
19/05/25 4:10,M006,Hazardous Material,Solvent,132.11,0.00,117.26,804,3.69
19/05/25 4:15,M008,Process Additive,Catalyst,176.82,0.00,92.66,536,0.66
19/05/25 4:20,M010,Process Additive,Coolant,148.85,0.00,138.63,257,1.65
19/05/25 4:25,M010,Intermediate Material,Plastic Resin,185.25,0.00,191.62,895,2.25
19/05/25 4:30,M008,Process Additive,Catalyst,160.14,0.00,82.5,408,0.62
19/05/25 4:35,M003,Intermediate Material,Plastic Resin,72.13,0.00,137.92,469,0.99
19/05/25 4:40,M002,Process Additive,Coolant,192.27,0.00,163.21,306,1.38
19/05/25 4:45,M008,Finished Material,Circuit Board,58.38,0.00,113.95,473,1.68
19/05/25 4:50,M004,Process Additive,Coolant,103.35,0.00,195.61,950,1.82
19/05/25 4:55,M007,Intermediate Material,Sheet Metal,113.59,0.00,146.99,779,1.07
19/05/25 5:00,M006,Finished Material,Machine Component,154.9,0.00,183.28,524,2.07
19/05/25 5:05,M001,Hazardous Material,Solvent,163.79,0.00,116.18,922,3.72
19/05/25 5:10,M002,Raw Material,Cotton,163.87,0.00,86.1,305,0.40
19/05/25 5:15,M002,Process Additive,Coolant,152.07,0.00,147.1,884,0.79
19/05/25 5:20,M010,Recycled Material,Scrap Steel,83.46,27.80,186.46,897,4.69
19/05/25 5:25,M004,Raw Material,Cotton,55.41,0.00,149.09,630,4.92
19/05/25 5:30,M009,Process Additive,Catalyst,151.88,0.00,197.54,134,1.84
19/05/25 5:35,M009,Intermediate Material,Textiles,61.74,0.00,92.96,961,1.02
19/05/25 5:40,M001,Intermediate Material,Plastic Resin,92.76,0.00,83.96,825,0.95
19/05/25 5:45,M004,Finished Material,Circuit Board,191.06,0.00,132.01,611,2.94
19/05/25 5:50,M003,Raw Material,Aluminum,131.5,0.00,156.35,631,0.85
19/05/25 5:55,M002,Hazardous Material,Lead-Based Alloy,129.23,0.00,114,560,2.60
19/05/25 6:00,M007,Recycled Material,Reprocessed Plastics,110.63,37.39,112.76,963,4.02
19/05/25 6:05,M001,Hazardous Material,Lead-Based Alloy,94.85,0.00,163.92,290,1.47
19/05/25 6:10,M007,Recycled Material,Reprocessed Plastics,122.11,7.44,177.94,414,1.37
19/05/25 6:15,M001,Process Additive,Coolant,147.24,0.00,103.29,800,3.82
19/05/25 6:20,M008,Hazardous Material,Solvent,110.97,0.00,133.08,903,3.26
19/05/25 6:25,M009,Raw Material,Cotton,116.54,0.00,182.57,379,3.05
19/05/25 6:30,M003,Process Additive,Coolant,128.97,0.00,159.65,413,4.66
19/05/25 6:35,M005,Recycled Material,Scrap Steel,197.41,28.45,164.38,355,0.46
19/05/25 6:40,M006,Process Additive,Coolant,110.51,0.00,158.43,300,3.08
19/05/25 6:45,M001,Intermediate Material,Textiles,106.83,0.00,175.27,877,0.06
19/05/25 6:50,M009,Hazardous Material,Solvent,90.24,0.00,194.62,497,1.95
19/05/25 6:55,M009,Raw Material,Steel,149.19,0.00,144.53,959,0.70
19/05/25 7:00,M003,Intermediate Material,Textiles,165.82,0.00,155.62,761,0.68
19/05/25 7:05,M007,Hazardous Material,Solvent,70.61,0.00,188.4,331,2.34
19/05/25 7:10,M004,Recycled Material,Reprocessed Plastics,57.99,19.34,165.48,308,2.57
19/05/25 7:15,M008,Process Additive,Catalyst,182.49,0.00,142.5,434,2.48
19/05/25 7:20,M004,Raw Material,Polypropylene,168.08,0.00,119.34,494,3.43
19/05/25 7:25,M006,Finished Material,Machine Component,149.39,0.00,158.21,782,4.58
19/05/25 7:30,M006,Recycled Material,Reprocessed Plastics,134.24,0.11,186.4,445,0.34
19/05/25 7:35,M003,Recycled Material,Reprocessed Plastics,147.75,13.06,110.65,716,1.32
19/05/25 7:40,M007,Intermediate Material,Sheet Metal,120.03,0.00,124.12,209,1.28
19/05/25 7:45,M007,Process Additive,Industrial Oil,182.42,0.00,175.96,281,0.21
19/05/25 7:50,M005,Intermediate Material,Sheet Metal,197.1,0.00,141.21,553,1.25
19/05/25 7:55,M002,Process Additive,Industrial Oil,57.61,0.00,119.1,746,2.87
19/05/25 8:00,M010,Hazardous Material,Solvent,150.6,0.00,158.89,923,1.70
19/05/25 8:05,M006,Finished Material,Circuit Board,85.31,0.00,117.99,972,2.74
19/05/25 8:10,M001,Hazardous Material,Lead-Based Alloy,143.89,0.00,198.67,290,4.16
19/05/25 8:15,M010,Hazardous Material,Solvent,184.86,0.00,129.29,309,0.93
19/05/25 8:20,M008,Finished Material,Packaging,153.78,0.00,85.71,385,0.64
19/05/25 8:25,M004,Hazardous Material,Lead-Based Alloy,50.23,0.00,84.87,861,4.00
19/05/25 8:30,M010,Raw Material,Cotton,56.48,0.00,123.64,229,3.02
19/05/25 8:35,M009,Process Additive,Coolant,118.87,0.00,180.63,897,4.17
19/05/25 8:40,M005,Hazardous Material,Solvent,104.28,0.00,151.83,441,4.24
19/05/25 8:45,M008,Raw Material,Aluminum,102.7,0.00,154.45,197,4.79
19/05/25 8:50,M005,Intermediate Material,Plastic Resin,185.53,0.00,140.46,298,0.22
19/05/25 8:55,M001,Finished Material,Machine Component,121.87,0.00,187.62,836,1.83
19/05/25 9:00,M004,Raw Material,Cotton,61.52,0.00,151.44,256,4.49
19/05/25 9:05,M003,Raw Material,Cotton,132.46,0.00,134.69,447,4.02
19/05/25 9:10,M004,Recycled Material,Scrap Steel,92.38,22.35,195.97,258,0.22
19/05/25 9:15,M004,Raw Material,Aluminum,116.52,0.00,109.87,189,0.90
19/05/25 9:20,M007,Recycled Material,Reprocessed Plastics,109.72,2.16,106.6,511,0.43
19/05/25 9:25,M007,Process Additive,Coolant,126.53,0.00,130.22,249,1.25
19/05/25 9:30,M006,Process Additive,Coolant,72.47,0.00,134.83,242,4.47
19/05/25 9:35,M004,Recycled Material,Reprocessed Plastics,162.11,7.20,166.88,215,0.04
19/05/25 9:40,M006,Finished Material,Packaging,188.5,0.00,145.98,142,2.13
19/05/25 9:45,M001,Process Additive,Coolant,193.54,0.00,172.71,282,0.42
19/05/25 9:50,M009,Raw Material,Cotton,118.05,0.00,162.58,307,4.05
19/05/25 9:55,M004,Process Additive,Industrial Oil,136.15,0.00,107.56,812,4.60
19/05/25 10:00,M001,Finished Material,Machine Component,90.9,0.00,113.83,696,3.50
19/05/25 10:05,M002,Recycled Material,Reprocessed Plastics,120.96,2.80,133.08,403,0.94
19/05/25 10:10,M002,Finished Material,Packaging,84.08,0.00,97.75,280,1.98
19/05/25 10:15,M005,Recycled Material,Reprocessed Plastics,144.21,34.21,168.71,687,0.12
19/05/25 10:20,M001,Process Additive,Industrial Oil,178.43,0.00,158.29,166,1.61
19/05/25 10:25,M005,Hazardous Material,Lead-Based Alloy,166.86,0.00,91.82,721,1.11
19/05/25 10:30,M005,Recycled Material,Reprocessed Plastics,158.51,11.21,130,882,1.19
19/05/25 10:35,M006,Recycled Material,Reprocessed Plastics,154.99,9.68,164.07,154,0.01
19/05/25 10:40,M009,Process Additive,Industrial Oil,110.84,0.00,198.9,338,2.25
19/05/25 10:45,M008,Raw Material,Aluminum,64.38,0.00,135.49,948,4.83
19/05/25 10:50,M005,Recycled Material,Scrap Steel,66.7,9.20,164.45,994,3.11
19/05/25 10:55,M009,Finished Material,Circuit Board,179.39,0.00,190.45,742,4.10
19/05/25 11:00,M008,Raw Material,Cotton,146.29,0.00,181.62,483,1.90
19/05/25 11:05,M002,Recycled Material,Reprocessed Plastics,140.77,18.75,122.55,196,2.47
19/05/25 11:10,M004,Finished Material,Packaging,85.85,0.00,171.62,170,4.91
19/05/25 11:15,M006,Finished Material,Machine Component,183.87,0.00,150.76,893,1.89
19/05/25 11:20,M009,Intermediate Material,Sheet Metal,157.62,0.00,88.84,702,1.06
19/05/25 11:25,M007,Process Additive,Catalyst,124.94,0.00,142.3,830,4.08
19/05/25 11:30,M005,Raw Material,Cotton,102.56,0.00,166.09,744,1.48
19/05/25 11:35,M006,Intermediate Material,Textiles,100.11,0.00,104.32,961,1.84
19/05/25 11:40,M001,Finished Material,Machine Component,177.87,0.00,198.86,985,1.84
19/05/25 11:45,M010,Process Additive,Coolant,76.99,0.00,81.48,650,4.40
19/05/25 11:50,M006,Recycled Material,Scrap Steel,147.88,36.06,134.02,694,3.31
19/05/25 11:55,M003,Recycled Material,Scrap Steel,164.01,48.91,179.62,773,1.92
19/05/25 12:00,M002,Raw Material,Cotton,126.88,0.00,183.81,857,0.59
19/05/25 12:05,M010,Intermediate Material,Plastic Resin,175.77,0.00,150.52,169,2.95
19/05/25 12:10,M010,Raw Material,Steel,148.05,0.00,85.88,993,0.98
19/05/25 12:15,M003,Recycled Material,Reprocessed Plastics,150.02,26.37,121.37,964,4.01
19/05/25 12:20,M009,Recycled Material,Reprocessed Plastics,173.49,42.56,174.19,186,1.39
19/05/25 12:25,M010,Recycled Material,Scrap Steel,154.65,25.33,185.71,202,0.53
19/05/25 12:30,M006,Recycled Material,Reprocessed Plastics,95.89,1.41,138.9,307,3.18
19/05/25 12:35,M010,Process Additive,Coolant,154.3,0.00,147.55,214,4.95
19/05/25 12:40,M003,Intermediate Material,Sheet Metal,103.12,0.00,177.91,964,0.60
19/05/25 12:45,M004,Process Additive,Coolant,86.02,0.00,191.29,953,2.84
19/05/25 12:50,M008,Process Additive,Catalyst,129.6,0.00,160.43,278,1.76
19/05/25 12:55,M001,Recycled Material,Reprocessed Plastics,65.88,23.35,111.88,929,3.61
19/05/25 13:00,M007,Finished Material,Machine Component,78.37,0.00,144.96,664,0.65
19/05/25 13:05,M002,Recycled Material,Reprocessed Plastics,89.32,22.46,197.65,611,2.26
19/05/25 13:10,M004,Process Additive,Catalyst,189.28,0.00,160,441,3.27
19/05/25 13:15,M005,Intermediate Material,Textiles,85.28,0.00,126.4,692,2.95
19/05/25 13:20,M002,Intermediate Material,Plastic Resin,71.69,0.00,84.33,182,3.06
19/05/25 13:25,M001,Finished Material,Machine Component,183.81,0.00,131.09,691,0.62
19/05/25 13:30,M007,Recycled Material,Scrap Steel,136.6,28.43,195.46,689,0.95
19/05/25 13:35,M006,Intermediate Material,Textiles,55.64,0.00,155.25,351,3.82
19/05/25 13:40,M008,Hazardous Material,Lead-Based Alloy,55.94,0.00,156.97,643,0.66
19/05/25 13:45,M008,Process Additive,Industrial Oil,85.31,0.00,181.17,282,2.12
19/05/25 13:50,M003,Raw Material,Aluminum,139.73,0.00,113.21,662,4.78
19/05/25 13:55,M005,Recycled Material,Scrap Steel,67.06,27.93,128.39,975,3.32
19/05/25 14:00,M004,Process Additive,Catalyst,105.26,0.00,134.25,684,4.87
19/05/25 14:05,M003,Intermediate Material,Textiles,83.15,0.00,132.86,571,2.55
19/05/25 14:10,M006,Raw Material,Aluminum,135.15,0.00,113.23,838,4.06
19/05/25 14:15,M008,Process Additive,Catalyst,147.26,0.00,117.95,593,3.46
19/05/25 14:20,M008,Finished Material,Machine Component,167.15,0.00,147.51,569,1.50
19/05/25 14:25,M002,Intermediate Material,Textiles,95.19,0.00,116.22,426,1.03
19/05/25 14:30,M004,Hazardous Material,Lead-Based Alloy,60.31,0.00,119.65,460,0.16
19/05/25 14:35,M010,Intermediate Material,Plastic Resin,73.69,0.00,154.27,627,0.17
19/05/25 14:40,M004,Recycled Material,Reprocessed Plastics,117.61,17.62,130.12,726,1.28
19/05/25 14:45,M004,Hazardous Material,Lead-Based Alloy,111.04,0.00,125.31,946,3.95
19/05/25 14:50,M001,Hazardous Material,Solvent,98.68,0.00,127.97,877,1.36
19/05/25 14:55,M010,Finished Material,Machine Component,89.9,0.00,92.74,904,3.58
19/05/25 15:00,M001,Process Additive,Industrial Oil,178.72,0.00,173.54,707,2.37
19/05/25 15:05,M010,Intermediate Material,Plastic Resin,91.76,0.00,150.14,217,4.60
19/05/25 15:10,M001,Raw Material,Steel,125.74,0.00,185.27,729,2.08
19/05/25 15:15,M010,Finished Material,Circuit Board,82.12,0.00,98.67,967,4.31
19/05/25 15:20,M010,Intermediate Material,Plastic Resin,117.24,0.00,194.39,315,2.64
19/05/25 15:25,M009,Finished Material,Circuit Board,65.11,0.00,118.99,611,0.19
19/05/25 15:30,M004,Process Additive,Coolant,105.41,0.00,86.39,194,4.35
19/05/25 15:35,M007,Process Additive,Catalyst,74.21,0.00,102.49,952,4.70
19/05/25 15:40,M006,Process Additive,Coolant,198.37,0.00,80.39,282,4.81
19/05/25 15:45,M004,Process Additive,Catalyst,87.6,0.00,126.73,826,3.48
19/05/25 15:50,M003,Finished Material,Circuit Board,135.44,0.00,80.48,956,4.30
19/05/25 15:55,M008,Intermediate Material,Textiles,94.27,0.00,113.14,492,4.57
19/05/25 16:00,M010,Process Additive,Coolant,120.84,0.00,85.95,777,0.25
19/05/25 16:05,M001,Intermediate Material,Textiles,128.82,0.00,198.23,152,2.21
19/05/25 16:10,M006,Raw Material,Cotton,78.48,0.00,96.02,365,3.16
19/05/25 16:15,M002,Finished Material,Circuit Board,50.07,0.00,100.45,398,3.17
19/05/25 16:20,M008,Process Additive,Coolant,60.11,0.00,141.75,721,1.69
19/05/25 16:25,M005,Finished Material,Circuit Board,129.32,0.00,194.51,443,1.35
19/05/25 16:30,M004,Intermediate Material,Textiles,79.56,0.00,127.05,848,4.02
19/05/25 16:35,M003,Hazardous Material,Solvent,197.08,0.00,151.67,168,1.64
19/05/25 16:40,M007,Finished Material,Machine Component,132.79,0.00,132.71,727,0.49
19/05/25 16:45,M006,Finished Material,Machine Component,132.32,0.00,147.9,820,1.65
19/05/25 16:50,M005,Hazardous Material,Lead-Based Alloy,75.53,0.00,177.73,983,0.58
19/05/25 16:55,M002,Finished Material,Machine Component,74,0.00,149.95,722,1.35
19/05/25 17:00,M002,Process Additive,Industrial Oil,92.64,0.00,170.13,321,4.08
19/05/25 17:05,M006,Finished Material,Packaging,109.52,0.00,149.27,294,2.90
19/05/25 17:10,M005,Intermediate Material,Plastic Resin,98.22,0.00,80.69,223,4.14
19/05/25 17:15,M001,Raw Material,Cotton,95.3,0.00,85.16,152,3.10
19/05/25 17:20,M009,Finished Material,Machine Component,155.28,0.00,132.3,615,2.57
19/05/25 17:25,M009,Recycled Material,Reprocessed Plastics,104.6,14.86,88.89,655,0.73
19/05/25 17:30,M003,Hazardous Material,Lead-Based Alloy,87.09,0.00,126.27,784,1.63
19/05/25 17:35,M010,Raw Material,Cotton,96.83,0.00,112.77,754,2.88
19/05/25 17:40,M006,Intermediate Material,Sheet Metal,157.9,0.00,147.17,126,4.46
19/05/25 17:45,M002,Intermediate Material,Sheet Metal,127.61,0.00,185.92,322,0.51
19/05/25 17:50,M007,Hazardous Material,Lead-Based Alloy,183.08,0.00,108.3,287,2.72
19/05/25 17:55,M001,Finished Material,Circuit Board,72.13,0.00,167.18,852,4.61
19/05/25 18:00,M007,Intermediate Material,Plastic Resin,121.49,0.00,89.8,348,5.00
19/05/25 18:05,M003,Raw Material,Aluminum,96.97,0.00,192.48,875,4.41
19/05/25 18:10,M003,Intermediate Material,Textiles,113.59,0.00,175.98,933,2.24
19/05/25 18:15,M007,Raw Material,Polypropylene,165.91,0.00,154.29,849,0.99
19/05/25 18:20,M010,Hazardous Material,Solvent,145.97,0.00,189.19,536,3.54
19/05/25 18:25,M008,Process Additive,Industrial Oil,195.7,0.00,164.1,985,2.50
19/05/25 18:30,M003,Raw Material,Steel,117.32,0.00,120.56,912,1.46
19/05/25 18:35,M001,Raw Material,Aluminum,174.88,0.00,163.87,910,1.85
19/05/25 18:40,M002,Raw Material,Cotton,194.98,0.00,97.36,917,2.31
19/05/25 18:45,M003,Process Additive,Coolant,77.43,0.00,121.56,166,2.18
19/05/25 18:50,M009,Hazardous Material,Lead-Based Alloy,139.03,0.00,138.25,964,2.17
19/05/25 18:55,M004,Hazardous Material,Solvent,154.9,0.00,106.34,773,0.52
19/05/25 19:00,M009,Intermediate Material,Textiles,136.48,0.00,188.94,763,0.96
19/05/25 19:05,M003,Recycled Material,Reprocessed Plastics,127.4,23.91,198.06,140,1.37
19/05/25 19:10,M004,Process Additive,Coolant,165.99,0.00,107.72,633,3.07
19/05/25 19:15,M006,Hazardous Material,Lead-Based Alloy,60.62,0.00,89.68,536,3.41
19/05/25 19:20,M010,Intermediate Material,Textiles,62.13,0.00,102.94,355,1.56
19/05/25 19:25,M008,Finished Material,Circuit Board,101.93,0.00,177.81,975,4.98
19/05/25 19:30,M001,Recycled Material,Reprocessed Plastics,106.24,36.16,146.19,892,4.51
19/05/25 19:35,M010,Process Additive,Catalyst,136.68,0.00,153.43,509,0.99
19/05/25 19:40,M006,Recycled Material,Reprocessed Plastics,125.69,35.22,129.75,887,0.35
19/05/25 19:45,M009,Raw Material,Polypropylene,186.79,0.00,123.01,725,3.91
19/05/25 19:50,M005,Hazardous Material,Solvent,160.98,0.00,113.35,275,0.81
19/05/25 19:55,M006,Hazardous Material,Solvent,100.5,0.00,103.54,966,4.12
19/05/25 20:00,M001,Finished Material,Machine Component,141.85,0.00,122.12,198,2.91
19/05/25 20:05,M004,Finished Material,Packaging,103.16,0.00,190.49,820,4.62
19/05/25 20:10,M002,Raw Material,Cotton,124.68,0.00,121.11,788,1.15
19/05/25 20:15,M007,Intermediate Material,Plastic Resin,163.45,0.00,168.1,110,4.71
19/05/25 20:20,M006,Finished Material,Circuit Board,87.77,0.00,138.95,608,4.41
19/05/25 20:25,M003,Intermediate Material,Sheet Metal,89.12,0.00,130.38,818,2.43
19/05/25 20:30,M009,Recycled Material,Scrap Steel,198.96,9.94,194.7,794,0.86
19/05/25 20:35,M009,Raw Material,Aluminum,127.39,0.00,132.96,911,4.37
19/05/25 20:40,M010,Finished Material,Packaging,135.53,0.00,107.61,981,1.54
19/05/25 20:45,M008,Finished Material,Packaging,177.74,0.00,118.42,242,4.77
19/05/25 20:50,M002,Raw Material,Aluminum,116.19,0.00,118.06,695,2.12
19/05/25 20:55,M008,Intermediate Material,Sheet Metal,63.15,0.00,152.76,310,1.19
19/05/25 21:00,M002,Raw Material,Cotton,74.3,0.00,108.89,936,2.16
19/05/25 21:05,M006,Hazardous Material,Solvent,151,0.00,83.16,340,4.07
19/05/25 21:10,M009,Raw Material,Steel,86.52,0.00,130.1,660,4.76
19/05/25 21:15,M002,Finished Material,Circuit Board,187.65,0.00,95.48,612,0.77
19/05/25 21:20,M002,Finished Material,Machine Component,53.56,0.00,90.47,146,0.67
19/05/25 21:25,M005,Recycled Material,Scrap Steel,113.69,27.51,143.96,756,3.96
19/05/25 21:30,M004,Intermediate Material,Sheet Metal,92.23,0.00,152.79,589,4.31
19/05/25 21:35,M001,Intermediate Material,Textiles,69.25,0.00,82.47,292,3.22
19/05/25 21:40,M008,Process Additive,Industrial Oil,158.64,0.00,116.81,232,0.52
19/05/25 21:45,M007,Process Additive,Industrial Oil,180.62,0.00,176.57,401,4.22
19/05/25 21:50,M001,Raw Material,Steel,144.35,0.00,93.26,224,1.17
19/05/25 21:55,M006,Process Additive,Catalyst,118.28,0.00,116.42,148,3.60
19/05/25 22:00,M003,Finished Material,Packaging,69.19,0.00,107.84,465,2.12
19/05/25 22:05,M008,Intermediate Material,Textiles,62.76,0.00,125.33,899,0.38
19/05/25 22:10,M009,Hazardous Material,Solvent,157.3,0.00,188.75,942,2.27
19/05/25 22:15,M007,Recycled Material,Reprocessed Plastics,187.67,43.24,106.13,591,2.32
19/05/25 22:20,M002,Intermediate Material,Sheet Metal,140.97,0.00,90.08,687,1.12
19/05/25 22:25,M008,Finished Material,Packaging,169.98,0.00,85.01,618,2.38
19/05/25 22:30,M001,Process Additive,Coolant,67.54,0.00,110.35,449,3.70
19/05/25 22:35,M007,Hazardous Material,Lead-Based Alloy,146.78,0.00,174.84,948,3.62
19/05/25 22:40,M005,Raw Material,Steel,124.79,0.00,196.94,773,2.01
19/05/25 22:45,M005,Finished Material,Packaging,56.01,0.00,155.17,914,0.53
19/05/25 22:50,M008,Process Additive,Catalyst,99.72,0.00,103.12,682,0.53
19/05/25 22:55,M009,Finished Material,Machine Component,85.76,0.00,126.96,243,0.16
19/05/25 23:00,M005,Process Additive,Catalyst,78.68,0.00,108.26,287,2.24
19/05/25 23:05,M010,Process Additive,Coolant,54.66,0.00,129.27,628,1.57
19/05/25 23:10,M007,Recycled Material,Scrap Steel,71.04,2.73,136.19,750,0.37
19/05/25 23:15,M006,Intermediate Material,Plastic Resin,133.84,0.00,113.49,156,3.43
19/05/25 23:20,M006,Process Additive,Catalyst,147.33,0.00,166.28,873,1.10
19/05/25 23:25,M006,Process Additive,Coolant,190.55,0.00,181.93,560,3.79
19/05/25 23:30,M009,Finished Material,Packaging,151.63,0.00,134.72,815,4.84
19/05/25 23:35,M009,Hazardous Material,Lead-Based Alloy,146.65,0.00,187.7,238,4.87
19/05/25 23:40,M002,Raw Material,Steel,118.33,0.00,96.78,782,0.05
19/05/25 23:45,M005,Raw Material,Polypropylene,124.17,0.00,196.39,227,3.91
19/05/25 23:50,M005,Recycled Material,Scrap Steel,153.21,18.35,139.01,809,0.08
19/05/25 23:55,M005,Raw Material,Steel,192.88,0.00,198.27,665,2.14
20/05/25 0:00,M008,Raw Material,Cotton,88.57,0.00,112.81,543,0.63
20/05/25 0:05,M005,Process Additive,Coolant,58.89,0.00,111.05,661,2.07
20/05/25 0:10,M002,Raw Material,Steel,196.95,0.00,140.25,577,3.89
20/05/25 0:15,M004,Intermediate Material,Sheet Metal,98.94,0.00,173.19,809,1.43
20/05/25 0:20,M005,Intermediate Material,Sheet Metal,119.54,0.00,96.15,960,1.88
20/05/25 0:25,M007,Hazardous Material,Solvent,148.59,0.00,110.76,930,4.05
20/05/25 0:30,M001,Intermediate Material,Textiles,166.37,0.00,111.29,333,2.57
20/05/25 0:35,M002,Recycled Material,Reprocessed Plastics,143.65,43.92,140.03,704,2.87
20/05/25 0:40,M005,Recycled Material,Scrap Steel,92.54,1.12,182.61,224,0.53
20/05/25 0:45,M004,Raw Material,Steel,126.75,0.00,172.14,395,1.23
20/05/25 0:50,M004,Raw Material,Polypropylene,188.35,0.00,162.72,935,1.86
20/05/25 0:55,M009,Raw Material,Aluminum,119.56,0.00,151.36,936,2.37
20/05/25 1:00,M001,Intermediate Material,Plastic Resin,86.3,0.00,171.07,377,0.99
20/05/25 1:05,M003,Process Additive,Coolant,170.91,0.00,136.28,129,4.86
20/05/25 1:10,M006,Intermediate Material,Plastic Resin,70.71,0.00,90.97,764,3.36
20/05/25 1:15,M004,Raw Material,Steel,173.24,0.00,110.94,752,0.33
20/05/25 1:20,M010,Raw Material,Aluminum,54.17,0.00,81.39,204,1.24
20/05/25 1:25,M007,Finished Material,Packaging,80.59,0.00,174.09,469,4.36
20/05/25 1:30,M003,Raw Material,Polypropylene,89.72,0.00,157.61,534,3.92
20/05/25 1:35,M008,Finished Material,Circuit Board,162.24,0.00,123.86,304,2.80
20/05/25 1:40,M003,Process Additive,Coolant,67.99,0.00,179.9,211,4.82
20/05/25 1:45,M006,Finished Material,Packaging,135.63,0.00,153.33,376,3.67
20/05/25 1:50,M007,Finished Material,Circuit Board,130.09,0.00,182.12,437,1.57
20/05/25 1:55,M008,Process Additive,Catalyst,195.68,0.00,128.18,230,3.60
20/05/25 2:00,M010,Process Additive,Industrial Oil,130.08,0.00,112.37,726,2.90
20/05/25 2:05,M005,Raw Material,Aluminum,169.86,0.00,96.03,455,2.78
20/05/25 2:10,M010,Intermediate Material,Plastic Resin,126.68,0.00,163.24,785,3.68
20/05/25 2:15,M006,Finished Material,Circuit Board,126.2,0.00,83.63,128,4.63
20/05/25 2:20,M008,Process Additive,Industrial Oil,180.93,0.00,165.93,620,0.44
20/05/25 2:25,M008,Intermediate Material,Plastic Resin,88.89,0.00,174.79,401,4.56
20/05/25 2:30,M006,Intermediate Material,Plastic Resin,155.56,0.00,136.8,600,2.41
20/05/25 2:35,M005,Process Additive,Catalyst,108.58,0.00,175.32,351,0.17
20/05/25 2:40,M007,Process Additive,Industrial Oil,57.32,0.00,81.05,681,2.66
20/05/25 2:45,M009,Intermediate Material,Plastic Resin,94.65,0.00,132.13,859,3.36
20/05/25 2:50,M006,Process Additive,Industrial Oil,124.53,0.00,151.24,904,4.43
20/05/25 2:55,M009,Process Additive,Catalyst,179.8,0.00,158.39,488,0.10
20/05/25 3:00,M002,Intermediate Material,Sheet Metal,53.32,0.00,181.57,124,2.34
20/05/25 3:05,M006,Process Additive,Coolant,159.67,0.00,152.37,144,0.46
20/05/25 3:10,M007,Raw Material,Aluminum,71.2,0.00,155.87,358,2.34
20/05/25 3:15,M008,Hazardous Material,Lead-Based Alloy,109.57,0.00,96.33,784,4.69
20/05/25 3:20,M002,Finished Material,Machine Component,94.5,0.00,94.93,503,3.87
20/05/25 3:25,M004,Intermediate Material,Plastic Resin,58.81,0.00,179.03,867,3.40
20/05/25 3:30,M010,Process Additive,Industrial Oil,151.1,0.00,151.7,643,1.29
20/05/25 3:35,M005,Intermediate Material,Plastic Resin,133.52,0.00,122.9,802,4.62
20/05/25 3:40,M007,Raw Material,Cotton,138.73,0.00,111.75,524,3.63
20/05/25 3:45,M006,Process Additive,Catalyst,154.8,0.00,187.5,828,3.12
20/05/25 3:50,M008,Finished Material,Packaging,181.38,0.00,100.8,842,0.97
20/05/25 3:55,M002,Recycled Material,Reprocessed Plastics,152.16,43.16,176.12,549,3.65
20/05/25 4:00,M009,Intermediate Material,Sheet Metal,177.5,0.00,191.81,386,4.51
20/05/25 4:05,M003,Intermediate Material,Textiles,194.75,0.00,127.3,781,4.57
20/05/25 4:10,M008,Recycled Material,Scrap Steel,119.25,45.91,112.47,131,3.83
20/05/25 4:15,M005,Raw Material,Polypropylene,159.26,0.00,126.73,779,1.83
20/05/25 4:20,M002,Intermediate Material,Textiles,106.67,0.00,140.56,225,4.82
20/05/25 4:25,M006,Raw Material,Aluminum,156.1,0.00,176.56,644,3.59
20/05/25 4:30,M003,Raw Material,Cotton,166.24,0.00,115.03,751,1.69
20/05/25 4:35,M006,Intermediate Material,Textiles,196.6,0.00,193.68,552,3.90
20/05/25 4:40,M007,Recycled Material,Reprocessed Plastics,169.19,9.13,154.99,425,3.50
20/05/25 4:45,M004,Intermediate Material,Textiles,199.22,0.00,134.82,848,3.94
20/05/25 4:50,M008,Hazardous Material,Lead-Based Alloy,141.19,0.00,172.37,692,0.94
20/05/25 4:55,M006,Raw Material,Steel,51.79,0.00,125.52,601,2.21
20/05/25 5:00,M003,Raw Material,Polypropylene,79.06,0.00,155.36,357,4.77
20/05/25 5:05,M009,Recycled Material,Reprocessed Plastics,195.69,46.32,121.19,995,2.48
20/05/25 5:10,M006,Process Additive,Coolant,87.29,0.00,196.35,464,0.91
20/05/25 5:15,M009,Hazardous Material,Lead-Based Alloy,59.82,0.00,134.38,131,3.33
20/05/25 5:20,M010,Process Additive,Industrial Oil,121.45,0.00,105.15,338,2.34
20/05/25 5:25,M004,Raw Material,Aluminum,141.85,0.00,198.67,381,4.71
20/05/25 5:30,M005,Hazardous Material,Solvent,57.75,0.00,197.44,263,3.42
20/05/25 5:35,M008,Finished Material,Machine Component,140.98,0.00,179.53,813,0.13
20/05/25 5:40,M003,Recycled Material,Scrap Steel,50.04,2.94,98.09,128,2.80
20/05/25 5:45,M008,Raw Material,Aluminum,191.57,0.00,94.55,698,4.23
20/05/25 5:50,M005,Process Additive,Industrial Oil,86.8,0.00,199.52,816,1.62
20/05/25 5:55,M007,Raw Material,Aluminum,85.19,0.00,89.05,435,4.05
20/05/25 6:00,M010,Hazardous Material,Solvent,191.91,0.00,93.8,469,2.23
20/05/25 6:05,M010,Raw Material,Aluminum,75.1,0.00,81.65,664,2.63
20/05/25 6:10,M001,Recycled Material,Scrap Steel,182.9,14.15,88.04,444,0.06
20/05/25 6:15,M005,Raw Material,Aluminum,189.91,0.00,85.65,625,3.13
20/05/25 6:20,M007,Recycled Material,Reprocessed Plastics,127.35,39.07,118.95,799,2.71
20/05/25 6:25,M001,Hazardous Material,Solvent,136.26,0.00,91.64,443,0.22
20/05/25 6:30,M010,Recycled Material,Scrap Steel,185.19,19.54,154.64,793,1.97
20/05/25 6:35,M008,Intermediate Material,Textiles,114.39,0.00,120.69,653,4.56
20/05/25 6:40,M005,Finished Material,Circuit Board,55.9,0.00,175.19,331,3.26
20/05/25 6:45,M005,Finished Material,Machine Component,187,0.00,161.84,805,1.30
20/05/25 6:50,M007,Intermediate Material,Sheet Metal,123.05,0.00,126.33,778,0.97
20/05/25 6:55,M005,Hazardous Material,Lead-Based Alloy,178.75,0.00,188.51,209,2.13
20/05/25 7:00,M007,Recycled Material,Reprocessed Plastics,195.3,22.08,187.33,673,3.36
20/05/25 7:05,M007,Hazardous Material,Solvent,129.93,0.00,133.58,735,0.38
20/05/25 7:10,M002,Raw Material,Cotton,146.84,0.00,192.47,568,3.21
20/05/25 7:15,M007,Process Additive,Industrial Oil,125.6,0.00,154.98,768,2.90
20/05/25 7:20,M009,Hazardous Material,Solvent,82.49,0.00,136.73,174,4.84
20/05/25 7:25,M005,Hazardous Material,Lead-Based Alloy,181.82,0.00,93.14,858,1.33
20/05/25 7:30,M010,Hazardous Material,Lead-Based Alloy,188.95,0.00,111.04,352,4.93
20/05/25 7:35,M008,Hazardous Material,Lead-Based Alloy,90.56,0.00,80.33,140,2.41
20/05/25 7:40,M010,Intermediate Material,Plastic Resin,101.68,0.00,176.22,958,2.24
20/05/25 7:45,M007,Hazardous Material,Lead-Based Alloy,197.86,0.00,187.99,703,0.70
20/05/25 7:50,M001,Intermediate Material,Textiles,195.35,0.00,167.03,580,4.76
20/05/25 7:55,M006,Recycled Material,Scrap Steel,71.15,19.47,138.05,289,4.95
20/05/25 8:00,M003,Intermediate Material,Sheet Metal,54.03,0.00,173.65,568,3.30
20/05/25 8:05,M010,Process Additive,Catalyst,67.27,0.00,108.1,822,1.52
20/05/25 8:10,M006,Recycled Material,Reprocessed Plastics,52.96,29.02,174.14,974,0.00
20/05/25 8:15,M006,Recycled Material,Scrap Steel,111.09,30.29,163.73,310,0.15
20/05/25 8:20,M005,Raw Material,Aluminum,173.27,0.00,128.68,769,0.95
20/05/25 8:25,M010,Hazardous Material,Solvent,115.05,0.00,192.35,373,3.08
20/05/25 8:30,M010,Recycled Material,Reprocessed Plastics,172.46,1.38,139.8,144,2.13
20/05/25 8:35,M001,Recycled Material,Reprocessed Plastics,190.8,4.97,113.36,345,1.24
20/05/25 8:40,M008,Raw Material,Steel,167.59,0.00,167.99,181,3.65
20/05/25 8:45,M008,Process Additive,Coolant,79.55,0.00,147.18,184,3.30
20/05/25 8:50,M007,Intermediate Material,Textiles,186.56,0.00,135.01,290,4.37
20/05/25 8:55,M006,Recycled Material,Reprocessed Plastics,170,41.62,168.69,361,4.86
20/05/25 9:00,M009,Recycled Material,Reprocessed Plastics,68.29,7.46,171.24,841,2.50
20/05/25 9:05,M002,Process Additive,Industrial Oil,123.35,0.00,123.39,339,3.14
20/05/25 9:10,M005,Raw Material,Cotton,75.97,0.00,104.87,364,3.43
20/05/25 9:15,M003,Raw Material,Aluminum,70.45,0.00,165.65,690,4.35
20/05/25 9:20,M009,Intermediate Material,Sheet Metal,97.11,0.00,174.26,114,2.31
20/05/25 9:25,M002,Intermediate Material,Sheet Metal,149.27,0.00,80.81,835,1.37
20/05/25 9:30,M009,Process Additive,Coolant,112.99,0.00,190.84,594,0.36
20/05/25 9:35,M005,Raw Material,Cotton,147.49,0.00,125.58,107,1.48
20/05/25 9:40,M007,Hazardous Material,Lead-Based Alloy,136.51,0.00,187.03,511,3.43
20/05/25 9:45,M005,Process Additive,Coolant,147.94,0.00,138.99,905,4.10
20/05/25 9:50,M008,Recycled Material,Reprocessed Plastics,172.46,35.98,126.18,981,1.26
20/05/25 9:55,M007,Raw Material,Polypropylene,68.86,0.00,140.02,855,4.64
20/05/25 10:00,M003,Hazardous Material,Solvent,96.63,0.00,185.66,289,0.35
20/05/25 10:05,M006,Raw Material,Polypropylene,135.98,0.00,144.47,606,2.65
20/05/25 10:10,M010,Hazardous Material,Solvent,199.41,0.00,136.16,406,3.70
20/05/25 10:15,M003,Intermediate Material,Sheet Metal,114.67,0.00,162.43,667,1.81
20/05/25 10:20,M001,Recycled Material,Scrap Steel,139.24,26.81,174.04,337,3.23
20/05/25 10:25,M007,Finished Material,Machine Component,55.21,0.00,125.59,590,0.70
20/05/25 10:30,M007,Recycled Material,Scrap Steel,137.62,12.29,176.01,189,1.28
20/05/25 10:35,M001,Intermediate Material,Sheet Metal,131.6,0.00,102.79,680,4.10
20/05/25 10:40,M004,Intermediate Material,Sheet Metal,184.53,0.00,93.02,214,4.00
20/05/25 10:45,M009,Process Additive,Catalyst,53.22,0.00,122.44,613,2.66
20/05/25 10:50,M006,Hazardous Material,Solvent,97.97,0.00,96.01,396,1.78
20/05/25 10:55,M010,Recycled Material,Scrap Steel,101.54,13.82,129.45,568,4.68
20/05/25 11:00,M006,Recycled Material,Scrap Steel,97.61,46.87,194.92,1000,2.73
20/05/25 11:05,M009,Recycled Material,Scrap Steel,148.51,16.41,196.27,534,4.57
20/05/25 11:10,M007,Intermediate Material,Textiles,198.05,0.00,176.95,655,3.56
20/05/25 11:15,M010,Process Additive,Catalyst,182.78,0.00,144.46,780,1.25
20/05/25 11:20,M008,Finished Material,Packaging,188.51,0.00,119.24,798,1.94
20/05/25 11:25,M001,Finished Material,Circuit Board,140,0.00,170,213,3.87
20/05/25 11:30,M007,Intermediate Material,Plastic Resin,179.11,0.00,192.11,413,3.17
20/05/25 11:35,M007,Finished Material,Circuit Board,138.79,0.00,127.2,800,4.68
20/05/25 11:40,M005,Intermediate Material,Plastic Resin,128.78,0.00,123.43,219,2.43
20/05/25 11:45,M010,Recycled Material,Scrap Steel,115.12,28.23,180.61,149,0.45
20/05/25 11:50,M001,Intermediate Material,Textiles,198.21,0.00,178.01,606,4.07
20/05/25 11:55,M010,Raw Material,Polypropylene,178.41,0.00,168.94,984,0.64
20/05/25 12:00,M001,Intermediate Material,Textiles,193.27,0.00,134.5,203,4.58
20/05/25 12:05,M002,Process Additive,Catalyst,61.28,0.00,84.98,380,4.50
20/05/25 12:10,M007,Intermediate Material,Plastic Resin,172.33,0.00,166.78,527,3.44
20/05/25 12:15,M003,Raw Material,Steel,108.6,0.00,131,322,3.16
20/05/25 12:20,M004,Hazardous Material,Lead-Based Alloy,197.81,0.00,122.34,634,0.78
20/05/25 12:25,M004,Finished Material,Circuit Board,107.49,0.00,118.76,789,2.69
20/05/25 12:30,M005,Raw Material,Aluminum,58.05,0.00,139.34,420,4.72
20/05/25 12:35,M010,Hazardous Material,Solvent,59.83,0.00,112.84,263,0.31
20/05/25 12:40,M005,Hazardous Material,Solvent,78.44,0.00,193.77,150,2.44
20/05/25 12:45,M006,Raw Material,Aluminum,160.63,0.00,109.61,288,2.58
20/05/25 12:50,M010,Finished Material,Packaging,141.22,0.00,135.88,243,1.32
20/05/25 12:55,M001,Process Additive,Industrial Oil,62.91,0.00,188.88,112,2.34
20/05/25 13:00,M002,Finished Material,Packaging,76.08,0.00,161.32,819,3.45
20/05/25 13:05,M003,Recycled Material,Reprocessed Plastics,144.44,11.03,132.34,451,1.29
20/05/25 13:10,M007,Raw Material,Cotton,69.09,0.00,122.84,330,1.69
20/05/25 13:15,M005,Hazardous Material,Lead-Based Alloy,93.22,0.00,192.51,284,4.55
20/05/25 13:20,M007,Recycled Material,Scrap Steel,100.94,34.17,149.61,917,3.86
20/05/25 13:25,M003,Hazardous Material,Solvent,76.88,0.00,164.94,952,0.69
20/05/25 13:30,M002,Process Additive,Industrial Oil,190.06,0.00,91.79,360,4.15
20/05/25 13:35,M004,Finished Material,Circuit Board,135.41,0.00,132.4,583,3.09
20/05/25 13:40,M009,Hazardous Material,Solvent,125.64,0.00,187,931,2.23
20/05/25 13:45,M004,Intermediate Material,Textiles,182.68,0.00,147.8,951,0.66
20/05/25 13:50,M010,Raw Material,Aluminum,117.49,0.00,93.43,714,0.55
20/05/25 13:55,M008,Process Additive,Catalyst,86.36,0.00,163.62,471,1.58
20/05/25 14:00,M002,Process Additive,Industrial Oil,62.64,0.00,168.73,531,4.70
20/05/25 14:05,M003,Intermediate Material,Sheet Metal,174.98,0.00,164.74,976,3.27
20/05/25 14:10,M006,Hazardous Material,Lead-Based Alloy,56.88,0.00,166.06,954,1.26
20/05/25 14:15,M007,Process Additive,Industrial Oil,108.84,0.00,114.81,315,4.12
20/05/25 14:20,M010,Recycled Material,Scrap Steel,87.93,7.82,171.22,824,0.04
20/05/25 14:25,M001,Recycled Material,Scrap Steel,74.77,44.46,132.97,835,2.50
20/05/25 14:30,M006,Intermediate Material,Plastic Resin,126.29,0.00,181.66,619,4.51
20/05/25 14:35,M008,Hazardous Material,Solvent,150.3,0.00,92.77,716,4.58
20/05/25 14:40,M004,Hazardous Material,Solvent,82.71,0.00,81.71,702,0.22
20/05/25 14:45,M001,Finished Material,Machine Component,81.76,0.00,197.06,450,2.57
20/05/25 14:50,M007,Finished Material,Machine Component,189.77,0.00,186.17,390,2.01
20/05/25 14:55,M009,Recycled Material,Scrap Steel,121.92,27.64,117.09,573,3.27
20/05/25 15:00,M004,Process Additive,Coolant,170.51,0.00,156.53,325,0.92
20/05/25 15:05,M005,Recycled Material,Reprocessed Plastics,147.28,48.61,160.42,976,4.32
20/05/25 15:10,M005,Raw Material,Polypropylene,94.5,0.00,129.3,305,1.66
20/05/25 15:15,M008,Process Additive,Coolant,80.6,0.00,196.74,874,0.34
20/05/25 15:20,M009,Process Additive,Industrial Oil,168.14,0.00,181.18,611,1.98
20/05/25 15:25,M007,Process Additive,Catalyst,172.55,0.00,123.31,693,2.04
20/05/25 15:30,M007,Raw Material,Steel,167.85,0.00,156.87,887,4.59
20/05/25 15:35,M004,Finished Material,Circuit Board,117.16,0.00,117.77,286,2.85
20/05/25 15:40,M007,Finished Material,Machine Component,127.38,0.00,156.49,190,0.04
20/05/25 15:45,M003,Intermediate Material,Sheet Metal,98.91,0.00,167.88,446,1.77
20/05/25 15:50,M010,Finished Material,Machine Component,175.88,0.00,103.76,756,0.65
20/05/25 15:55,M008,Recycled Material,Reprocessed Plastics,56.76,3.50,97.27,539,1.53
20/05/25 16:00,M001,Intermediate Material,Textiles,176.94,0.00,85.55,179,1.10
20/05/25 16:05,M008,Intermediate Material,Sheet Metal,138.55,0.00,97.13,116,3.10
20/05/25 16:10,M004,Process Additive,Catalyst,163.58,0.00,117.37,787,0.95
20/05/25 16:15,M003,Intermediate Material,Textiles,145.69,0.00,83.95,833,4.95
20/05/25 16:20,M005,Hazardous Material,Solvent,184.67,0.00,146.84,126,2.30
20/05/25 16:25,M007,Finished Material,Packaging,150.14,0.00,177.2,302,3.02
20/05/25 16:30,M009,Recycled Material,Scrap Steel,148.88,32.81,170.18,512,2.29
20/05/25 16:35,M010,Raw Material,Steel,192.63,0.00,132.6,259,1.55
20/05/25 16:40,M007,Recycled Material,Reprocessed Plastics,106.59,15.43,147.44,541,4.65
20/05/25 16:45,M001,Finished Material,Packaging,145.07,0.00,105.24,518,2.53
20/05/25 16:50,M006,Finished Material,Circuit Board,129.41,0.00,120.25,285,1.67
20/05/25 16:55,M007,Intermediate Material,Textiles,121.51,0.00,102.12,489,2.83
20/05/25 17:00,M003,Intermediate Material,Sheet Metal,99.11,0.00,168.13,262,2.44
20/05/25 17:05,M005,Finished Material,Machine Component,188.27,0.00,178.4,720,3.56
20/05/25 17:10,M008,Raw Material,Polypropylene,120.13,0.00,103.09,788,3.40
20/05/25 17:15,M005,Finished Material,Machine Component,181.29,0.00,197.38,526,1.99
20/05/25 17:20,M001,Process Additive,Industrial Oil,190.6,0.00,115.79,846,3.72
20/05/25 17:25,M002,Hazardous Material,Lead-Based Alloy,197.05,0.00,184.41,505,0.84
20/05/25 17:30,M009,Recycled Material,Reprocessed Plastics,191.4,30.80,100.33,356,3.02
20/05/25 17:35,M005,Raw Material,Aluminum,152.03,0.00,175.56,765,3.38
20/05/25 17:40,M010,Process Additive,Industrial Oil,128.02,0.00,131.27,824,1.62
20/05/25 17:45,M002,Intermediate Material,Textiles,94.95,0.00,85.65,674,4.88
20/05/25 17:50,M004,Finished Material,Packaging,85.3,0.00,92.18,353,2.72
20/05/25 17:55,M002,Recycled Material,Scrap Steel,90.18,21.04,88.17,238,3.23
20/05/25 18:00,M004,Recycled Material,Reprocessed Plastics,140.37,39.25,155.8,724,2.76
20/05/25 18:05,M001,Raw Material,Aluminum,73.99,0.00,175.98,178,1.93
20/05/25 18:10,M002,Hazardous Material,Solvent,77.06,0.00,80.71,256,1.20
20/05/25 18:15,M002,Process Additive,Industrial Oil,82.44,0.00,191.38,348,4.07
20/05/25 18:20,M007,Finished Material,Packaging,82.53,0.00,87.99,886,0.02
20/05/25 18:25,M009,Intermediate Material,Sheet Metal,75.19,0.00,85.46,350,0.61
20/05/25 18:30,M010,Recycled Material,Reprocessed Plastics,78.09,41.69,101.95,456,3.02
20/05/25 18:35,M004,Raw Material,Cotton,122.89,0.00,118.42,689,3.49
20/05/25 18:40,M001,Raw Material,Steel,153.54,0.00,158.74,754,4.99
20/05/25 18:45,M002,Recycled Material,Reprocessed Plastics,180.32,42.14,186.03,940,3.79
20/05/25 18:50,M005,Process Additive,Catalyst,85.77,0.00,198.94,902,4.32
20/05/25 18:55,M008,Raw Material,Polypropylene,186.97,0.00,117.51,836,2.46
20/05/25 19:00,M007,Hazardous Material,Lead-Based Alloy,67.03,0.00,197.16,159,4.49
20/05/25 19:05,M009,Recycled Material,Scrap Steel,70.01,7.03,196.08,133,4.22
20/05/25 19:10,M001,Raw Material,Aluminum,148.52,0.00,167.93,632,0.05
20/05/25 19:15,M009,Finished Material,Circuit Board,92.45,0.00,165.61,756,0.57
20/05/25 19:20,M004,Intermediate Material,Sheet Metal,107.07,0.00,161.75,125,1.87
20/05/25 19:25,M010,Finished Material,Circuit Board,76.69,0.00,163.75,659,1.17
20/05/25 19:30,M006,Intermediate Material,Textiles,117.63,0.00,99.22,251,3.28
20/05/25 19:35,M001,Intermediate Material,Sheet Metal,83.04,0.00,91.85,578,2.82
20/05/25 19:40,M005,Intermediate Material,Textiles,193.19,0.00,169.41,271,4.45
20/05/25 19:45,M008,Finished Material,Circuit Board,65.23,0.00,170.89,510,2.23
20/05/25 19:50,M002,Raw Material,Cotton,198.08,0.00,136.19,949,3.71
20/05/25 19:55,M007,Finished Material,Circuit Board,192.96,0.00,80.85,427,0.48
20/05/25 20:00,M004,Hazardous Material,Solvent,181.2,0.00,170.48,542,2.21
20/05/25 20:05,M001,Intermediate Material,Sheet Metal,56.12,0.00,148.8,185,2.42
20/05/25 20:10,M006,Intermediate Material,Textiles,178.57,0.00,113.95,789,0.06
20/05/25 20:15,M004,Raw Material,Polypropylene,166.9,0.00,87.28,450,0.14
20/05/25 20:20,M006,Process Additive,Industrial Oil,129.14,0.00,140.22,267,2.74
20/05/25 20:25,M007,Recycled Material,Reprocessed Plastics,59.34,39.08,140.5,546,2.26
20/05/25 20:30,M008,Raw Material,Steel,133.87,0.00,167.13,124,3.25
20/05/25 20:35,M007,Process Additive,Catalyst,94.12,0.00,84.84,622,1.16
20/05/25 20:40,M006,Finished Material,Circuit Board,62.63,0.00,188.33,552,0.83
20/05/25 20:45,M010,Recycled Material,Scrap Steel,189.48,6.88,102.49,126,0.59
20/05/25 20:50,M009,Intermediate Material,Sheet Metal,51.63,0.00,92.95,869,0.79
20/05/25 20:55,M004,Process Additive,Industrial Oil,114.08,0.00,103.45,492,2.67
20/05/25 21:00,M002,Hazardous Material,Lead-Based Alloy,104.58,0.00,101.45,142,2.01
20/05/25 21:05,M002,Raw Material,Cotton,145.71,0.00,179.83,976,4.75
20/05/25 21:10,M002,Finished Material,Circuit Board,119.13,0.00,160.2,378,2.70
20/05/25 21:15,M008,Hazardous Material,Solvent,186.85,0.00,146.74,299,3.15
20/05/25 21:20,M002,Intermediate Material,Plastic Resin,174.42,0.00,133.74,776,3.02
20/05/25 21:25,M005,Finished Material,Machine Component,131.45,0.00,89.63,352,2.71
20/05/25 21:30,M009,Raw Material,Steel,187.09,0.00,91.98,871,4.74
20/05/25 21:35,M005,Process Additive,Catalyst,111.03,0.00,175.49,511,2.32
20/05/25 21:40,M007,Raw Material,Polypropylene,69.39,0.00,147.74,855,0.14
20/05/25 21:45,M008,Raw Material,Aluminum,168.52,0.00,133.98,413,1.66
20/05/25 21:50,M008,Recycled Material,Scrap Steel,69.34,7.63,104.68,104,1.26
20/05/25 21:55,M006,Intermediate Material,Plastic Resin,117.82,0.00,184.88,550,2.30
20/05/25 22:00,M003,Process Additive,Industrial Oil,159.28,0.00,87.12,461,3.18
20/05/25 22:05,M003,Hazardous Material,Solvent,128.62,0.00,146.68,902,1.18
20/05/25 22:10,M009,Recycled Material,Scrap Steel,196.77,47.87,154.33,997,4.75
20/05/25 22:15,M004,Finished Material,Packaging,100.92,0.00,136.71,800,3.14
20/05/25 22:20,M003,Finished Material,Machine Component,54.5,0.00,177.87,348,2.88
20/05/25 22:25,M007,Finished Material,Machine Component,79.32,0.00,152.77,641,1.54
20/05/25 22:30,M007,Process Additive,Catalyst,92.9,0.00,96.24,565,1.24
20/05/25 22:35,M009,Intermediate Material,Plastic Resin,158.43,0.00,127.15,793,1.73
20/05/25 22:40,M004,Hazardous Material,Lead-Based Alloy,132.96,0.00,146.34,777,2.27
20/05/25 22:45,M003,Intermediate Material,Plastic Resin,87.34,0.00,196.8,987,1.13
20/05/25 22:50,M004,Process Additive,Industrial Oil,190.86,0.00,155.69,157,4.26
20/05/25 22:55,M007,Recycled Material,Scrap Steel,86.88,38.98,94,807,4.39
20/05/25 23:00,M002,Process Additive,Coolant,153.46,0.00,110.65,805,4.92
20/05/25 23:05,M003,Recycled Material,Scrap Steel,110.17,39.99,143.38,529,0.91
20/05/25 23:10,M004,Intermediate Material,Plastic Resin,118.91,0.00,114,372,1.82
20/05/25 23:15,M002,Finished Material,Packaging,191.49,0.00,104.41,992,1.45
20/05/25 23:20,M003,Raw Material,Steel,65.79,0.00,120.74,689,1.32
20/05/25 23:25,M010,Process Additive,Coolant,146.23,0.00,100,932,0.41
20/05/25 23:30,M009,Hazardous Material,Solvent,76.94,0.00,155.06,407,1.89
20/05/25 23:35,M009,Raw Material,Polypropylene,61.19,0.00,154.88,225,4.89
20/05/25 23:40,M007,Process Additive,Coolant,146.25,0.00,100.84,357,3.30
20/05/25 23:45,M005,Intermediate Material,Textiles,139.43,0.00,140.13,552,0.87
20/05/25 23:50,M008,Finished Material,Circuit Board,98.48,0.00,158.22,736,3.09
20/05/25 23:55,M008,Process Additive,Catalyst,135.49,0.00,94.19,345,4.27
21/05/25 0:00,M001,Recycled Material,Reprocessed Plastics,171.43,13.05,197.79,766,0.38
21/05/25 0:05,M009,Intermediate Material,Plastic Resin,122.02,0.00,148.26,803,4.49
21/05/25 0:10,M001,Process Additive,Coolant,171.92,0.00,146.92,366,1.62
21/05/25 0:15,M004,Raw Material,Steel,158.63,0.00,91.01,357,2.02
21/05/25 0:20,M005,Intermediate Material,Textiles,121.76,0.00,156.79,945,4.89
21/05/25 0:25,M003,Process Additive,Industrial Oil,161.72,0.00,198.53,750,0.36
21/05/25 0:30,M005,Finished Material,Machine Component,51.99,0.00,130.49,861,2.95
21/05/25 0:35,M002,Finished Material,Circuit Board,106.64,0.00,183.79,741,2.07
21/05/25 0:40,M008,Process Additive,Catalyst,65.37,0.00,177.45,918,4.29
21/05/25 0:45,M002,Hazardous Material,Solvent,139.66,0.00,164.01,137,1.93
21/05/25 0:50,M001,Recycled Material,Scrap Steel,177.43,13.31,90.02,695,0.04
21/05/25 0:55,M002,Intermediate Material,Plastic Resin,50.33,0.00,167.26,295,0.41
21/05/25 1:00,M001,Raw Material,Polypropylene,164.23,0.00,102.47,592,0.83
21/05/25 1:05,M010,Hazardous Material,Solvent,168.38,0.00,195.47,623,4.81
21/05/25 1:10,M003,Raw Material,Aluminum,59.01,0.00,126.93,181,1.32
21/05/25 1:15,M010,Hazardous Material,Solvent,71.15,0.00,84.4,573,3.09
21/05/25 1:20,M007,Hazardous Material,Solvent,125.79,0.00,111.35,133,4.66
21/05/25 1:25,M002,Process Additive,Industrial Oil,91.74,0.00,112.36,363,1.96
21/05/25 1:30,M008,Intermediate Material,Plastic Resin,75.44,0.00,164.67,646,4.59
21/05/25 1:35,M002,Finished Material,Machine Component,136.82,0.00,100.36,821,4.63
21/05/25 1:40,M006,Finished Material,Packaging,156.3,0.00,151.95,567,4.88
21/05/25 1:45,M008,Finished Material,Machine Component,82,0.00,170.42,601,3.51
21/05/25 1:50,M010,Hazardous Material,Lead-Based Alloy,138.96,0.00,83.45,421,2.49
21/05/25 1:55,M010,Recycled Material,Scrap Steel,108.49,21.73,136.29,837,3.13
21/05/25 2:00,M001,Process Additive,Catalyst,82.76,0.00,112.71,788,2.68
21/05/25 2:05,M006,Raw Material,Polypropylene,172.6,0.00,107.59,157,4.88
21/05/25 2:10,M006,Recycled Material,Scrap Steel,181.19,26.54,172.1,747,2.05
21/05/25 2:15,M007,Recycled Material,Scrap Steel,178.19,20.96,122.87,792,2.34
21/05/25 2:20,M007,Raw Material,Cotton,99,0.00,89.83,275,0.44
21/05/25 2:25,M002,Hazardous Material,Solvent,69.43,0.00,99.82,240,1.90
21/05/25 2:30,M005,Raw Material,Steel,181.47,0.00,95.68,384,1.73
21/05/25 2:35,M005,Raw Material,Polypropylene,197.4,0.00,152.79,339,1.61
21/05/25 2:40,M006,Intermediate Material,Plastic Resin,73.62,0.00,113.17,350,2.35
21/05/25 2:45,M008,Finished Material,Packaging,99.63,0.00,178.75,840,4.47
21/05/25 2:50,M006,Process Additive,Coolant,184.41,0.00,138.3,980,1.26
21/05/25 2:55,M006,Finished Material,Packaging,73.21,0.00,89.13,274,4.72
21/05/25 3:00,M009,Process Additive,Coolant,118.69,0.00,151.11,755,0.26
21/05/25 3:05,M008,Process Additive,Industrial Oil,177.82,0.00,182.23,703,3.76
21/05/25 3:10,M003,Hazardous Material,Solvent,134.39,0.00,171.29,538,1.64
21/05/25 3:15,M003,Intermediate Material,Textiles,109.61,0.00,110.58,994,2.92
21/05/25 3:20,M010,Hazardous Material,Lead-Based Alloy,71.33,0.00,178.39,780,2.59
21/05/25 3:25,M005,Raw Material,Cotton,50.14,0.00,147.23,877,0.45
21/05/25 3:30,M010,Finished Material,Circuit Board,191.2,0.00,113.94,524,2.82
21/05/25 3:35,M006,Recycled Material,Reprocessed Plastics,83.21,34.74,120.89,824,4.97
21/05/25 3:40,M010,Recycled Material,Reprocessed Plastics,155.81,16.69,153.8,527,0.35
21/05/25 3:45,M003,Finished Material,Machine Component,162.18,0.00,82.61,160,2.56
21/05/25 3:50,M003,Raw Material,Cotton,168.59,0.00,104.54,517,0.38
21/05/25 3:55,M009,Hazardous Material,Solvent,128.84,0.00,102.66,247,2.61
21/05/25 4:00,M007,Process Additive,Catalyst,183.97,0.00,102.63,323,3.46
21/05/25 4:05,M001,Process Additive,Industrial Oil,156.78,0.00,153.56,592,0.43
21/05/25 4:10,M007,Raw Material,Aluminum,80.35,0.00,179.39,922,3.39
21/05/25 4:15,M001,Hazardous Material,Solvent,93.78,0.00,90.42,765,1.51
21/05/25 4:20,M007,Finished Material,Machine Component,58.13,0.00,101.69,116,3.15
21/05/25 4:25,M004,Raw Material,Aluminum,120.68,0.00,146.4,149,3.66
21/05/25 4:30,M002,Raw Material,Aluminum,189.47,0.00,138.26,840,4.66
21/05/25 4:35,M008,Recycled Material,Reprocessed Plastics,118.24,42.67,121.05,567,1.89
21/05/25 4:40,M006,Process Additive,Coolant,99.62,0.00,186.28,313,1.25
21/05/25 4:45,M009,Raw Material,Polypropylene,170.89,0.00,163.5,306,1.79
21/05/25 4:50,M002,Raw Material,Steel,70.96,0.00,154.91,687,1.58
21/05/25 4:55,M004,Intermediate Material,Sheet Metal,130.6,0.00,167.79,238,0.96
21/05/25 5:00,M004,Intermediate Material,Textiles,191.93,0.00,89.87,473,3.39
21/05/25 5:05,M002,Process Additive,Catalyst,128,0.00,120.36,904,0.14
21/05/25 5:10,M001,Intermediate Material,Plastic Resin,87.56,0.00,131.86,919,3.98
21/05/25 5:15,M001,Recycled Material,Reprocessed Plastics,92.22,5.31,155.87,226,3.73
21/05/25 5:20,M005,Process Additive,Catalyst,121.63,0.00,98.86,530,4.80
21/05/25 5:25,M009,Intermediate Material,Textiles,198.31,0.00,159.31,564,3.49
21/05/25 5:30,M010,Recycled Material,Scrap Steel,58.18,29.16,86.44,680,1.64
21/05/25 5:35,M008,Intermediate Material,Plastic Resin,75.16,0.00,84.03,334,3.70
21/05/25 5:40,M006,Hazardous Material,Lead-Based Alloy,118.09,0.00,172.21,264,1.87
21/05/25 5:45,M003,Hazardous Material,Solvent,129.61,0.00,171.98,717,4.47
21/05/25 5:50,M010,Finished Material,Packaging,138.42,0.00,195.3,950,3.02
21/05/25 5:55,M002,Recycled Material,Reprocessed Plastics,143.74,3.36,164.82,697,1.38
21/05/25 6:00,M007,Finished Material,Machine Component,199.77,0.00,131.91,885,1.61
21/05/25 6:05,M004,Hazardous Material,Lead-Based Alloy,54.53,0.00,88.71,479,0.85
21/05/25 6:10,M003,Finished Material,Packaging,106.35,0.00,144.6,438,1.28
21/05/25 6:15,M001,Raw Material,Cotton,164.31,0.00,151.89,454,3.82
21/05/25 6:20,M002,Finished Material,Machine Component,106.36,0.00,192.67,866,4.67
21/05/25 6:25,M004,Recycled Material,Reprocessed Plastics,71.49,32.08,121.25,145,3.71
21/05/25 6:30,M009,Finished Material,Circuit Board,58.59,0.00,162.94,782,0.38
21/05/25 6:35,M008,Finished Material,Circuit Board,174.3,0.00,139.43,376,3.51
21/05/25 6:40,M007,Raw Material,Aluminum,65.88,0.00,91.73,779,1.49
21/05/25 6:45,M008,Hazardous Material,Lead-Based Alloy,170.28,0.00,169.49,494,4.43
21/05/25 6:50,M006,Recycled Material,Reprocessed Plastics,176.45,24.39,114.63,283,3.59
21/05/25 6:55,M004,Intermediate Material,Textiles,163.17,0.00,138.79,614,1.69
21/05/25 7:00,M002,Process Additive,Catalyst,57.83,0.00,188.87,500,2.61
21/05/25 7:05,M009,Raw Material,Polypropylene,103.79,0.00,136.17,809,1.63
21/05/25 7:10,M007,Finished Material,Machine Component,62.14,0.00,130.56,673,4.93
21/05/25 7:15,M005,Raw Material,Aluminum,113.09,0.00,169.55,497,1.25
21/05/25 7:20,M001,Process Additive,Catalyst,182.39,0.00,117.63,812,2.07
21/05/25 7:25,M002,Intermediate Material,Sheet Metal,138.05,0.00,129.84,292,0.94
21/05/25 7:30,M005,Process Additive,Industrial Oil,126.61,0.00,124.78,721,2.02
21/05/25 7:35,M010,Intermediate Material,Sheet Metal,192.32,0.00,156.95,539,4.52
21/05/25 7:40,M008,Finished Material,Machine Component,133.71,0.00,171.18,998,1.94
21/05/25 7:45,M008,Hazardous Material,Solvent,128.84,0.00,148.53,947,2.54
21/05/25 7:50,M010,Recycled Material,Scrap Steel,62.79,21.24,106.94,455,0.81
21/05/25 7:55,M001,Process Additive,Catalyst,80.73,0.00,148.48,950,4.95
21/05/25 8:00,M003,Process Additive,Catalyst,159.77,0.00,130.63,236,1.18
21/05/25 8:05,M002,Intermediate Material,Plastic Resin,92.24,0.00,150.37,835,3.83
21/05/25 8:10,M002,Recycled Material,Reprocessed Plastics,80.57,5.40,152.71,684,4.13
21/05/25 8:15,M007,Intermediate Material,Plastic Resin,199.43,0.00,158.19,956,2.62
21/05/25 8:20,M006,Intermediate Material,Plastic Resin,50.66,0.00,174.57,277,0.96
21/05/25 8:25,M007,Intermediate Material,Plastic Resin,112.58,0.00,104.73,854,1.76
21/05/25 8:30,M008,Process Additive,Coolant,143.05,0.00,114.72,884,3.04
21/05/25 8:35,M005,Raw Material,Steel,169.89,0.00,185.58,958,4.87
21/05/25 8:40,M001,Intermediate Material,Textiles,73.9,0.00,104.39,323,3.76
21/05/25 8:45,M005,Hazardous Material,Lead-Based Alloy,156.42,0.00,116.55,811,4.93
21/05/25 8:50,M004,Finished Material,Machine Component,69.1,0.00,166.96,905,1.71
21/05/25 8:55,M007,Raw Material,Steel,133.52,0.00,162.86,254,0.06
21/05/25 9:00,M004,Hazardous Material,Lead-Based Alloy,153.01,0.00,131.51,944,3.36
21/05/25 9:05,M010,Process Additive,Catalyst,149.93,0.00,129.57,242,3.31
21/05/25 9:10,M009,Process Additive,Industrial Oil,187.77,0.00,196.13,995,0.32
21/05/25 9:15,M002,Raw Material,Aluminum,125.38,0.00,89.43,596,3.98
21/05/25 9:20,M001,Intermediate Material,Textiles,108.7,0.00,126.19,334,1.96
21/05/25 9:25,M010,Process Additive,Coolant,76.28,0.00,88.84,352,0.79
21/05/25 9:30,M006,Hazardous Material,Solvent,100.44,0.00,103.1,800,2.46
21/05/25 9:35,M001,Finished Material,Circuit Board,150.18,0.00,152.15,131,4.16
21/05/25 9:40,M008,Process Additive,Industrial Oil,101.76,0.00,162.62,782,3.71
21/05/25 9:45,M004,Intermediate Material,Textiles,87.64,0.00,121.15,965,3.45
21/05/25 9:50,M006,Recycled Material,Reprocessed Plastics,174.57,29.10,121.08,932,4.03
21/05/25 9:55,M004,Raw Material,Polypropylene,110.42,0.00,134.57,163,2.28
21/05/25 10:00,M002,Intermediate Material,Textiles,178.72,0.00,127.76,255,1.42
21/05/25 10:05,M010,Process Additive,Catalyst,140.54,0.00,140.06,263,4.00
21/05/25 10:10,M010,Hazardous Material,Lead-Based Alloy,126.15,0.00,187.94,104,4.53
21/05/25 10:15,M002,Process Additive,Industrial Oil,91.48,0.00,136.02,608,2.07
21/05/25 10:20,M010,Raw Material,Aluminum,109.99,0.00,90.19,977,1.76
21/05/25 10:25,M007,Process Additive,Industrial Oil,126.22,0.00,199.41,237,3.52
21/05/25 10:30,M007,Raw Material,Polypropylene,148.48,0.00,165.01,677,3.33
21/05/25 10:35,M001,Intermediate Material,Textiles,95.74,0.00,182.7,694,3.89
21/05/25 10:40,M004,Finished Material,Packaging,172.16,0.00,168.84,427,2.29
21/05/25 10:45,M007,Recycled Material,Scrap Steel,158.27,11.89,145.08,964,2.18
21/05/25 10:50,M006,Raw Material,Steel,156.06,0.00,149.91,192,3.49
21/05/25 10:55,M010,Process Additive,Catalyst,110.04,0.00,133.23,292,0.71
21/05/25 11:00,M004,Hazardous Material,Solvent,193.89,0.00,170.82,874,0.94
21/05/25 11:05,M001,Raw Material,Polypropylene,63.04,0.00,156.45,131,2.08
21/05/25 11:10,M002,Hazardous Material,Solvent,150.7,0.00,129.17,822,2.66
21/05/25 11:15,M009,Raw Material,Cotton,70.37,0.00,160.27,129,4.51
21/05/25 11:20,M004,Finished Material,Packaging,82.2,0.00,192.78,202,4.72
21/05/25 11:25,M003,Raw Material,Cotton,109.4,0.00,137.21,325,2.21
21/05/25 11:30,M001,Intermediate Material,Textiles,116.57,0.00,115.43,356,2.52
21/05/25 11:35,M007,Process Additive,Coolant,122.45,0.00,135.2,203,2.90
21/05/25 11:40,M001,Process Additive,Coolant,148.9,0.00,119.12,924,1.44
21/05/25 11:45,M004,Hazardous Material,Solvent,123.37,0.00,84.08,366,1.96
21/05/25 11:50,M008,Intermediate Material,Textiles,86.6,0.00,127.1,843,2.98
21/05/25 11:55,M010,Finished Material,Machine Component,90.58,0.00,131.08,662,3.27
21/05/25 12:00,M008,Finished Material,Circuit Board,157.8,0.00,86.01,462,2.59
21/05/25 12:05,M009,Recycled Material,Scrap Steel,58.72,8.04,105.48,196,0.68
21/05/25 12:10,M010,Intermediate Material,Plastic Resin,175.87,0.00,130.35,423,1.36
21/05/25 12:15,M008,Hazardous Material,Lead-Based Alloy,152.96,0.00,147.63,628,0.26
21/05/25 12:20,M001,Raw Material,Polypropylene,107.92,0.00,179.84,722,3.94
21/05/25 12:25,M001,Raw Material,Steel,60.55,0.00,149.59,156,4.83
21/05/25 12:30,M001,Recycled Material,Scrap Steel,127.86,46.91,110.92,551,4.59
21/05/25 12:35,M004,Finished Material,Machine Component,159.27,0.00,113.97,964,2.01
21/05/25 12:40,M010,Intermediate Material,Textiles,145.43,0.00,83.89,718,1.38
21/05/25 12:45,M004,Raw Material,Polypropylene,191.95,0.00,125.36,169,2.62
21/05/25 12:50,M003,Raw Material,Aluminum,193.86,0.00,122.02,228,4.66
21/05/25 12:55,M009,Finished Material,Machine Component,148.21,0.00,165.17,467,3.15
21/05/25 13:00,M002,Raw Material,Steel,79.45,0.00,122.4,407,4.30
21/05/25 13:05,M001,Hazardous Material,Solvent,74.91,0.00,149.29,164,4.13
21/05/25 13:10,M006,Hazardous Material,Solvent,143.22,0.00,168.6,703,0.18
21/05/25 13:15,M004,Intermediate Material,Sheet Metal,133.67,0.00,165.17,795,2.09
21/05/25 13:20,M008,Recycled Material,Reprocessed Plastics,55.44,31.64,179.77,961,3.64
21/05/25 13:25,M010,Process Additive,Industrial Oil,184.14,0.00,173.73,951,1.55
21/05/25 13:30,M004,Hazardous Material,Solvent,132.52,0.00,144.05,393,1.45
21/05/25 13:35,M004,Raw Material,Steel,126.58,0.00,128.9,264,3.45
21/05/25 13:40,M010,Finished Material,Circuit Board,145.05,0.00,184.71,938,2.24
21/05/25 13:45,M001,Intermediate Material,Plastic Resin,162.82,0.00,109.08,270,4.39
21/05/25 13:50,M008,Raw Material,Polypropylene,190.01,0.00,147.11,664,1.63
21/05/25 13:55,M004,Intermediate Material,Sheet Metal,61.65,0.00,136.39,524,0.28
21/05/25 14:00,M008,Recycled Material,Reprocessed Plastics,176.33,24.66,151.15,821,3.91
21/05/25 14:05,M009,Hazardous Material,Lead-Based Alloy,164.49,0.00,184.95,160,4.61
21/05/25 14:10,M009,Recycled Material,Reprocessed Plastics,170.57,13.49,122.9,739,3.76
21/05/25 14:15,M003,Intermediate Material,Textiles,175.39,0.00,105.11,113,1.89
21/05/25 14:20,M008,Hazardous Material,Solvent,66.61,0.00,184.63,273,1.33
21/05/25 14:25,M010,Recycled Material,Scrap Steel,106.7,17.08,185.65,165,0.95
21/05/25 14:30,M007,Process Additive,Catalyst,176.23,0.00,137.19,364,3.49
21/05/25 14:35,M002,Finished Material,Packaging,96.38,0.00,107.47,464,3.83
21/05/25 14:40,M006,Recycled Material,Reprocessed Plastics,195.88,14.86,177.31,943,2.59
21/05/25 14:45,M003,Process Additive,Industrial Oil,158.05,0.00,158.56,718,2.87
21/05/25 14:50,M001,Finished Material,Circuit Board,172.46,0.00,123.84,206,3.81
21/05/25 14:55,M002,Raw Material,Polypropylene,160.37,0.00,137.16,355,3.94
21/05/25 15:00,M009,Process Additive,Industrial Oil,97.97,0.00,131.34,853,2.10
21/05/25 15:05,M001,Finished Material,Machine Component,59.04,0.00,129.64,986,4.23
21/05/25 15:10,M009,Raw Material,Aluminum,125.6,0.00,105.14,169,4.30
21/05/25 15:15,M004,Process Additive,Coolant,98.54,0.00,87.26,877,2.42
21/05/25 15:20,M009,Recycled Material,Scrap Steel,87.29,31.28,169.59,452,1.88
21/05/25 15:25,M004,Intermediate Material,Textiles,136.71,0.00,109.31,738,4.86
21/05/25 15:30,M006,Intermediate Material,Plastic Resin,165.4,0.00,134.25,447,0.39
21/05/25 15:35,M006,Finished Material,Machine Component,177.98,0.00,192.63,753,0.67
21/05/25 15:40,M004,Hazardous Material,Lead-Based Alloy,173.58,0.00,104.3,270,4.81
21/05/25 15:45,M003,Recycled Material,Scrap Steel,106.63,33.25,169.69,499,3.86
21/05/25 15:50,M009,Finished Material,Machine Component,137,0.00,135.52,853,1.25
21/05/25 15:55,M007,Finished Material,Circuit Board,192.9,0.00,199.72,747,2.35
21/05/25 16:00,M004,Finished Material,Packaging,101.68,0.00,199.23,580,2.80
21/05/25 16:05,M008,Finished Material,Circuit Board,111.98,0.00,91.52,988,0.95
21/05/25 16:10,M002,Hazardous Material,Lead-Based Alloy,76.83,0.00,148.63,387,0.45
21/05/25 16:15,M003,Finished Material,Circuit Board,70.92,0.00,170.44,100,4.34
21/05/25 16:20,M007,Intermediate Material,Plastic Resin,86.1,0.00,149.57,988,3.66
21/05/25 16:25,M009,Process Additive,Coolant,101.26,0.00,113.38,963,2.70
21/05/25 16:30,M003,Process Additive,Catalyst,184.63,0.00,186.54,344,0.43
21/05/25 16:35,M001,Raw Material,Aluminum,102.07,0.00,106.96,307,4.52
21/05/25 16:40,M003,Hazardous Material,Lead-Based Alloy,114.66,0.00,102.89,783,1.51
21/05/25 16:45,M010,Raw Material,Polypropylene,197.58,0.00,149.55,873,2.73
21/05/25 16:50,M007,Process Additive,Coolant,65.04,0.00,179.4,615,2.92
21/05/25 16:55,M007,Finished Material,Circuit Board,63.86,0.00,97.73,856,3.97
21/05/25 17:00,M001,Hazardous Material,Solvent,75.89,0.00,144.79,649,1.57
21/05/25 17:05,M005,Finished Material,Circuit Board,94.71,0.00,126.39,801,3.40
21/05/25 17:10,M009,Intermediate Material,Sheet Metal,53.04,0.00,100.4,470,2.72
21/05/25 17:15,M003,Hazardous Material,Solvent,109.26,0.00,191.95,780,1.07
21/05/25 17:20,M004,Raw Material,Cotton,80.35,0.00,81.97,667,1.47
21/05/25 17:25,M001,Raw Material,Cotton,73.65,0.00,127.3,255,2.57
21/05/25 17:30,M001,Intermediate Material,Sheet Metal,155.15,0.00,128.63,723,0.25
21/05/25 17:35,M005,Finished Material,Machine Component,92.19,0.00,89.69,192,2.17
21/05/25 17:40,M004,Process Additive,Catalyst,156.1,0.00,183.01,796,0.17
21/05/25 17:45,M002,Raw Material,Steel,108.23,0.00,108.18,484,2.16
21/05/25 17:50,M003,Hazardous Material,Solvent,104.42,0.00,118.18,174,1.45
21/05/25 17:55,M001,Hazardous Material,Solvent,118.06,0.00,189.65,974,4.76
21/05/25 18:00,M003,Intermediate Material,Textiles,102.8,0.00,171.66,206,3.17
21/05/25 18:05,M009,Process Additive,Catalyst,114.05,0.00,84.37,848,4.91
21/05/25 18:10,M007,Finished Material,Circuit Board,160.97,0.00,174.85,287,4.33
21/05/25 18:15,M001,Process Additive,Coolant,138.67,0.00,156.46,552,1.31
21/05/25 18:20,M006,Intermediate Material,Textiles,174.4,0.00,154.91,942,3.60
21/05/25 18:25,M003,Process Additive,Coolant,60.89,0.00,82.87,498,3.13
21/05/25 18:30,M009,Hazardous Material,Solvent,97.92,0.00,136.48,326,4.24
21/05/25 18:35,M003,Raw Material,Cotton,102.37,0.00,184.98,799,1.37
21/05/25 18:40,M004,Hazardous Material,Lead-Based Alloy,101.98,0.00,169.1,967,4.18
21/05/25 18:45,M008,Raw Material,Steel,146.34,0.00,81.84,575,3.78
21/05/25 18:50,M010,Hazardous Material,Solvent,53.6,0.00,109.27,774,0.13
21/05/25 18:55,M006,Finished Material,Packaging,54.56,0.00,131.08,555,0.47
21/05/25 19:00,M009,Process Additive,Industrial Oil,189.51,0.00,158.85,894,0.61
21/05/25 19:05,M002,Process Additive,Coolant,136.24,0.00,118.01,361,3.68
21/05/25 19:10,M002,Intermediate Material,Textiles,187.87,0.00,183.96,811,0.83
21/05/25 19:15,M010,Intermediate Material,Sheet Metal,50.87,0.00,173.96,619,4.79
21/05/25 19:20,M009,Raw Material,Polypropylene,167.92,0.00,101.72,621,2.93
21/05/25 19:25,M006,Intermediate Material,Sheet Metal,176.71,0.00,184.75,660,0.02
21/05/25 19:30,M003,Recycled Material,Reprocessed Plastics,74.94,48.24,182.12,877,0.29
21/05/25 19:35,M004,Finished Material,Circuit Board,91.78,0.00,190.16,164,1.16
21/05/25 19:40,M010,Process Additive,Industrial Oil,58.13,0.00,178.2,804,3.75
21/05/25 19:45,M006,Raw Material,Aluminum,122.95,0.00,152.04,933,0.76
21/05/25 19:50,M004,Hazardous Material,Lead-Based Alloy,125.87,0.00,113.81,148,3.79
21/05/25 19:55,M004,Recycled Material,Reprocessed Plastics,103.22,10.52,150.08,372,0.77
21/05/25 20:00,M009,Process Additive,Catalyst,128.68,0.00,102.93,126,2.61
21/05/25 20:05,M005,Raw Material,Polypropylene,133.49,0.00,158.64,949,0.64
21/05/25 20:10,M001,Hazardous Material,Solvent,171.82,0.00,119.92,158,3.77
21/05/25 20:15,M005,Finished Material,Packaging,178.24,0.00,159.29,442,2.92
21/05/25 20:20,M006,Raw Material,Aluminum,186.7,0.00,135.99,274,0.52
21/05/25 20:25,M010,Raw Material,Cotton,87.97,0.00,110.86,686,3.45
21/05/25 20:30,M010,Raw Material,Steel,120.75,0.00,138.13,357,4.27
21/05/25 20:35,M001,Raw Material,Aluminum,156.5,0.00,122.79,640,3.40
21/05/25 20:40,M009,Finished Material,Machine Component,187.3,0.00,143.59,437,3.37
21/05/25 20:45,M008,Intermediate Material,Plastic Resin,94.07,0.00,113.38,487,2.02
21/05/25 20:50,M001,Recycled Material,Scrap Steel,82.87,18.92,86.97,399,4.26
21/05/25 20:55,M008,Process Additive,Industrial Oil,72.2,0.00,147,656,0.01
21/05/25 21:00,M007,Hazardous Material,Lead-Based Alloy,125.16,0.00,98.46,960,4.29
21/05/25 21:05,M009,Finished Material,Packaging,143.77,0.00,80.57,321,2.90
21/05/25 21:10,M006,Raw Material,Cotton,52.73,0.00,127.51,892,3.54
21/05/25 21:15,M008,Recycled Material,Reprocessed Plastics,69.86,45.90,130.25,396,4.74
21/05/25 21:20,M001,Intermediate Material,Textiles,161.08,0.00,131.28,509,2.35
21/05/25 21:25,M002,Recycled Material,Reprocessed Plastics,72.42,41.71,146.42,354,1.69
21/05/25 21:30,M008,Recycled Material,Reprocessed Plastics,73.51,41.50,193.62,335,3.78
21/05/25 21:35,M004,Raw Material,Aluminum,193.45,0.00,171.54,466,1.20
21/05/25 21:40,M006,Intermediate Material,Textiles,154.73,0.00,181.91,142,2.61
21/05/25 21:45,M009,Process Additive,Industrial Oil,77.13,0.00,176.7,956,2.34
21/05/25 21:50,M004,Process Additive,Catalyst,179.76,0.00,91.16,360,3.10
21/05/25 21:55,M010,Recycled Material,Reprocessed Plastics,118.29,16.45,167.3,306,3.36
21/05/25 22:00,M008,Recycled Material,Scrap Steel,91.32,29.42,153.92,689,4.91
21/05/25 22:05,M008,Hazardous Material,Lead-Based Alloy,140.47,0.00,123.75,910,1.95
21/05/25 22:10,M006,Hazardous Material,Solvent,191.87,0.00,107.96,494,0.47
21/05/25 22:15,M001,Finished Material,Circuit Board,166,0.00,110.1,451,2.35
21/05/25 22:20,M007,Hazardous Material,Lead-Based Alloy,188.38,0.00,142.27,863,0.10
21/05/25 22:25,M002,Finished Material,Packaging,124.54,0.00,186.04,539,3.12
21/05/25 22:30,M005,Intermediate Material,Sheet Metal,121.07,0.00,165.61,265,4.03
21/05/25 22:35,M009,Finished Material,Packaging,118.45,0.00,134.47,169,3.39
21/05/25 22:40,M007,Hazardous Material,Lead-Based Alloy,108.08,0.00,140.76,285,1.16
21/05/25 22:45,M004,Process Additive,Industrial Oil,67.81,0.00,111.64,979,1.66
21/05/25 22:50,M009,Finished Material,Machine Component,117.39,0.00,189.55,248,1.93
21/05/25 22:55,M008,Finished Material,Circuit Board,132.38,0.00,88,247,4.21
21/05/25 23:00,M010,Raw Material,Aluminum,177.42,0.00,170.98,738,3.21
21/05/25 23:05,M009,Hazardous Material,Solvent,186.77,0.00,99.75,691,4.78
21/05/25 23:10,M010,Raw Material,Cotton,53.87,0.00,143.58,202,3.60
21/05/25 23:15,M006,Finished Material,Packaging,166.76,0.00,185.08,297,2.33
21/05/25 23:20,M004,Raw Material,Polypropylene,82.18,0.00,187.9,308,0.62
21/05/25 23:25,M006,Process Additive,Catalyst,110.53,0.00,139.28,604,4.11
21/05/25 23:30,M007,Hazardous Material,Solvent,88.29,0.00,165.2,967,0.48
21/05/25 23:35,M005,Raw Material,Steel,58.87,0.00,168.11,137,3.92
21/05/25 23:40,M006,Recycled Material,Scrap Steel,72.35,38.71,199.38,152,3.63
21/05/25 23:45,M005,Raw Material,Cotton,165.31,0.00,152.87,262,2.92
21/05/25 23:50,M009,Finished Material,Circuit Board,76.47,0.00,147.42,777,4.49
21/05/25 23:55,M005,Intermediate Material,Plastic Resin,188.59,0.00,169.12,364,4.97
22/05/25 0:00,M008,Hazardous Material,Lead-Based Alloy,184.42,0.00,124.98,916,4.26
22/05/25 0:05,M010,Recycled Material,Scrap Steel,171.87,20.39,178.88,429,4.96
22/05/25 0:10,M008,Finished Material,Machine Component,126.31,0.00,180.3,956,2.80
22/05/25 0:15,M004,Finished Material,Machine Component,186.47,0.00,189.23,959,3.50
22/05/25 0:20,M004,Hazardous Material,Lead-Based Alloy,103.19,0.00,165.67,156,3.98
22/05/25 0:25,M008,Recycled Material,Scrap Steel,133.74,9.75,128.16,886,3.18
22/05/25 0:30,M008,Process Additive,Industrial Oil,155.1,0.00,110.86,261,1.75
22/05/25 0:35,M001,Raw Material,Polypropylene,68.14,0.00,188.05,518,3.41
22/05/25 0:40,M008,Recycled Material,Reprocessed Plastics,72.15,38.82,80.07,213,4.95
22/05/25 0:45,M008,Hazardous Material,Solvent,65.39,0.00,131.6,859,4.79
22/05/25 0:50,M001,Recycled Material,Reprocessed Plastics,76.77,34.82,98.87,837,3.04
22/05/25 0:55,M001,Finished Material,Machine Component,81.6,0.00,145.73,203,2.44
22/05/25 1:00,M007,Recycled Material,Reprocessed Plastics,70.32,43.23,181.78,548,0.17
22/05/25 1:05,M006,Process Additive,Industrial Oil,192.61,0.00,127.55,337,2.87
22/05/25 1:10,M006,Hazardous Material,Solvent,199.34,0.00,112.73,594,0.63
22/05/25 1:15,M007,Raw Material,Polypropylene,107.59,0.00,136.09,624,0.79
22/05/25 1:20,M001,Finished Material,Circuit Board,115.38,0.00,82.57,810,4.54
22/05/25 1:25,M006,Finished Material,Packaging,102.64,0.00,159.57,289,1.96
22/05/25 1:30,M002,Intermediate Material,Plastic Resin,54.43,0.00,154.86,582,1.13
22/05/25 1:35,M003,Intermediate Material,Textiles,58.31,0.00,177.67,542,1.92
22/05/25 1:40,M007,Recycled Material,Reprocessed Plastics,92.97,0.21,108.12,750,0.89
22/05/25 1:45,M003,Finished Material,Packaging,67.09,0.00,183.49,678,1.39
22/05/25 1:50,M006,Intermediate Material,Textiles,75,0.00,195.96,863,2.17
22/05/25 1:55,M002,Recycled Material,Scrap Steel,104.85,44.47,108.77,631,0.16
22/05/25 2:00,M006,Recycled Material,Scrap Steel,78.02,11.18,173.09,554,4.29
22/05/25 2:05,M009,Recycled Material,Reprocessed Plastics,103.53,41.61,96.01,212,1.58
22/05/25 2:10,M001,Recycled Material,Scrap Steel,198.94,17.39,123.85,609,0.04
22/05/25 2:15,M003,Hazardous Material,Solvent,55.42,0.00,127.82,604,4.45
22/05/25 2:20,M005,Process Additive,Industrial Oil,69.01,0.00,102.91,789,2.93
22/05/25 2:25,M009,Hazardous Material,Solvent,148.37,0.00,191.93,425,2.81
22/05/25 2:30,M010,Intermediate Material,Plastic Resin,86.98,0.00,131.71,135,1.91
22/05/25 2:35,M003,Process Additive,Catalyst,101.88,0.00,123.94,594,4.00
22/05/25 2:40,M010,Recycled Material,Reprocessed Plastics,61.33,29.25,136.95,633,1.25
22/05/25 2:45,M006,Intermediate Material,Sheet Metal,175.27,0.00,100.72,921,0.99
22/05/25 2:50,M005,Process Additive,Catalyst,146.95,0.00,160.28,739,4.97
22/05/25 2:55,M007,Finished Material,Circuit Board,66.8,0.00,192.55,526,3.82
22/05/25 3:00,M007,Process Additive,Catalyst,106.51,0.00,118.38,816,4.02
22/05/25 3:05,M007,Process Additive,Industrial Oil,72.68,0.00,96.94,967,3.38
22/05/25 3:10,M005,Recycled Material,Scrap Steel,161.22,25.50,197.63,102,0.54
22/05/25 3:15,M009,Finished Material,Circuit Board,75.17,0.00,166.46,174,3.08
22/05/25 3:20,M009,Process Additive,Industrial Oil,166.16,0.00,146.67,1000,4.84
22/05/25 3:25,M005,Intermediate Material,Plastic Resin,165.21,0.00,193.81,667,3.33
22/05/25 3:30,M002,Intermediate Material,Plastic Resin,127.3,0.00,138.5,715,1.25
22/05/25 3:35,M001,Hazardous Material,Lead-Based Alloy,98.54,0.00,145.02,706,3.04
22/05/25 3:40,M001,Process Additive,Catalyst,186.36,0.00,140.94,659,0.60
22/05/25 3:45,M001,Intermediate Material,Sheet Metal,92.39,0.00,180.72,448,4.97
22/05/25 3:50,M009,Finished Material,Circuit Board,154.23,0.00,187.18,447,1.88
22/05/25 3:55,M004,Process Additive,Catalyst,127.73,0.00,178.83,542,4.05
22/05/25 4:00,M010,Hazardous Material,Lead-Based Alloy,145.21,0.00,195.37,896,1.18
22/05/25 4:05,M002,Raw Material,Cotton,155.25,0.00,148.21,528,0.11
22/05/25 4:10,M003,Finished Material,Circuit Board,74.11,0.00,194.72,397,4.53
22/05/25 4:15,M008,Recycled Material,Reprocessed Plastics,71.63,5.74,164.68,841,3.64
22/05/25 4:20,M010,Hazardous Material,Lead-Based Alloy,109.48,0.00,99.04,568,4.09
22/05/25 4:25,M005,Hazardous Material,Solvent,137.72,0.00,162.83,428,2.99
22/05/25 4:30,M003,Recycled Material,Scrap Steel,179.3,7.43,109.36,180,3.62
22/05/25 4:35,M005,Finished Material,Machine Component,105.42,0.00,196.23,462,2.48
22/05/25 4:40,M002,Recycled Material,Reprocessed Plastics,103.16,42.53,190.28,746,0.48
22/05/25 4:45,M001,Process Additive,Catalyst,143.54,0.00,181.92,410,1.18
22/05/25 4:50,M009,Hazardous Material,Solvent,93.61,0.00,92.05,377,1.76
22/05/25 4:55,M009,Recycled Material,Scrap Steel,181.35,35.32,147.62,430,0.95
22/05/25 5:00,M003,Intermediate Material,Sheet Metal,53.45,0.00,199.54,377,4.47
22/05/25 5:05,M009,Recycled Material,Reprocessed Plastics,88.2,45.84,129.59,322,3.35
22/05/25 5:10,M010,Process Additive,Coolant,123.5,0.00,118.47,506,0.59
22/05/25 5:15,M001,Finished Material,Machine Component,178.29,0.00,104.01,351,1.56
22/05/25 5:20,M001,Hazardous Material,Lead-Based Alloy,105.35,0.00,156.02,385,4.20
22/05/25 5:25,M008,Hazardous Material,Solvent,134.69,0.00,191.35,227,2.95
22/05/25 5:30,M001,Recycled Material,Reprocessed Plastics,105.93,30.66,101.33,780,4.58
22/05/25 5:35,M007,Intermediate Material,Plastic Resin,115.34,0.00,99.59,345,2.07
22/05/25 5:40,M004,Raw Material,Aluminum,120.5,0.00,107.68,360,0.61
22/05/25 5:45,M004,Hazardous Material,Solvent,194.79,0.00,156.17,581,4.18
22/05/25 5:50,M001,Intermediate Material,Sheet Metal,184.1,0.00,82.13,981,2.27
22/05/25 5:55,M002,Finished Material,Circuit Board,113.07,0.00,147.68,471,4.34
22/05/25 6:00,M001,Intermediate Material,Textiles,107.99,0.00,171.01,393,1.34
22/05/25 6:05,M004,Process Additive,Catalyst,82.03,0.00,91.46,959,3.21
22/05/25 6:10,M004,Hazardous Material,Lead-Based Alloy,54.6,0.00,106.04,344,3.68
22/05/25 6:15,M002,Hazardous Material,Solvent,175.7,0.00,169.81,579,4.28
22/05/25 6:20,M001,Recycled Material,Reprocessed Plastics,145.96,47.99,110.84,593,3.23
22/05/25 6:25,M003,Raw Material,Steel,61.92,0.00,184.7,402,0.01
22/05/25 6:30,M004,Hazardous Material,Solvent,87.03,0.00,136.19,671,0.87
22/05/25 6:35,M001,Raw Material,Cotton,120.32,0.00,137.08,735,3.76
22/05/25 6:40,M004,Intermediate Material,Textiles,189.86,0.00,97.1,432,1.06
22/05/25 6:45,M004,Hazardous Material,Lead-Based Alloy,70.09,0.00,95.38,882,2.46
22/05/25 6:50,M008,Intermediate Material,Plastic Resin,118.43,0.00,123.45,790,1.70
22/05/25 6:55,M003,Raw Material,Polypropylene,78.01,0.00,91.98,388,2.63
22/05/25 7:00,M007,Raw Material,Aluminum,156.65,0.00,102.75,335,2.91
22/05/25 7:05,M007,Finished Material,Packaging,123.38,0.00,179.86,994,1.49
22/05/25 7:10,M001,Finished Material,Packaging,92.8,0.00,119.75,804,3.13
22/05/25 7:15,M010,Hazardous Material,Lead-Based Alloy,105.28,0.00,140.36,708,1.56
22/05/25 7:20,M008,Raw Material,Cotton,136.43,0.00,194.26,949,1.22
22/05/25 7:25,M010,Intermediate Material,Textiles,101.05,0.00,95.7,754,0.27
22/05/25 7:30,M006,Process Additive,Coolant,62.18,0.00,130.36,781,3.52
22/05/25 7:35,M008,Hazardous Material,Solvent,111.73,0.00,198.46,760,2.26
22/05/25 7:40,M002,Hazardous Material,Solvent,82.29,0.00,129.71,180,4.37
22/05/25 7:45,M010,Process Additive,Catalyst,157.8,0.00,173.63,435,4.89
22/05/25 7:50,M010,Intermediate Material,Textiles,195.85,0.00,93.77,673,1.68
22/05/25 7:55,M008,Intermediate Material,Sheet Metal,192.93,0.00,119.86,745,0.26
22/05/25 8:00,M010,Process Additive,Coolant,82.06,0.00,138.49,532,0.69
22/05/25 8:05,M004,Hazardous Material,Solvent,182.5,0.00,122.37,884,4.80
22/05/25 8:10,M010,Recycled Material,Reprocessed Plastics,135.53,35.40,146.47,746,0.77
22/05/25 8:15,M003,Raw Material,Steel,132.52,0.00,157.38,123,3.94
22/05/25 8:20,M002,Finished Material,Machine Component,76.69,0.00,178.04,783,2.08
22/05/25 8:25,M001,Recycled Material,Scrap Steel,97.96,16.09,118.8,448,0.54
22/05/25 8:30,M010,Raw Material,Cotton,116.8,0.00,155.9,903,3.35
22/05/25 8:35,M001,Finished Material,Packaging,51.19,0.00,165.58,746,4.70
22/05/25 8:40,M009,Finished Material,Machine Component,185.03,0.00,112.75,774,0.87
22/05/25 8:45,M005,Finished Material,Packaging,138.37,0.00,127.29,457,3.52
22/05/25 8:50,M003,Hazardous Material,Solvent,172.42,0.00,103.8,145,4.75
22/05/25 8:55,M006,Raw Material,Cotton,68.64,0.00,135.77,860,1.66
22/05/25 9:00,M003,Finished Material,Circuit Board,179.7,0.00,110.72,877,4.72
22/05/25 9:05,M006,Intermediate Material,Plastic Resin,119.49,0.00,161.06,796,2.42
22/05/25 9:10,M008,Intermediate Material,Plastic Resin,185.48,0.00,174.44,233,1.94
22/05/25 9:15,M006,Hazardous Material,Solvent,98.4,0.00,104.82,171,0.05
22/05/25 9:20,M010,Recycled Material,Scrap Steel,88.51,23.52,137.29,744,4.48
22/05/25 9:25,M003,Hazardous Material,Lead-Based Alloy,193.34,0.00,129.55,776,4.96
22/05/25 9:30,M010,Raw Material,Cotton,176.36,0.00,199.57,502,4.44
22/05/25 9:35,M007,Hazardous Material,Solvent,174.88,0.00,112.75,255,3.97
22/05/25 9:40,M002,Recycled Material,Scrap Steel,162.6,8.51,172.17,477,1.95
22/05/25 9:45,M009,Finished Material,Circuit Board,167.4,0.00,168.24,323,0.77
22/05/25 9:50,M004,Recycled Material,Reprocessed Plastics,157.27,44.18,119.11,556,3.64
22/05/25 9:55,M007,Recycled Material,Scrap Steel,98.03,0.53,196.35,877,0.47
22/05/25 10:00,M001,Finished Material,Machine Component,76.38,0.00,162.63,768,2.98
22/05/25 10:05,M008,Recycled Material,Reprocessed Plastics,192.09,20.76,161.41,173,0.92
22/05/25 10:10,M007,Raw Material,Polypropylene,141.41,0.00,156.68,722,1.02
22/05/25 10:15,M007,Finished Material,Circuit Board,66.1,0.00,148.77,280,4.30
22/05/25 10:20,M008,Process Additive,Coolant,154.71,0.00,110.68,694,4.34
22/05/25 10:25,M001,Hazardous Material,Solvent,59.54,0.00,152.62,444,1.97
22/05/25 10:30,M007,Intermediate Material,Sheet Metal,59.25,0.00,127.26,499,0.73
22/05/25 10:35,M002,Raw Material,Polypropylene,151.82,0.00,126.66,157,2.23
22/05/25 10:40,M008,Finished Material,Packaging,177.03,0.00,86.66,407,4.20
22/05/25 10:45,M009,Raw Material,Steel,80.67,0.00,158.48,883,4.32
22/05/25 10:50,M004,Finished Material,Packaging,121.46,0.00,155.82,786,3.15
22/05/25 10:55,M010,Recycled Material,Reprocessed Plastics,189.65,24.14,155.43,267,3.83
22/05/25 11:00,M010,Process Additive,Catalyst,162.39,0.00,127.11,571,2.34
22/05/25 11:05,M001,Process Additive,Coolant,94.73,0.00,151.13,831,3.85
22/05/25 11:10,M008,Raw Material,Aluminum,154.01,0.00,190.39,493,3.04
22/05/25 11:15,M010,Raw Material,Polypropylene,93.87,0.00,145.89,941,4.70
22/05/25 11:20,M001,Raw Material,Aluminum,136.08,0.00,106.03,812,4.13
22/05/25 11:25,M004,Intermediate Material,Plastic Resin,126.4,0.00,103.4,934,1.31
22/05/25 11:30,M001,Intermediate Material,Sheet Metal,87.46,0.00,170.94,964,2.68
22/05/25 11:35,M002,Process Additive,Coolant,122.3,0.00,163.18,859,3.04
22/05/25 11:40,M002,Hazardous Material,Solvent,75.92,0.00,155.05,483,0.32
22/05/25 11:45,M010,Process Additive,Coolant,162.93,0.00,136.75,782,4.94
22/05/25 11:50,M006,Process Additive,Catalyst,140.01,0.00,98.62,809,1.84
22/05/25 11:55,M003,Finished Material,Packaging,98.47,0.00,138.83,126,4.35
22/05/25 12:00,M007,Intermediate Material,Sheet Metal,167.58,0.00,98.16,251,2.73
22/05/25 12:05,M003,Hazardous Material,Lead-Based Alloy,169.61,0.00,122.82,247,2.72
22/05/25 12:10,M008,Hazardous Material,Solvent,65.58,0.00,167.14,298,1.75
22/05/25 12:15,M010,Finished Material,Machine Component,95.05,0.00,193.19,520,2.63
22/05/25 12:20,M005,Finished Material,Machine Component,89.91,0.00,113.24,468,1.60
22/05/25 12:25,M008,Finished Material,Circuit Board,184.53,0.00,109.45,876,0.05
22/05/25 12:30,M002,Hazardous Material,Solvent,158.9,0.00,85.91,659,0.25
22/05/25 12:35,M009,Recycled Material,Reprocessed Plastics,110.47,15.52,192.27,459,3.75
22/05/25 12:40,M006,Hazardous Material,Lead-Based Alloy,147.58,0.00,118.41,110,0.54
22/05/25 12:45,M009,Finished Material,Packaging,183.45,0.00,178.84,598,2.97
22/05/25 12:50,M005,Process Additive,Coolant,115.29,0.00,150.59,557,2.66
22/05/25 12:55,M009,Recycled Material,Reprocessed Plastics,79.08,19.20,156.08,497,3.81
22/05/25 13:00,M004,Intermediate Material,Sheet Metal,95.05,0.00,133.31,383,3.72
22/05/25 13:05,M007,Intermediate Material,Sheet Metal,192.9,0.00,149.26,981,0.74
22/05/25 13:10,M007,Intermediate Material,Textiles,67.17,0.00,190.98,453,0.00
22/05/25 13:15,M004,Recycled Material,Reprocessed Plastics,81.01,44.30,139.85,395,4.93
22/05/25 13:20,M001,Process Additive,Industrial Oil,67.3,0.00,114.78,427,4.54
22/05/25 13:25,M001,Process Additive,Coolant,69.58,0.00,130.01,739,2.39
22/05/25 13:30,M010,Recycled Material,Scrap Steel,139.28,13.48,193.94,598,2.25
22/05/25 13:35,M007,Recycled Material,Scrap Steel,135.82,37.55,192.3,694,0.57
22/05/25 13:40,M009,Raw Material,Cotton,162.71,0.00,138.16,837,1.16
22/05/25 13:45,M007,Process Additive,Industrial Oil,142.1,0.00,157.47,639,1.75
22/05/25 13:50,M008,Process Additive,Catalyst,162.13,0.00,161.96,454,4.52
22/05/25 13:55,M006,Recycled Material,Scrap Steel,86.71,39.99,153.45,359,4.80
22/05/25 14:00,M005,Finished Material,Packaging,189.91,0.00,87.74,545,1.22
22/05/25 14:05,M010,Process Additive,Industrial Oil,100.84,0.00,110.12,588,2.42
22/05/25 14:10,M004,Recycled Material,Scrap Steel,61.9,11.11,112.9,566,2.22
22/05/25 14:15,M007,Raw Material,Steel,189.17,0.00,170.71,952,2.60
22/05/25 14:20,M006,Process Additive,Coolant,138.89,0.00,160.26,968,4.87
22/05/25 14:25,M003,Finished Material,Circuit Board,172.1,0.00,84.86,897,0.14
22/05/25 14:30,M001,Process Additive,Catalyst,51.84,0.00,114.4,857,0.57
22/05/25 14:35,M004,Recycled Material,Reprocessed Plastics,132.58,14.22,118.7,680,0.34
22/05/25 14:40,M004,Process Additive,Coolant,188.83,0.00,114.85,228,4.30
22/05/25 14:45,M008,Raw Material,Aluminum,78.27,0.00,108.12,156,3.87
22/05/25 14:50,M007,Process Additive,Industrial Oil,80.33,0.00,185.27,299,4.38
22/05/25 14:55,M006,Hazardous Material,Solvent,97.07,0.00,188.82,699,3.35
22/05/25 15:00,M001,Hazardous Material,Solvent,199.63,0.00,98.77,290,3.65
22/05/25 15:05,M002,Hazardous Material,Solvent,187.43,0.00,143.04,673,2.44
22/05/25 15:10,M006,Finished Material,Machine Component,125.64,0.00,183.15,249,3.89
22/05/25 15:15,M008,Intermediate Material,Plastic Resin,177.79,0.00,130.99,148,2.94
22/05/25 15:20,M008,Recycled Material,Scrap Steel,137.16,40.65,166.97,988,2.19
22/05/25 15:25,M007,Recycled Material,Scrap Steel,135.38,32.87,199.49,615,4.05
22/05/25 15:30,M006,Raw Material,Steel,152.92,0.00,115.08,472,3.31
22/05/25 15:35,M008,Finished Material,Circuit Board,140.09,0.00,98.85,724,4.47
22/05/25 15:40,M001,Finished Material,Circuit Board,52.58,0.00,132.97,336,3.55
22/05/25 15:45,M003,Recycled Material,Reprocessed Plastics,72.16,25.84,121.48,495,1.19
22/05/25 15:50,M006,Hazardous Material,Solvent,150.61,0.00,168.54,535,2.50
22/05/25 15:55,M002,Recycled Material,Reprocessed Plastics,97.92,29.20,180.82,842,4.73
22/05/25 16:00,M008,Intermediate Material,Plastic Resin,170.23,0.00,117.89,192,3.58
22/05/25 16:05,M010,Hazardous Material,Solvent,150.59,0.00,197.87,787,2.50
22/05/25 16:10,M001,Recycled Material,Reprocessed Plastics,156.78,38.24,162.88,925,0.01
22/05/25 16:15,M004,Finished Material,Machine Component,100.81,0.00,155.2,245,2.19
22/05/25 16:20,M004,Hazardous Material,Solvent,54.99,0.00,134.41,814,4.87
22/05/25 16:25,M006,Raw Material,Aluminum,177.81,0.00,129.05,525,2.24
22/05/25 16:30,M002,Intermediate Material,Textiles,66.01,0.00,126.58,348,2.76
22/05/25 16:35,M001,Intermediate Material,Plastic Resin,179.76,0.00,142.48,441,1.12
22/05/25 16:40,M010,Hazardous Material,Lead-Based Alloy,66.75,0.00,197.42,842,2.87
22/05/25 16:45,M005,Raw Material,Aluminum,120.97,0.00,137.53,102,4.35
22/05/25 16:50,M007,Finished Material,Circuit Board,134.95,0.00,179.47,641,1.86
22/05/25 16:55,M004,Raw Material,Cotton,133.89,0.00,162.02,613,1.02
22/05/25 17:00,M007,Hazardous Material,Lead-Based Alloy,113.51,0.00,99.43,648,1.97
22/05/25 17:05,M006,Finished Material,Machine Component,56.89,0.00,127.89,592,1.86
22/05/25 17:10,M006,Hazardous Material,Solvent,117.34,0.00,109.22,871,3.95
22/05/25 17:15,M005,Raw Material,Steel,97.77,0.00,169.41,754,3.35
22/05/25 17:20,M008,Recycled Material,Scrap Steel,103.07,0.60,84.69,436,3.44
22/05/25 17:25,M009,Finished Material,Packaging,160.61,0.00,145.77,126,3.14
22/05/25 17:30,M006,Process Additive,Catalyst,117.13,0.00,105.35,596,2.52
22/05/25 17:35,M006,Recycled Material,Scrap Steel,56.97,1.06,114.58,216,0.08
22/05/25 17:40,M005,Raw Material,Polypropylene,58.89,0.00,136.03,881,1.51
22/05/25 17:45,M004,Raw Material,Cotton,106.85,0.00,142.76,221,2.14
22/05/25 17:50,M002,Raw Material,Polypropylene,145.28,0.00,155.56,547,0.45
22/05/25 17:55,M005,Raw Material,Polypropylene,116.07,0.00,158.53,146,0.21
22/05/25 18:00,M005,Process Additive,Catalyst,95.13,0.00,193.88,667,2.94
22/05/25 18:05,M003,Finished Material,Machine Component,53.47,0.00,184.9,684,3.11
22/05/25 18:10,M001,Finished Material,Machine Component,96.53,0.00,174.76,738,1.21
22/05/25 18:15,M007,Finished Material,Machine Component,160.87,0.00,182.28,765,4.12
22/05/25 18:20,M001,Finished Material,Circuit Board,168.28,0.00,127.25,675,1.09
22/05/25 18:25,M005,Recycled Material,Scrap Steel,180.62,15.22,119.02,622,4.58
22/05/25 18:30,M002,Recycled Material,Scrap Steel,128.6,11.05,121.94,901,3.82
22/05/25 18:35,M005,Finished Material,Packaging,77.6,0.00,112.66,751,4.36
22/05/25 18:40,M010,Finished Material,Packaging,111.05,0.00,164.28,787,3.04
22/05/25 18:45,M001,Finished Material,Circuit Board,88.98,0.00,105.41,827,2.74
22/05/25 18:50,M005,Finished Material,Packaging,132.52,0.00,171.27,918,3.68
22/05/25 18:55,M008,Finished Material,Circuit Board,176.33,0.00,92.54,110,3.44
22/05/25 19:00,M007,Raw Material,Cotton,57.64,0.00,149.55,558,1.05
22/05/25 19:05,M008,Raw Material,Steel,183.13,0.00,196.36,646,4.56
22/05/25 19:10,M002,Intermediate Material,Sheet Metal,84.47,0.00,155.2,401,1.90
22/05/25 19:15,M002,Finished Material,Circuit Board,132.43,0.00,123.78,203,1.91
22/05/25 19:20,M006,Process Additive,Coolant,107.76,0.00,98.42,549,1.16
22/05/25 19:25,M003,Process Additive,Industrial Oil,113.26,0.00,95.27,512,2.97
22/05/25 19:30,M008,Recycled Material,Scrap Steel,165.54,8.09,170.71,698,1.77
22/05/25 19:35,M008,Finished Material,Packaging,137.65,0.00,117.09,386,1.82
22/05/25 19:40,M009,Raw Material,Cotton,67.96,0.00,188.45,767,1.10
22/05/25 19:45,M006,Recycled Material,Scrap Steel,189.93,1.84,113.33,491,4.69
22/05/25 19:50,M002,Process Additive,Coolant,117.17,0.00,187.6,440,0.18
22/05/25 19:55,M005,Process Additive,Industrial Oil,105.5,0.00,131.62,390,4.84
22/05/25 20:00,M009,Finished Material,Packaging,71.52,0.00,188.35,524,3.69
22/05/25 20:05,M005,Finished Material,Machine Component,88.54,0.00,159.18,959,2.87
22/05/25 20:10,M002,Intermediate Material,Textiles,172.67,0.00,146.92,360,2.97
22/05/25 20:15,M008,Recycled Material,Scrap Steel,53.14,9.47,145.71,296,2.22
22/05/25 20:20,M010,Recycled Material,Reprocessed Plastics,160.39,15.62,100.83,586,3.35
22/05/25 20:25,M001,Finished Material,Machine Component,92.2,0.00,161.1,418,2.18
22/05/25 20:30,M005,Raw Material,Aluminum,115.3,0.00,94.88,460,0.96
22/05/25 20:35,M003,Process Additive,Coolant,101.22,0.00,90.36,302,0.72
22/05/25 20:40,M007,Finished Material,Circuit Board,174.67,0.00,104.94,361,4.69
22/05/25 20:45,M006,Process Additive,Industrial Oil,176.37,0.00,149.08,460,1.37
22/05/25 20:50,M003,Finished Material,Machine Component,165.91,0.00,183.95,447,0.03
22/05/25 20:55,M007,Hazardous Material,Lead-Based Alloy,126.58,0.00,112.86,997,2.63
22/05/25 21:00,M003,Finished Material,Circuit Board,115.79,0.00,136.5,254,1.96
22/05/25 21:05,M004,Process Additive,Industrial Oil,153.84,0.00,102.12,733,1.06
22/05/25 21:10,M009,Raw Material,Aluminum,72.72,0.00,136.38,562,1.24
22/05/25 21:15,M003,Recycled Material,Scrap Steel,117.32,45.79,131.55,398,2.17
22/05/25 21:20,M010,Process Additive,Catalyst,169.02,0.00,183.19,694,3.17
22/05/25 21:25,M005,Recycled Material,Reprocessed Plastics,146.02,22.89,115.31,802,0.76
22/05/25 21:30,M010,Process Additive,Coolant,141.06,0.00,103.27,174,1.01
22/05/25 21:35,M008,Process Additive,Catalyst,182.72,0.00,98.84,987,4.15
22/05/25 21:40,M007,Recycled Material,Reprocessed Plastics,156.4,30.18,185.2,803,1.65
22/05/25 21:45,M007,Finished Material,Machine Component,184.63,0.00,157.54,314,3.82
22/05/25 21:50,M001,Intermediate Material,Sheet Metal,109.52,0.00,188.23,828,3.89
22/05/25 21:55,M002,Recycled Material,Reprocessed Plastics,139.53,17.08,116.29,312,2.77
22/05/25 22:00,M009,Intermediate Material,Sheet Metal,79.96,0.00,158.5,914,4.86
22/05/25 22:05,M002,Hazardous Material,Lead-Based Alloy,65.81,0.00,128.34,653,4.09
22/05/25 22:10,M003,Intermediate Material,Plastic Resin,70.28,0.00,87,222,4.36
22/05/25 22:15,M004,Hazardous Material,Solvent,193.26,0.00,88.64,462,1.38
22/05/25 22:20,M004,Hazardous Material,Solvent,131.63,0.00,91.31,596,1.23
22/05/25 22:25,M002,Process Additive,Catalyst,170.52,0.00,82.58,486,3.87
22/05/25 22:30,M001,Hazardous Material,Solvent,176.9,0.00,108.28,489,1.77
22/05/25 22:35,M005,Recycled Material,Scrap Steel,192.59,20.52,198.66,278,4.05
22/05/25 22:40,M005,Recycled Material,Scrap Steel,71.69,46.18,120.43,753,3.91
22/05/25 22:45,M003,Recycled Material,Scrap Steel,191.41,38.82,120.48,525,0.63
22/05/25 22:50,M001,Hazardous Material,Solvent,54.97,0.00,118.77,591,4.22
22/05/25 22:55,M010,Recycled Material,Scrap Steel,109.2,35.45,186.11,165,0.19
22/05/25 23:00,M010,Recycled Material,Reprocessed Plastics,77.59,47.80,143.72,528,4.66
22/05/25 23:05,M001,Hazardous Material,Lead-Based Alloy,112.81,0.00,91.15,500,2.79
22/05/25 23:10,M003,Raw Material,Polypropylene,56.3,0.00,194.46,582,4.93
22/05/25 23:15,M001,Hazardous Material,Solvent,62.41,0.00,113.67,302,2.89
22/05/25 23:20,M004,Hazardous Material,Lead-Based Alloy,140.42,0.00,194.49,126,4.57
22/05/25 23:25,M006,Finished Material,Packaging,108.67,0.00,127.74,140,2.41
22/05/25 23:30,M003,Finished Material,Machine Component,123.87,0.00,141.64,434,4.46
22/05/25 23:35,M008,Hazardous Material,Lead-Based Alloy,59.47,0.00,100.19,333,2.66
22/05/25 23:40,M006,Intermediate Material,Sheet Metal,139.41,0.00,179.14,277,0.68
22/05/25 23:45,M008,Finished Material,Packaging,76.2,0.00,172.5,362,0.19
22/05/25 23:50,M005,Hazardous Material,Lead-Based Alloy,132.6,0.00,194.09,402,2.45
22/05/25 23:55,M006,Process Additive,Industrial Oil,146.13,0.00,140.7,511,3.94
23/05/25 0:00,M006,Hazardous Material,Solvent,118.18,0.00,86.25,586,4.07
23/05/25 0:05,M010,Intermediate Material,Textiles,197.35,0.00,170.42,321,2.00
23/05/25 0:10,M010,Hazardous Material,Lead-Based Alloy,121.71,0.00,122.05,753,3.25
23/05/25 0:15,M001,Process Additive,Coolant,131.62,0.00,144.76,469,0.19
23/05/25 0:20,M008,Finished Material,Machine Component,195.4,0.00,154.05,155,3.66
23/05/25 0:25,M002,Recycled Material,Scrap Steel,64.25,43.94,175.23,884,1.81
23/05/25 0:30,M010,Finished Material,Packaging,50.35,0.00,103.15,342,0.55
23/05/25 0:35,M006,Finished Material,Machine Component,137.1,0.00,111.76,218,0.24
23/05/25 0:40,M005,Recycled Material,Scrap Steel,63.6,30.90,103.99,313,1.63
23/05/25 0:45,M001,Recycled Material,Scrap Steel,197.93,40.47,125.99,803,2.84
23/05/25 0:50,M002,Recycled Material,Reprocessed Plastics,69.57,19.32,180.55,332,1.16
23/05/25 0:55,M007,Raw Material,Polypropylene,57.87,0.00,145.97,259,0.95
23/05/25 1:00,M001,Raw Material,Cotton,62.86,0.00,133.87,716,3.97
23/05/25 1:05,M005,Process Additive,Coolant,188.19,0.00,110.01,442,3.81
23/05/25 1:10,M010,Finished Material,Packaging,135.9,0.00,83.46,175,2.99
23/05/25 1:15,M001,Raw Material,Polypropylene,111.96,0.00,132.92,928,1.16
23/05/25 1:20,M006,Intermediate Material,Plastic Resin,199.66,0.00,123.78,477,0.44
23/05/25 1:25,M007,Intermediate Material,Plastic Resin,77.32,0.00,93.13,767,4.73
23/05/25 1:30,M003,Finished Material,Circuit Board,170.94,0.00,196.72,902,3.79
23/05/25 1:35,M008,Raw Material,Steel,109.53,0.00,119.18,533,0.11
23/05/25 1:40,M005,Hazardous Material,Lead-Based Alloy,195.03,0.00,123.96,556,2.20
23/05/25 1:45,M005,Raw Material,Polypropylene,137,0.00,124.07,187,2.49
23/05/25 1:50,M004,Intermediate Material,Sheet Metal,157,0.00,183.65,739,4.65
23/05/25 1:55,M008,Finished Material,Packaging,165.27,0.00,99.59,224,1.58
23/05/25 2:00,M008,Hazardous Material,Lead-Based Alloy,110.16,0.00,167.44,982,1.25
23/05/25 2:05,M008,Raw Material,Polypropylene,179.87,0.00,93.6,168,1.29
23/05/25 2:10,M005,Raw Material,Aluminum,93.91,0.00,176.72,419,4.97
23/05/25 2:15,M005,Recycled Material,Reprocessed Plastics,82.53,45.77,192.23,554,0.37
23/05/25 2:20,M008,Finished Material,Machine Component,63.86,0.00,186.96,100,3.41
23/05/25 2:25,M007,Hazardous Material,Solvent,96.54,0.00,193.27,770,0.27
23/05/25 2:30,M006,Recycled Material,Scrap Steel,78.81,0.37,94.67,914,0.45
23/05/25 2:35,M008,Recycled Material,Scrap Steel,119.23,19.35,104.76,997,0.18
23/05/25 2:40,M002,Finished Material,Circuit Board,117.79,0.00,143.87,977,0.45
23/05/25 2:45,M009,Finished Material,Packaging,63.18,0.00,99.48,350,4.82
23/05/25 2:50,M008,Hazardous Material,Solvent,103.65,0.00,180.63,365,0.06
23/05/25 2:55,M002,Hazardous Material,Lead-Based Alloy,149.86,0.00,182.25,853,4.55
23/05/25 3:00,M005,Intermediate Material,Plastic Resin,158.42,0.00,165.15,994,2.19
23/05/25 3:05,M003,Process Additive,Industrial Oil,68.45,0.00,184.41,310,1.36
23/05/25 3:10,M003,Process Additive,Catalyst,156.1,0.00,181.09,956,0.61
23/05/25 3:15,M008,Process Additive,Coolant,148.83,0.00,193.12,247,1.37
23/05/25 3:20,M009,Intermediate Material,Sheet Metal,84.32,0.00,181.16,759,2.13
23/05/25 3:25,M005,Intermediate Material,Textiles,60.99,0.00,89.51,623,1.31
23/05/25 3:30,M001,Intermediate Material,Textiles,171,0.00,192.97,928,1.74
23/05/25 3:35,M006,Hazardous Material,Lead-Based Alloy,85.71,0.00,190.32,532,1.95
23/05/25 3:40,M003,Raw Material,Cotton,92.99,0.00,110.85,292,3.81
23/05/25 3:45,M004,Raw Material,Cotton,162.81,0.00,112.44,911,1.57
23/05/25 3:50,M007,Raw Material,Polypropylene,146.84,0.00,114.56,198,3.46
23/05/25 3:55,M004,Recycled Material,Scrap Steel,189.7,32.09,114.87,535,3.71
23/05/25 4:00,M004,Finished Material,Circuit Board,163.54,0.00,81.43,608,2.72
23/05/25 4:05,M001,Finished Material,Machine Component,130.33,0.00,149.19,800,3.75
23/05/25 4:10,M008,Finished Material,Machine Component,58.03,0.00,146.89,884,2.63
23/05/25 4:15,M001,Process Additive,Industrial Oil,154.32,0.00,118.73,979,4.83
23/05/25 4:20,M005,Recycled Material,Reprocessed Plastics,175.67,12.02,112.1,328,1.86
23/05/25 4:25,M010,Recycled Material,Scrap Steel,114.8,30.15,84.13,780,2.13
23/05/25 4:30,M006,Intermediate Material,Plastic Resin,175.5,0.00,89.18,928,4.21
23/05/25 4:35,M008,Process Additive,Industrial Oil,88.12,0.00,80.49,677,1.07
23/05/25 4:40,M001,Raw Material,Steel,127.75,0.00,154.57,670,2.86
23/05/25 4:45,M008,Process Additive,Catalyst,52.68,0.00,154.42,273,2.82
23/05/25 4:50,M006,Finished Material,Packaging,190.71,0.00,83.9,458,2.42
23/05/25 4:55,M010,Intermediate Material,Textiles,60.11,0.00,112.03,847,0.77
23/05/25 5:00,M007,Hazardous Material,Lead-Based Alloy,109.51,0.00,104.66,999,3.03
23/05/25 5:05,M003,Process Additive,Industrial Oil,113.9,0.00,156.25,192,2.98
23/05/25 5:10,M005,Raw Material,Cotton,76.63,0.00,138.56,761,4.46
23/05/25 5:15,M010,Raw Material,Steel,109.06,0.00,175.89,191,3.81
23/05/25 5:20,M003,Finished Material,Circuit Board,119.05,0.00,149.91,717,0.70
23/05/25 5:25,M009,Intermediate Material,Sheet Metal,81.45,0.00,194.67,289,1.65
23/05/25 5:30,M008,Recycled Material,Scrap Steel,101.93,41.23,165.01,319,2.60
23/05/25 5:35,M006,Recycled Material,Scrap Steel,113.69,34.45,163.92,367,0.46
23/05/25 5:40,M005,Intermediate Material,Plastic Resin,147.91,0.00,139.35,247,1.01
23/05/25 5:45,M008,Intermediate Material,Textiles,123.51,0.00,110.53,903,0.51
23/05/25 5:50,M005,Finished Material,Circuit Board,51.78,0.00,110.32,135,2.20
23/05/25 5:55,M004,Recycled Material,Reprocessed Plastics,66.79,32.47,134.64,732,3.54
23/05/25 6:00,M005,Intermediate Material,Plastic Resin,57.56,0.00,183.13,437,4.98
23/05/25 6:05,M003,Finished Material,Machine Component,83.93,0.00,184.39,756,4.03
23/05/25 6:10,M001,Hazardous Material,Solvent,103.83,0.00,181.81,800,2.74
23/05/25 6:15,M008,Hazardous Material,Lead-Based Alloy,109.31,0.00,160.57,286,2.44
23/05/25 6:20,M008,Hazardous Material,Solvent,118.07,0.00,106.7,838,3.13
23/05/25 6:25,M007,Finished Material,Circuit Board,69.15,0.00,97.83,345,1.60
23/05/25 6:30,M002,Finished Material,Packaging,61.05,0.00,158.67,151,0.53
23/05/25 6:35,M008,Process Additive,Industrial Oil,105.94,0.00,171.79,145,0.89
23/05/25 6:40,M005,Recycled Material,Reprocessed Plastics,193.2,41.61,177.5,828,3.66
23/05/25 6:45,M002,Intermediate Material,Sheet Metal,70.92,0.00,167.51,285,1.14
23/05/25 6:50,M003,Raw Material,Cotton,167.8,0.00,142.85,429,4.43
23/05/25 6:55,M008,Raw Material,Polypropylene,81.08,0.00,179.72,207,1.24
23/05/25 7:00,M001,Hazardous Material,Solvent,134.28,0.00,132.75,631,1.03
23/05/25 7:05,M010,Intermediate Material,Sheet Metal,83.78,0.00,198.49,534,4.08
23/05/25 7:10,M009,Intermediate Material,Sheet Metal,106.37,0.00,86.49,106,3.09
23/05/25 7:15,M010,Intermediate Material,Plastic Resin,60.14,0.00,92.81,337,0.37
23/05/25 7:20,M008,Hazardous Material,Solvent,90.49,0.00,151.83,672,3.93
23/05/25 7:25,M004,Hazardous Material,Lead-Based Alloy,79.6,0.00,156.55,765,2.19
23/05/25 7:30,M004,Hazardous Material,Lead-Based Alloy,64.36,0.00,175.16,556,0.31
23/05/25 7:35,M005,Hazardous Material,Solvent,109.35,0.00,116.74,475,1.57
23/05/25 7:40,M001,Recycled Material,Reprocessed Plastics,182.35,0.76,118.5,338,4.59
23/05/25 7:45,M006,Finished Material,Packaging,127.82,0.00,182.49,370,2.76
23/05/25 7:50,M002,Finished Material,Circuit Board,166.86,0.00,83.29,668,4.06
23/05/25 7:55,M010,Finished Material,Packaging,84.85,0.00,199.09,159,4.03
23/05/25 8:00,M003,Finished Material,Packaging,92.05,0.00,137.75,666,3.82
23/05/25 8:05,M006,Hazardous Material,Solvent,160.45,0.00,106.3,171,4.96
23/05/25 8:10,M007,Process Additive,Industrial Oil,98.17,0.00,181.98,340,1.08
23/05/25 8:15,M001,Recycled Material,Scrap Steel,107.2,20.80,187,162,3.22
23/05/25 8:20,M007,Intermediate Material,Sheet Metal,63.59,0.00,148.77,170,3.59
23/05/25 8:25,M002,Raw Material,Polypropylene,100.54,0.00,106.43,709,1.22
23/05/25 8:30,M004,Finished Material,Circuit Board,176.15,0.00,110.68,158,1.15
23/05/25 8:35,M008,Hazardous Material,Lead-Based Alloy,195.88,0.00,81.01,320,2.43
23/05/25 8:40,M004,Raw Material,Cotton,64.63,0.00,144.61,240,4.40
23/05/25 8:45,M001,Process Additive,Coolant,127.6,0.00,85.41,247,4.03
23/05/25 8:50,M007,Intermediate Material,Plastic Resin,117.31,0.00,163.13,230,1.49
23/05/25 8:55,M009,Process Additive,Coolant,86.58,0.00,123.22,908,4.60
23/05/25 9:00,M001,Recycled Material,Reprocessed Plastics,175.17,28.78,152.71,443,3.58
23/05/25 9:05,M004,Recycled Material,Reprocessed Plastics,143.64,5.98,82.91,561,4.93
23/05/25 9:10,M001,Hazardous Material,Solvent,121.5,0.00,177.52,719,0.11
23/05/25 9:15,M004,Process Additive,Catalyst,196.3,0.00,118.5,650,0.49
23/05/25 9:20,M010,Recycled Material,Reprocessed Plastics,91.65,21.77,194.18,557,4.99
23/05/25 9:25,M009,Raw Material,Cotton,89.53,0.00,199.53,134,4.85
23/05/25 9:30,M005,Raw Material,Polypropylene,185.63,0.00,196.85,478,4.62
23/05/25 9:35,M006,Recycled Material,Reprocessed Plastics,169.63,14.03,147.68,278,0.24
23/05/25 9:40,M007,Finished Material,Machine Component,169.83,0.00,152.17,711,3.40
23/05/25 9:45,M001,Raw Material,Steel,83.61,0.00,110.9,742,0.39
23/05/25 9:50,M001,Process Additive,Catalyst,144.37,0.00,86.26,745,2.39
23/05/25 9:55,M010,Raw Material,Polypropylene,167.51,0.00,112.61,543,1.80
23/05/25 10:00,M009,Process Additive,Industrial Oil,196.44,0.00,81.63,400,0.19
23/05/25 10:05,M005,Finished Material,Machine Component,88.23,0.00,123.05,738,2.31
23/05/25 10:10,M009,Intermediate Material,Plastic Resin,159.77,0.00,144.26,551,1.76
23/05/25 10:15,M006,Recycled Material,Scrap Steel,92.31,44.76,149.72,245,4.30
23/05/25 10:20,M007,Recycled Material,Scrap Steel,97.44,21.10,89.98,297,2.65
23/05/25 10:25,M008,Hazardous Material,Solvent,160.77,0.00,90.7,619,0.56
23/05/25 10:30,M002,Recycled Material,Reprocessed Plastics,76.53,32.89,87.19,791,0.59
23/05/25 10:35,M010,Process Additive,Catalyst,53.37,0.00,108.83,446,4.70
23/05/25 10:40,M008,Raw Material,Cotton,88.51,0.00,155.83,800,1.37
23/05/25 10:45,M008,Finished Material,Packaging,108.09,0.00,102.64,888,4.17
23/05/25 10:50,M002,Finished Material,Circuit Board,153.62,0.00,187.13,895,4.11
23/05/25 10:55,M004,Raw Material,Cotton,110.3,0.00,86.95,470,1.54
23/05/25 11:00,M007,Raw Material,Cotton,126.48,0.00,190.48,384,1.90
23/05/25 11:05,M007,Process Additive,Coolant,164.16,0.00,157.24,721,4.51
23/05/25 11:10,M003,Process Additive,Catalyst,96.25,0.00,192.98,655,1.14
23/05/25 11:15,M009,Raw Material,Steel,178.43,0.00,175.42,984,2.22
23/05/25 11:20,M003,Process Additive,Catalyst,152.43,0.00,113.49,604,4.67
23/05/25 11:25,M010,Finished Material,Circuit Board,167.17,0.00,134.91,834,1.62
23/05/25 11:30,M010,Raw Material,Polypropylene,187.32,0.00,115.92,642,4.55
23/05/25 11:35,M010,Process Additive,Industrial Oil,183.36,0.00,148.93,416,1.92
23/05/25 11:40,M009,Process Additive,Coolant,85.19,0.00,196.46,693,0.77
23/05/25 11:45,M005,Hazardous Material,Solvent,134.02,0.00,157.28,588,3.76
23/05/25 11:50,M008,Recycled Material,Reprocessed Plastics,112.71,12.73,148.66,310,2.26
23/05/25 11:55,M001,Process Additive,Industrial Oil,91.13,0.00,97.76,214,2.81
23/05/25 12:00,M009,Recycled Material,Scrap Steel,113.52,42.33,148.6,413,2.21
23/05/25 12:05,M008,Recycled Material,Reprocessed Plastics,154.13,20.01,86.88,725,0.41
23/05/25 12:10,M002,Hazardous Material,Lead-Based Alloy,184.12,0.00,99.64,958,1.27
23/05/25 12:15,M006,Hazardous Material,Lead-Based Alloy,66.98,0.00,132.23,693,2.48
23/05/25 12:20,M001,Hazardous Material,Solvent,113.07,0.00,182.88,426,2.88
23/05/25 12:25,M001,Finished Material,Machine Component,176.86,0.00,132.33,905,1.06
23/05/25 12:30,M010,Finished Material,Packaging,173.64,0.00,129.88,147,3.31
23/05/25 12:35,M005,Recycled Material,Reprocessed Plastics,194.9,45.84,199.32,378,0.17
23/05/25 12:40,M008,Recycled Material,Scrap Steel,70.22,18.26,194.2,118,3.49
23/05/25 12:45,M006,Process Additive,Coolant,88.41,0.00,113.86,755,4.15
23/05/25 12:50,M010,Finished Material,Packaging,181.71,0.00,118.49,931,1.62
23/05/25 12:55,M006,Recycled Material,Scrap Steel,123.59,47.49,112.05,864,2.75
23/05/25 13:00,M006,Process Additive,Catalyst,100.52,0.00,160.29,584,1.95
23/05/25 13:05,M007,Intermediate Material,Sheet Metal,174.21,0.00,162.78,288,0.02
23/05/25 13:10,M006,Raw Material,Polypropylene,192.8,0.00,173.64,802,2.25
23/05/25 13:15,M008,Finished Material,Machine Component,69.61,0.00,155,812,3.87
23/05/25 13:20,M008,Recycled Material,Reprocessed Plastics,150.84,44.04,139.76,834,2.78
23/05/25 13:25,M005,Intermediate Material,Textiles,182.21,0.00,197.9,936,2.02
23/05/25 13:30,M004,Recycled Material,Reprocessed Plastics,171.64,27.02,174.56,291,3.89
23/05/25 13:35,M007,Finished Material,Machine Component,89.63,0.00,100.7,888,3.00
23/05/25 13:40,M005,Intermediate Material,Textiles,104.05,0.00,86.8,593,3.02
23/05/25 13:45,M007,Raw Material,Cotton,103.23,0.00,137.38,991,3.90
23/05/25 13:50,M009,Process Additive,Industrial Oil,91.73,0.00,92.74,394,2.82
23/05/25 13:55,M002,Hazardous Material,Lead-Based Alloy,108.44,0.00,193.38,538,2.91
23/05/25 14:00,M001,Finished Material,Machine Component,170.42,0.00,121.17,280,1.72
23/05/25 14:05,M002,Recycled Material,Scrap Steel,102.3,30.65,143.62,591,3.12
23/05/25 14:10,M003,Intermediate Material,Sheet Metal,121.74,0.00,85.53,636,0.32
23/05/25 14:15,M004,Finished Material,Machine Component,173.72,0.00,149.54,244,1.04
23/05/25 14:20,M008,Process Additive,Industrial Oil,76.68,0.00,198.47,687,4.30
23/05/25 14:25,M003,Process Additive,Catalyst,92.21,0.00,146.26,192,3.48
23/05/25 14:30,M010,Finished Material,Machine Component,186.14,0.00,153.58,220,3.22
23/05/25 14:35,M003,Hazardous Material,Solvent,113.08,0.00,111.54,353,0.34
23/05/25 14:40,M002,Hazardous Material,Lead-Based Alloy,132.99,0.00,199.22,196,1.32
23/05/25 14:45,M006,Hazardous Material,Solvent,64.38,0.00,89.85,248,0.14
23/05/25 14:50,M004,Intermediate Material,Textiles,172.04,0.00,169.92,160,4.96
23/05/25 14:55,M010,Recycled Material,Reprocessed Plastics,152,32.32,110.46,322,2.87
23/05/25 15:00,M005,Intermediate Material,Textiles,151.35,0.00,166.52,465,4.40
23/05/25 15:05,M005,Intermediate Material,Textiles,125.14,0.00,126.19,585,3.60
23/05/25 15:10,M004,Process Additive,Catalyst,132.48,0.00,173.36,154,3.68
23/05/25 15:15,M001,Finished Material,Circuit Board,181.13,0.00,136.99,239,3.42
23/05/25 15:20,M002,Recycled Material,Scrap Steel,172.1,20.05,122.93,961,1.65
23/05/25 15:25,M004,Intermediate Material,Plastic Resin,116.53,0.00,152.76,384,4.31
23/05/25 15:30,M005,Finished Material,Packaging,126.65,0.00,162.92,247,1.97
23/05/25 15:35,M009,Finished Material,Machine Component,164.34,0.00,138.49,346,3.67
23/05/25 15:40,M009,Hazardous Material,Solvent,179.09,0.00,89.51,275,4.28
23/05/25 15:45,M007,Recycled Material,Scrap Steel,125.96,24.01,139.74,651,1.92
23/05/25 15:50,M010,Raw Material,Steel,94.18,0.00,133.17,821,4.36
23/05/25 15:55,M003,Hazardous Material,Solvent,179.93,0.00,194.86,490,1.57
23/05/25 16:00,M005,Raw Material,Polypropylene,122.91,0.00,88.92,626,0.25
23/05/25 16:05,M001,Process Additive,Industrial Oil,89.58,0.00,164.52,108,2.30
23/05/25 16:10,M002,Hazardous Material,Lead-Based Alloy,70.2,0.00,173.07,386,1.25
23/05/25 16:15,M004,Recycled Material,Scrap Steel,198.26,9.00,123.73,641,4.62
23/05/25 16:20,M005,Hazardous Material,Solvent,83.3,0.00,122.91,130,0.39
23/05/25 16:25,M004,Process Additive,Industrial Oil,185.4,0.00,159.41,131,4.41
23/05/25 16:30,M006,Hazardous Material,Solvent,105.41,0.00,133.15,330,4.77
23/05/25 16:35,M002,Intermediate Material,Plastic Resin,58.63,0.00,85.56,814,3.58
23/05/25 16:40,M008,Process Additive,Catalyst,78.58,0.00,188.62,561,1.80
23/05/25 16:45,M001,Recycled Material,Scrap Steel,51.02,47.19,164.68,817,4.99
23/05/25 16:50,M008,Intermediate Material,Plastic Resin,81.96,0.00,180.06,592,4.06
23/05/25 16:55,M001,Raw Material,Steel,64.66,0.00,185.74,396,2.83
23/05/25 17:00,M007,Intermediate Material,Sheet Metal,174.06,0.00,197.54,731,4.26
23/05/25 17:05,M003,Finished Material,Packaging,184.47,0.00,81.87,100,2.08
23/05/25 17:10,M004,Hazardous Material,Solvent,100.2,0.00,181.58,707,2.13
23/05/25 17:15,M007,Raw Material,Aluminum,187.33,0.00,117.57,187,4.88
23/05/25 17:20,M005,Intermediate Material,Plastic Resin,131.37,0.00,84.97,383,4.14
23/05/25 17:25,M002,Raw Material,Steel,199.09,0.00,83.91,410,1.69
23/05/25 17:30,M002,Process Additive,Catalyst,86.36,0.00,88.41,215,2.86
23/05/25 17:35,M006,Hazardous Material,Solvent,58.72,0.00,195.69,593,2.03
23/05/25 17:40,M004,Finished Material,Machine Component,169.5,0.00,197.74,606,4.98
23/05/25 17:45,M010,Recycled Material,Reprocessed Plastics,57.45,16.37,189.53,962,4.45
23/05/25 17:50,M007,Intermediate Material,Plastic Resin,120.83,0.00,80.99,379,0.85
23/05/25 17:55,M005,Recycled Material,Reprocessed Plastics,163.57,19.34,185.21,778,3.73
23/05/25 18:00,M009,Recycled Material,Scrap Steel,167.05,38.00,120.5,364,4.40
23/05/25 18:05,M009,Intermediate Material,Plastic Resin,166.58,0.00,93.12,218,1.50
23/05/25 18:10,M009,Raw Material,Cotton,58.33,0.00,195.74,121,4.74
23/05/25 18:15,M010,Recycled Material,Reprocessed Plastics,103.12,24.51,146.8,511,2.46
23/05/25 18:20,M009,Recycled Material,Reprocessed Plastics,183.14,13.13,168.09,193,4.51
23/05/25 18:25,M005,Finished Material,Circuit Board,143.62,0.00,190.92,884,0.72
23/05/25 18:30,M007,Recycled Material,Scrap Steel,129.51,3.03,121.59,144,0.32
23/05/25 18:35,M002,Intermediate Material,Plastic Resin,150.36,0.00,158.95,889,4.41
23/05/25 18:40,M007,Hazardous Material,Solvent,181.66,0.00,193.68,554,0.22
23/05/25 18:45,M003,Process Additive,Industrial Oil,111.65,0.00,147.61,617,0.58
23/05/25 18:50,M003,Raw Material,Cotton,196.38,0.00,159.14,180,2.20
23/05/25 18:55,M001,Raw Material,Cotton,130.23,0.00,188.2,325,2.13
23/05/25 19:00,M010,Recycled Material,Scrap Steel,150.75,11.28,169.79,905,2.34
23/05/25 19:05,M007,Finished Material,Circuit Board,152.48,0.00,117.55,224,4.33
23/05/25 19:10,M002,Process Additive,Industrial Oil,54.39,0.00,139.32,114,0.40
23/05/25 19:15,M008,Process Additive,Industrial Oil,156.55,0.00,144.43,106,0.03
23/05/25 19:20,M008,Recycled Material,Reprocessed Plastics,76.85,14.20,124.13,567,2.18
23/05/25 19:25,M009,Finished Material,Machine Component,188.15,0.00,137.87,146,2.17
23/05/25 19:30,M008,Intermediate Material,Textiles,63.85,0.00,167.14,917,4.14
23/05/25 19:35,M009,Intermediate Material,Plastic Resin,137.93,0.00,94.08,310,0.05
23/05/25 19:40,M010,Intermediate Material,Sheet Metal,104.36,0.00,134.3,280,3.73
23/05/25 19:45,M010,Recycled Material,Scrap Steel,79.44,47.69,135.66,387,3.93
23/05/25 19:50,M001,Hazardous Material,Lead-Based Alloy,75.59,0.00,172.44,453,2.97
23/05/25 19:55,M005,Process Additive,Catalyst,119.8,0.00,185.39,500,2.95
23/05/25 20:00,M009,Hazardous Material,Lead-Based Alloy,63.59,0.00,160.54,269,1.71
23/05/25 20:05,M007,Intermediate Material,Sheet Metal,129.82,0.00,129.79,860,0.07
23/05/25 20:10,M009,Hazardous Material,Lead-Based Alloy,72.31,0.00,138.91,773,0.19
23/05/25 20:15,M002,Recycled Material,Scrap Steel,157.65,36.76,127.79,346,2.29
23/05/25 20:20,M004,Process Additive,Coolant,142.86,0.00,186.2,737,0.53
23/05/25 20:25,M002,Recycled Material,Reprocessed Plastics,184.85,37.66,132.27,523,0.76
23/05/25 20:30,M010,Recycled Material,Reprocessed Plastics,131.25,19.83,184.82,297,1.93
23/05/25 20:35,M001,Intermediate Material,Plastic Resin,86.52,0.00,183.41,625,2.44
23/05/25 20:40,M003,Raw Material,Aluminum,76.67,0.00,184.77,468,0.23
23/05/25 20:45,M009,Raw Material,Cotton,142.17,0.00,82.2,549,2.80
23/05/25 20:50,M008,Intermediate Material,Textiles,179.31,0.00,139.76,199,4.09
23/05/25 20:55,M009,Intermediate Material,Textiles,183.32,0.00,187.04,872,0.28
23/05/25 21:00,M001,Finished Material,Circuit Board,115.55,0.00,118.71,399,2.58
23/05/25 21:05,M004,Finished Material,Packaging,84.72,0.00,83.28,105,1.38
23/05/25 21:10,M001,Intermediate Material,Textiles,171.79,0.00,180.38,831,2.07
23/05/25 21:15,M009,Hazardous Material,Solvent,183.14,0.00,126.06,678,4.31
23/05/25 21:20,M004,Recycled Material,Reprocessed Plastics,143.57,0.27,113.92,725,4.89
23/05/25 21:25,M006,Finished Material,Packaging,173.22,0.00,86.92,581,0.07
23/05/25 21:30,M008,Finished Material,Packaging,136.54,0.00,99.18,566,2.13
23/05/25 21:35,M006,Raw Material,Aluminum,50.66,0.00,193.29,148,1.60
23/05/25 21:40,M001,Raw Material,Polypropylene,187.33,0.00,119.41,593,1.05
23/05/25 21:45,M009,Hazardous Material,Lead-Based Alloy,131.29,0.00,101.59,414,0.12
23/05/25 21:50,M003,Hazardous Material,Lead-Based Alloy,125.21,0.00,174.09,555,0.82
23/05/25 21:55,M006,Intermediate Material,Sheet Metal,51.97,0.00,163.22,649,1.80
23/05/25 22:00,M006,Process Additive,Industrial Oil,67.56,0.00,119.54,358,2.34
23/05/25 22:05,M002,Recycled Material,Reprocessed Plastics,150.87,49.01,121.46,836,1.81
23/05/25 22:10,M004,Hazardous Material,Lead-Based Alloy,181.59,0.00,156.21,189,2.56
23/05/25 22:15,M006,Finished Material,Circuit Board,173.26,0.00,92.22,122,4.84
23/05/25 22:20,M001,Recycled Material,Reprocessed Plastics,144.79,2.09,112.98,482,0.34
23/05/25 22:25,M007,Hazardous Material,Lead-Based Alloy,82.44,0.00,172.6,584,2.04
23/05/25 22:30,M010,Intermediate Material,Plastic Resin,134.26,0.00,187.19,697,1.33
23/05/25 22:35,M004,Hazardous Material,Solvent,175.6,0.00,104.37,680,4.68
23/05/25 22:40,M006,Intermediate Material,Sheet Metal,140.41,0.00,125.06,152,1.83
23/05/25 22:45,M004,Recycled Material,Scrap Steel,115.84,7.44,179.53,967,0.62
23/05/25 22:50,M008,Intermediate Material,Textiles,176.8,0.00,153.88,240,3.23
23/05/25 22:55,M009,Raw Material,Aluminum,184.04,0.00,126.72,394,4.35
23/05/25 23:00,M007,Process Additive,Industrial Oil,195.19,0.00,121.99,809,0.97
23/05/25 23:05,M005,Finished Material,Machine Component,153.95,0.00,151.54,911,1.40
23/05/25 23:10,M007,Hazardous Material,Lead-Based Alloy,105.22,0.00,170.5,697,1.60
23/05/25 23:15,M002,Process Additive,Coolant,155.19,0.00,174.77,210,2.67
23/05/25 23:20,M010,Hazardous Material,Solvent,181.61,0.00,173.73,345,4.88
23/05/25 23:25,M001,Intermediate Material,Sheet Metal,51.18,0.00,98.68,944,1.05
23/05/25 23:30,M004,Finished Material,Packaging,128.77,0.00,171.07,206,3.31
23/05/25 23:35,M007,Raw Material,Aluminum,98.66,0.00,153.27,830,3.29
23/05/25 23:40,M008,Raw Material,Polypropylene,50.87,0.00,173.39,351,3.87
23/05/25 23:45,M009,Recycled Material,Reprocessed Plastics,114.31,15.16,84.81,611,3.26
23/05/25 23:50,M007,Raw Material,Aluminum,119.62,0.00,137.2,618,3.03
23/05/25 23:55,M007,Intermediate Material,Plastic Resin,125.52,0.00,122.83,597,0.97
24/05/25 0:00,M001,Hazardous Material,Lead-Based Alloy,80.19,0.00,185.95,144,2.82
24/05/25 0:05,M001,Raw Material,Aluminum,94.19,0.00,140,746,3.44
24/05/25 0:10,M006,Raw Material,Cotton,70.79,0.00,80.38,619,3.30
24/05/25 0:15,M007,Intermediate Material,Plastic Resin,119.06,0.00,192.14,802,0.87
24/05/25 0:20,M002,Recycled Material,Reprocessed Plastics,51.69,18.92,186.11,508,4.27
24/05/25 0:25,M009,Finished Material,Packaging,59.49,0.00,188.83,598,2.94
24/05/25 0:30,M005,Finished Material,Circuit Board,105.42,0.00,145.32,372,1.89
24/05/25 0:35,M009,Raw Material,Cotton,131.89,0.00,89.01,560,2.98
24/05/25 0:40,M003,Finished Material,Machine Component,65.13,0.00,153.34,905,2.28
24/05/25 0:45,M010,Recycled Material,Scrap Steel,82.54,2.06,87.47,317,1.32
24/05/25 0:50,M001,Hazardous Material,Solvent,182.75,0.00,111.02,643,4.93
24/05/25 0:55,M009,Hazardous Material,Lead-Based Alloy,191.62,0.00,175.8,378,4.49
24/05/25 1:00,M009,Intermediate Material,Sheet Metal,88.25,0.00,188.01,425,2.70
24/05/25 1:05,M008,Finished Material,Packaging,70.32,0.00,87.19,202,1.08
24/05/25 1:10,M009,Finished Material,Circuit Board,113.35,0.00,130.7,844,2.08
24/05/25 1:15,M001,Process Additive,Catalyst,140.88,0.00,149.36,750,3.42
24/05/25 1:20,M004,Finished Material,Circuit Board,129.68,0.00,166.98,108,4.21
24/05/25 1:25,M004,Recycled Material,Scrap Steel,188.35,32.12,120.13,961,1.21
24/05/25 1:30,M002,Intermediate Material,Plastic Resin,160.24,0.00,184.94,640,2.48
24/05/25 1:35,M005,Raw Material,Polypropylene,167.98,0.00,118.4,653,4.75
24/05/25 1:40,M002,Intermediate Material,Textiles,160.1,0.00,104.03,179,1.42
24/05/25 1:45,M003,Raw Material,Cotton,150.3,0.00,126.52,240,1.35
24/05/25 1:50,M010,Hazardous Material,Solvent,194.82,0.00,110.24,301,4.18
24/05/25 1:55,M008,Hazardous Material,Lead-Based Alloy,117.44,0.00,166.69,139,1.76
24/05/25 2:00,M010,Recycled Material,Reprocessed Plastics,115.21,1.60,117.07,114,4.61
24/05/25 2:05,M008,Hazardous Material,Solvent,157.25,0.00,128.12,113,3.82
24/05/25 2:10,M006,Recycled Material,Reprocessed Plastics,94.15,48.53,96.67,714,3.07
24/05/25 2:15,M008,Hazardous Material,Solvent,176.37,0.00,121.15,228,1.58
24/05/25 2:20,M006,Finished Material,Machine Component,72.45,0.00,120.09,907,2.11
24/05/25 2:25,M008,Intermediate Material,Textiles,76.8,0.00,152.85,574,0.81
24/05/25 2:30,M007,Recycled Material,Reprocessed Plastics,56.55,33.31,91.87,892,1.30
24/05/25 2:35,M004,Hazardous Material,Lead-Based Alloy,115.74,0.00,190.9,338,2.79
24/05/25 2:40,M009,Hazardous Material,Lead-Based Alloy,198.35,0.00,153.94,922,1.01
24/05/25 2:45,M009,Finished Material,Packaging,128.71,0.00,96.54,466,3.23
24/05/25 2:50,M005,Recycled Material,Reprocessed Plastics,78.01,20.61,131.69,188,0.30
24/05/25 2:55,M006,Recycled Material,Reprocessed Plastics,124.59,32.07,86.22,419,1.00
24/05/25 3:00,M002,Finished Material,Machine Component,174.86,0.00,149.55,520,0.73
24/05/25 3:05,M004,Finished Material,Machine Component,50.61,0.00,127.85,153,3.65
24/05/25 3:10,M003,Recycled Material,Reprocessed Plastics,179.27,42.77,156.4,137,2.93
24/05/25 3:15,M007,Raw Material,Polypropylene,140.73,0.00,84.35,977,0.42
24/05/25 3:20,M001,Hazardous Material,Lead-Based Alloy,114.45,0.00,122.67,781,2.96
24/05/25 3:25,M006,Process Additive,Coolant,191.42,0.00,192.26,354,0.19
24/05/25 3:30,M002,Recycled Material,Reprocessed Plastics,178.13,6.51,168.22,602,3.64
24/05/25 3:35,M003,Raw Material,Polypropylene,77.13,0.00,165.69,448,3.33
24/05/25 3:40,M009,Hazardous Material,Solvent,152.98,0.00,178.94,157,2.50
24/05/25 3:45,M004,Intermediate Material,Sheet Metal,111.75,0.00,127.62,940,3.87
24/05/25 3:50,M007,Hazardous Material,Lead-Based Alloy,56.88,0.00,133.69,742,2.66
24/05/25 3:55,M007,Raw Material,Steel,172.06,0.00,91.18,785,4.56
24/05/25 4:00,M001,Finished Material,Circuit Board,103.64,0.00,194.06,516,1.35
24/05/25 4:05,M003,Recycled Material,Reprocessed Plastics,186.22,12.86,117.21,689,3.23
24/05/25 4:10,M007,Process Additive,Industrial Oil,187.64,0.00,160.84,464,0.30
24/05/25 4:15,M006,Intermediate Material,Plastic Resin,124.86,0.00,138.84,970,1.32
24/05/25 4:20,M002,Recycled Material,Scrap Steel,73.54,18.70,148.76,460,0.96
24/05/25 4:25,M009,Hazardous Material,Solvent,101.5,0.00,151.94,674,2.47
24/05/25 4:30,M006,Hazardous Material,Lead-Based Alloy,58.9,0.00,166.84,789,1.72
24/05/25 4:35,M006,Intermediate Material,Textiles,160.66,0.00,180.86,268,3.81
24/05/25 4:40,M001,Raw Material,Cotton,188.54,0.00,112.85,336,0.10
24/05/25 4:45,M004,Finished Material,Circuit Board,140.46,0.00,139.4,821,1.40
24/05/25 4:50,M005,Intermediate Material,Sheet Metal,166.36,0.00,197.03,707,3.51
24/05/25 4:55,M006,Finished Material,Machine Component,128.8,0.00,193.84,610,3.47
24/05/25 5:00,M005,Finished Material,Circuit Board,94.24,0.00,182.81,583,4.72
24/05/25 5:05,M003,Process Additive,Catalyst,145.47,0.00,127.2,380,4.57
24/05/25 5:10,M008,Intermediate Material,Textiles,170.82,0.00,105.33,892,1.48
24/05/25 5:15,M010,Raw Material,Cotton,117.6,0.00,187.75,774,4.35
24/05/25 5:20,M001,Raw Material,Cotton,133.86,0.00,114.99,277,3.07
24/05/25 5:25,M003,Hazardous Material,Lead-Based Alloy,59.9,0.00,156.33,234,0.61
24/05/25 5:30,M009,Intermediate Material,Plastic Resin,103.32,0.00,121.84,718,2.35
24/05/25 5:35,M001,Intermediate Material,Plastic Resin,127.36,0.00,88.57,450,3.22
24/05/25 5:40,M008,Hazardous Material,Lead-Based Alloy,104.25,0.00,181.83,641,3.72
24/05/25 5:45,M004,Process Additive,Catalyst,198.2,0.00,187.07,458,4.81
24/05/25 5:50,M003,Intermediate Material,Plastic Resin,80.69,0.00,111.83,157,3.58
24/05/25 5:55,M008,Finished Material,Circuit Board,127.12,0.00,82.41,973,3.26
24/05/25 6:00,M002,Finished Material,Circuit Board,138.64,0.00,153.24,399,1.19
24/05/25 6:05,M008,Hazardous Material,Solvent,178.53,0.00,154.33,860,2.36
24/05/25 6:10,M002,Intermediate Material,Textiles,74.53,0.00,156.46,913,0.36
24/05/25 6:15,M007,Process Additive,Catalyst,72.83,0.00,196.65,623,0.39
24/05/25 6:20,M005,Process Additive,Coolant,196.2,0.00,140.63,322,3.84
24/05/25 6:25,M008,Raw Material,Cotton,58.74,0.00,182.69,554,0.13
24/05/25 6:30,M006,Finished Material,Packaging,52.99,0.00,128.26,233,1.92
24/05/25 6:35,M004,Intermediate Material,Plastic Resin,110.7,0.00,191.8,830,3.28
24/05/25 6:40,M004,Intermediate Material,Plastic Resin,100.21,0.00,98.35,887,2.48
24/05/25 6:45,M009,Raw Material,Polypropylene,160.81,0.00,84.81,625,3.11
24/05/25 6:50,M004,Recycled Material,Reprocessed Plastics,124.19,16.44,164.04,767,0.95
24/05/25 6:55,M010,Hazardous Material,Solvent,175.37,0.00,103.42,679,4.03
24/05/25 7:00,M009,Process Additive,Coolant,91.57,0.00,92.92,795,4.03
24/05/25 7:05,M009,Finished Material,Circuit Board,197.27,0.00,189.74,563,4.87
24/05/25 7:10,M010,Intermediate Material,Textiles,74.84,0.00,177.03,860,3.02
24/05/25 7:15,M002,Recycled Material,Reprocessed Plastics,65.7,30.16,149.27,269,2.41
24/05/25 7:20,M005,Recycled Material,Reprocessed Plastics,193.66,18.06,119.78,329,0.97
24/05/25 7:25,M004,Raw Material,Cotton,136.12,0.00,172.89,172,3.96
24/05/25 7:30,M004,Finished Material,Machine Component,172.59,0.00,119.54,492,4.40
24/05/25 7:35,M010,Recycled Material,Scrap Steel,178.91,18.97,155.65,245,0.56
24/05/25 7:40,M001,Raw Material,Steel,75.73,0.00,143.4,415,3.31
24/05/25 7:45,M010,Process Additive,Catalyst,150.55,0.00,170.64,998,2.32
24/05/25 7:50,M001,Process Additive,Industrial Oil,145.47,0.00,193.08,332,2.56
24/05/25 7:55,M001,Finished Material,Machine Component,78.99,0.00,153.69,102,1.65
24/05/25 8:00,M004,Recycled Material,Reprocessed Plastics,197.94,10.41,167.62,578,3.17
24/05/25 8:05,M003,Finished Material,Machine Component,93.05,0.00,181.11,494,3.87
24/05/25 8:10,M003,Recycled Material,Reprocessed Plastics,97.59,4.44,169.62,456,0.82
24/05/25 8:15,M005,Intermediate Material,Textiles,123.8,0.00,183.11,126,2.22
24/05/25 8:20,M008,Hazardous Material,Lead-Based Alloy,159.94,0.00,117.26,766,1.50
24/05/25 8:25,M010,Process Additive,Industrial Oil,139.06,0.00,147.74,775,1.35
24/05/25 8:30,M010,Finished Material,Machine Component,76.37,0.00,111.52,307,2.76
24/05/25 8:35,M001,Hazardous Material,Lead-Based Alloy,165.04,0.00,133.61,780,0.37
24/05/25 8:40,M006,Recycled Material,Scrap Steel,149.86,20.70,119.77,762,2.22
24/05/25 8:45,M006,Finished Material,Circuit Board,184.35,0.00,98.73,190,3.23
24/05/25 8:50,M002,Raw Material,Aluminum,63.45,0.00,143.75,563,0.65
24/05/25 8:55,M001,Recycled Material,Reprocessed Plastics,136.86,13.69,179.44,482,2.07
24/05/25 9:00,M002,Hazardous Material,Solvent,170.9,0.00,167.38,802,1.88
24/05/25 9:05,M001,Raw Material,Polypropylene,58.19,0.00,112.44,378,4.97
24/05/25 9:10,M002,Raw Material,Aluminum,108.83,0.00,124.64,564,1.89
24/05/25 9:15,M005,Recycled Material,Reprocessed Plastics,112.89,32.12,172.37,504,1.81
24/05/25 9:20,M008,Intermediate Material,Textiles,70.89,0.00,157.15,591,4.87
24/05/25 9:25,M002,Raw Material,Polypropylene,50.41,0.00,142.36,729,0.11
24/05/25 9:30,M003,Intermediate Material,Sheet Metal,58.18,0.00,174.01,993,2.13
24/05/25 9:35,M003,Raw Material,Polypropylene,155.45,0.00,156.38,984,2.09
24/05/25 9:40,M002,Recycled Material,Reprocessed Plastics,83.05,41.87,135.54,956,4.18
24/05/25 9:45,M001,Process Additive,Industrial Oil,166.4,0.00,184.85,268,2.72
24/05/25 9:50,M001,Recycled Material,Scrap Steel,145.24,41.61,97.87,307,0.31
24/05/25 9:55,M010,Finished Material,Machine Component,66.71,0.00,184.12,590,0.56
24/05/25 10:00,M001,Recycled Material,Reprocessed Plastics,68.26,30.20,106.43,967,4.35
24/05/25 10:05,M001,Process Additive,Catalyst,58.79,0.00,94.21,571,3.28
24/05/25 10:10,M010,Finished Material,Packaging,120.39,0.00,153.05,790,1.01
24/05/25 10:15,M010,Hazardous Material,Solvent,111.86,0.00,83.87,736,1.94
24/05/25 10:20,M001,Hazardous Material,Solvent,90.67,0.00,130.42,170,4.31
24/05/25 10:25,M003,Hazardous Material,Lead-Based Alloy,52.76,0.00,160.34,601,2.71
24/05/25 10:30,M005,Finished Material,Machine Component,117.85,0.00,147.58,620,4.53
24/05/25 10:35,M003,Process Additive,Industrial Oil,118.29,0.00,154.61,643,3.70
24/05/25 10:40,M009,Finished Material,Machine Component,199.43,0.00,133.64,359,4.60
24/05/25 10:45,M003,Finished Material,Circuit Board,51.83,0.00,173.52,136,2.85
24/05/25 10:50,M008,Raw Material,Polypropylene,88.6,0.00,177.72,704,4.94
24/05/25 10:55,M001,Raw Material,Aluminum,177.8,0.00,176.22,321,1.92
24/05/25 11:00,M003,Finished Material,Packaging,63.18,0.00,180.23,491,2.23
24/05/25 11:05,M009,Raw Material,Polypropylene,52.66,0.00,99.13,647,0.91
24/05/25 11:10,M005,Recycled Material,Reprocessed Plastics,190.73,32.13,179.9,930,4.07
24/05/25 11:15,M004,Recycled Material,Scrap Steel,113.02,16.30,148.15,786,3.20
24/05/25 11:20,M004,Finished Material,Circuit Board,106.06,0.00,148.41,754,1.18
24/05/25 11:25,M009,Raw Material,Aluminum,67.72,0.00,158.44,725,0.31
24/05/25 11:30,M002,Hazardous Material,Lead-Based Alloy,156.37,0.00,125.74,694,4.02
24/05/25 11:35,M001,Process Additive,Coolant,139.12,0.00,116.46,851,1.53
24/05/25 11:40,M010,Process Additive,Industrial Oil,165.5,0.00,161.88,659,0.32
24/05/25 11:45,M002,Hazardous Material,Lead-Based Alloy,142.43,0.00,188.93,606,2.80
24/05/25 11:50,M002,Finished Material,Packaging,196.55,0.00,154.67,802,0.80
24/05/25 11:55,M009,Hazardous Material,Lead-Based Alloy,53.17,0.00,140.06,536,4.79
24/05/25 12:00,M001,Finished Material,Machine Component,174.03,0.00,142.72,952,1.46
24/05/25 12:05,M002,Recycled Material,Reprocessed Plastics,180.66,19.44,92.34,877,2.33
24/05/25 12:10,M003,Hazardous Material,Solvent,74.48,0.00,80.24,986,2.34
24/05/25 12:15,M009,Raw Material,Polypropylene,161.06,0.00,169.28,452,2.77
24/05/25 12:20,M005,Finished Material,Circuit Board,88.24,0.00,157.7,596,3.56
24/05/25 12:25,M010,Finished Material,Machine Component,155.25,0.00,101.2,106,0.17
24/05/25 12:30,M001,Intermediate Material,Sheet Metal,104.83,0.00,169.57,632,4.32
24/05/25 12:35,M002,Recycled Material,Reprocessed Plastics,138.42,30.44,101.37,255,3.43
24/05/25 12:40,M010,Process Additive,Catalyst,189.49,0.00,130.32,760,4.80
24/05/25 12:45,M010,Process Additive,Catalyst,194.79,0.00,121.55,618,4.66
24/05/25 12:50,M003,Process Additive,Industrial Oil,139.86,0.00,84.55,110,0.68
24/05/25 12:55,M007,Intermediate Material,Sheet Metal,89.35,0.00,154.73,237,4.92
24/05/25 13:00,M008,Recycled Material,Reprocessed Plastics,58.23,16.37,116.71,795,0.83
24/05/25 13:05,M009,Intermediate Material,Sheet Metal,142.55,0.00,169.22,859,1.85
24/05/25 13:10,M004,Finished Material,Machine Component,88.41,0.00,174.54,193,1.21
24/05/25 13:15,M001,Raw Material,Steel,97,0.00,182.92,588,2.03
24/05/25 13:20,M005,Raw Material,Polypropylene,180.51,0.00,92.32,737,2.73
24/05/25 13:25,M006,Process Additive,Industrial Oil,73.56,0.00,192.21,581,1.81
24/05/25 13:30,M009,Intermediate Material,Textiles,124.25,0.00,94.09,427,4.49
24/05/25 13:35,M006,Intermediate Material,Textiles,197.1,0.00,106.44,385,1.17
24/05/25 13:40,M003,Raw Material,Aluminum,135.34,0.00,175.72,594,3.96
24/05/25 13:45,M007,Process Additive,Coolant,74.87,0.00,80.78,302,4.43
24/05/25 13:50,M006,Raw Material,Steel,113.05,0.00,111.08,807,1.63
24/05/25 13:55,M006,Finished Material,Packaging,56.64,0.00,187.19,900,2.59
24/05/25 14:00,M010,Process Additive,Industrial Oil,121.38,0.00,161.45,263,2.60
24/05/25 14:05,M003,Process Additive,Catalyst,102.09,0.00,132.88,284,2.88
24/05/25 14:10,M008,Raw Material,Cotton,181.5,0.00,98.87,755,1.81
24/05/25 14:15,M009,Recycled Material,Scrap Steel,107.08,26.18,124.06,651,0.66
24/05/25 14:20,M003,Recycled Material,Scrap Steel,163.36,46.85,159.73,518,4.97
24/05/25 14:25,M006,Raw Material,Steel,62.65,0.00,103.76,238,3.18
24/05/25 14:30,M008,Finished Material,Circuit Board,198.23,0.00,105.8,407,3.83
24/05/25 14:35,M005,Recycled Material,Reprocessed Plastics,188.73,37.86,182.14,657,2.55
24/05/25 14:40,M007,Intermediate Material,Textiles,123.13,0.00,108.36,550,4.94
24/05/25 14:45,M010,Hazardous Material,Solvent,51.19,0.00,83.72,928,3.45
24/05/25 14:50,M006,Intermediate Material,Textiles,77.65,0.00,192.2,663,3.69
24/05/25 14:55,M002,Intermediate Material,Textiles,72.51,0.00,173.94,328,4.92
24/05/25 15:00,M010,Recycled Material,Reprocessed Plastics,117.94,37.39,181.4,877,3.23
24/05/25 15:05,M007,Process Additive,Coolant,99.83,0.00,99.02,435,4.63
24/05/25 15:10,M003,Intermediate Material,Sheet Metal,51.8,0.00,195.76,772,1.03
24/05/25 15:15,M005,Recycled Material,Reprocessed Plastics,151.49,40.00,95.78,679,3.44
24/05/25 15:20,M007,Raw Material,Aluminum,127.67,0.00,133.71,672,3.39
24/05/25 15:25,M007,Raw Material,Cotton,135.55,0.00,175.69,307,3.03
24/05/25 15:30,M005,Process Additive,Industrial Oil,55.54,0.00,126.12,969,2.65
24/05/25 15:35,M009,Finished Material,Circuit Board,142.45,0.00,88.47,249,4.87
24/05/25 15:40,M009,Finished Material,Machine Component,52.21,0.00,163.28,596,2.53
24/05/25 15:45,M008,Raw Material,Steel,86.82,0.00,158.11,749,0.06
24/05/25 15:50,M007,Hazardous Material,Solvent,147.7,0.00,158.06,525,4.56
24/05/25 15:55,M006,Finished Material,Circuit Board,152.99,0.00,126,407,0.37
24/05/25 16:00,M004,Process Additive,Industrial Oil,132.07,0.00,145.56,696,3.38
24/05/25 16:05,M001,Finished Material,Packaging,183.44,0.00,171.16,631,4.68
24/05/25 16:10,M001,Hazardous Material,Lead-Based Alloy,63.76,0.00,187.5,571,0.50
24/05/25 16:15,M010,Finished Material,Circuit Board,187.11,0.00,104.52,509,0.13
24/05/25 16:20,M007,Hazardous Material,Lead-Based Alloy,126.14,0.00,120.04,671,3.31
24/05/25 16:25,M005,Process Additive,Coolant,81.41,0.00,179.92,237,3.90
24/05/25 16:30,M004,Intermediate Material,Plastic Resin,178.83,0.00,165.67,606,4.97
24/05/25 16:35,M007,Intermediate Material,Textiles,167.2,0.00,106.84,174,3.58
24/05/25 16:40,M002,Finished Material,Packaging,58.22,0.00,116.53,624,4.46
24/05/25 16:45,M004,Raw Material,Cotton,135.5,0.00,138.59,889,1.88
24/05/25 16:50,M005,Intermediate Material,Sheet Metal,133.3,0.00,146.74,133,0.33
24/05/25 16:55,M009,Finished Material,Machine Component,91.89,0.00,99.94,193,3.57
24/05/25 17:00,M004,Raw Material,Steel,73.92,0.00,126.37,733,3.46
24/05/25 17:05,M005,Recycled Material,Scrap Steel,82.58,6.56,105.5,236,0.36
24/05/25 17:10,M009,Raw Material,Cotton,167.98,0.00,82.04,281,3.52
24/05/25 17:15,M003,Recycled Material,Reprocessed Plastics,128.88,27.57,184.75,645,1.59
24/05/25 17:20,M003,Raw Material,Cotton,82.8,0.00,182.84,219,1.91
24/05/25 17:25,M003,Recycled Material,Scrap Steel,181.52,4.47,186.58,205,0.05
24/05/25 17:30,M006,Intermediate Material,Sheet Metal,190.13,0.00,82.23,945,0.35
24/05/25 17:35,M010,Finished Material,Circuit Board,163.66,0.00,87.73,506,4.34
24/05/25 17:40,M003,Intermediate Material,Sheet Metal,131.48,0.00,82.16,320,3.31
24/05/25 17:45,M001,Intermediate Material,Sheet Metal,177.59,0.00,158.32,673,4.44
24/05/25 17:50,M002,Hazardous Material,Solvent,50.73,0.00,183.87,873,1.39
24/05/25 17:55,M010,Recycled Material,Scrap Steel,179.8,11.81,128.36,576,2.48
24/05/25 18:00,M008,Intermediate Material,Sheet Metal,144.92,0.00,113.88,149,3.48
24/05/25 18:05,M010,Hazardous Material,Lead-Based Alloy,115.09,0.00,181.1,309,3.45
24/05/25 18:10,M006,Intermediate Material,Sheet Metal,194.09,0.00,123.49,214,4.77
24/05/25 18:15,M003,Recycled Material,Scrap Steel,98.82,3.41,117.48,953,2.88
24/05/25 18:20,M007,Raw Material,Cotton,86.64,0.00,185.42,471,3.33
24/05/25 18:25,M006,Raw Material,Aluminum,83.2,0.00,95.07,705,1.98
24/05/25 18:30,M004,Raw Material,Aluminum,94.01,0.00,80.01,416,0.47
24/05/25 18:35,M004,Process Additive,Catalyst,144.76,0.00,130.35,445,1.19
24/05/25 18:40,M010,Raw Material,Aluminum,169.3,0.00,107.03,629,4.78
24/05/25 18:45,M006,Recycled Material,Reprocessed Plastics,80.09,30.25,150.57,994,2.52
24/05/25 18:50,M001,Raw Material,Polypropylene,65.3,0.00,96.99,486,2.44
24/05/25 18:55,M001,Raw Material,Polypropylene,114.58,0.00,108.94,224,1.34
24/05/25 19:00,M006,Raw Material,Steel,83.77,0.00,110.68,748,4.52
24/05/25 19:05,M006,Process Additive,Catalyst,157.49,0.00,167.16,397,1.94
24/05/25 19:10,M005,Finished Material,Circuit Board,58.8,0.00,140.24,881,3.23
24/05/25 19:15,M010,Raw Material,Aluminum,82.04,0.00,80.26,484,4.89
24/05/25 19:20,M002,Hazardous Material,Lead-Based Alloy,110.9,0.00,81.9,708,0.56
24/05/25 19:25,M008,Process Additive,Industrial Oil,118.47,0.00,121.23,860,2.89
24/05/25 19:30,M003,Recycled Material,Reprocessed Plastics,120.97,17.72,82.51,510,0.47
24/05/25 19:35,M007,Finished Material,Circuit Board,149.28,0.00,160.84,627,3.14
24/05/25 19:40,M005,Intermediate Material,Textiles,140.61,0.00,131.75,535,2.69
24/05/25 19:45,M009,Finished Material,Machine Component,167.69,0.00,99.76,245,4.44
24/05/25 19:50,M005,Hazardous Material,Solvent,62.05,0.00,83.59,332,1.92
24/05/25 19:55,M006,Intermediate Material,Plastic Resin,123.18,0.00,170.25,190,1.26
24/05/25 20:00,M003,Finished Material,Packaging,179.07,0.00,136.28,802,4.53
24/05/25 20:05,M008,Process Additive,Coolant,82.68,0.00,183.64,472,2.90
24/05/25 20:10,M006,Raw Material,Steel,57.46,0.00,155.38,118,4.90
24/05/25 20:15,M010,Process Additive,Coolant,120.57,0.00,196.87,534,4.56
24/05/25 20:20,M005,Intermediate Material,Plastic Resin,153.19,0.00,151.22,308,2.06
24/05/25 20:25,M002,Raw Material,Steel,134.82,0.00,192.85,367,1.62
24/05/25 20:30,M009,Raw Material,Polypropylene,156.46,0.00,159.8,552,0.21
24/05/25 20:35,M004,Recycled Material,Scrap Steel,115.95,5.62,87.11,538,0.06
24/05/25 20:40,M003,Process Additive,Industrial Oil,100.34,0.00,188.97,307,3.30
24/05/25 20:45,M002,Intermediate Material,Plastic Resin,161.45,0.00,134.01,290,4.97
24/05/25 20:50,M009,Raw Material,Polypropylene,94.88,0.00,88.31,478,1.33
24/05/25 20:55,M001,Raw Material,Cotton,87.1,0.00,197.34,728,0.18
24/05/25 21:00,M009,Process Additive,Catalyst,74.71,0.00,93.63,292,3.07
24/05/25 21:05,M004,Hazardous Material,Solvent,142.77,0.00,188.46,126,3.80
24/05/25 21:10,M009,Intermediate Material,Textiles,113.49,0.00,159.32,462,2.17
24/05/25 21:15,M002,Intermediate Material,Sheet Metal,167.22,0.00,193.1,391,1.93
24/05/25 21:20,M007,Recycled Material,Reprocessed Plastics,88.96,27.75,122.67,273,1.65
24/05/25 21:25,M001,Hazardous Material,Solvent,188.25,0.00,86.96,796,0.39
24/05/25 21:30,M005,Intermediate Material,Textiles,137.05,0.00,98.63,579,4.41
24/05/25 21:35,M010,Hazardous Material,Lead-Based Alloy,127.2,0.00,94.38,247,2.60
24/05/25 21:40,M006,Raw Material,Polypropylene,85.76,0.00,161.14,256,1.61
24/05/25 21:45,M006,Intermediate Material,Sheet Metal,86.92,0.00,192.66,788,4.35
24/05/25 21:50,M009,Recycled Material,Reprocessed Plastics,174.93,5.89,171.51,225,4.31
24/05/25 21:55,M010,Hazardous Material,Lead-Based Alloy,166.84,0.00,102.28,976,1.03
24/05/25 22:00,M010,Raw Material,Polypropylene,79.21,0.00,196.49,600,1.10
24/05/25 22:05,M001,Finished Material,Packaging,131.19,0.00,177.42,332,2.81
24/05/25 22:10,M009,Process Additive,Industrial Oil,65.69,0.00,131.69,586,2.32
24/05/25 22:15,M007,Hazardous Material,Lead-Based Alloy,154.41,0.00,184.52,695,4.33
24/05/25 22:20,M002,Finished Material,Circuit Board,99.26,0.00,181.35,203,2.89
24/05/25 22:25,M001,Hazardous Material,Solvent,196.74,0.00,115.19,877,1.53
24/05/25 22:30,M005,Raw Material,Cotton,138.66,0.00,198.6,219,4.45
24/05/25 22:35,M004,Hazardous Material,Solvent,169.77,0.00,136.5,665,3.22
24/05/25 22:40,M004,Raw Material,Polypropylene,161.77,0.00,124.72,607,2.12
24/05/25 22:45,M006,Hazardous Material,Solvent,143.74,0.00,147.58,284,3.68
24/05/25 22:50,M004,Intermediate Material,Textiles,121.38,0.00,100.09,370,4.74
24/05/25 22:55,M008,Raw Material,Aluminum,151.46,0.00,156.16,180,2.85
24/05/25 23:00,M001,Process Additive,Coolant,110.82,0.00,118.54,925,4.88
24/05/25 23:05,M005,Raw Material,Aluminum,96.23,0.00,82.53,559,1.99
24/05/25 23:10,M004,Intermediate Material,Textiles,167.03,0.00,133.27,930,3.48
24/05/25 23:15,M002,Finished Material,Packaging,162.28,0.00,84.01,462,4.05
24/05/25 23:20,M002,Hazardous Material,Lead-Based Alloy,120.62,0.00,80.89,797,1.34
24/05/25 23:25,M004,Recycled Material,Scrap Steel,116.22,36.44,105.8,355,2.67
24/05/25 23:30,M002,Intermediate Material,Sheet Metal,128.83,0.00,111.54,394,0.38
24/05/25 23:35,M006,Finished Material,Machine Component,157.36,0.00,176.58,867,2.81
24/05/25 23:40,M007,Raw Material,Steel,66.3,0.00,199.86,572,1.91
24/05/25 23:45,M003,Raw Material,Cotton,80.75,0.00,135.35,593,4.43
24/05/25 23:50,M004,Finished Material,Machine Component,96.81,0.00,113.67,431,4.66
24/05/25 23:55,M007,Process Additive,Coolant,185.41,0.00,198.78,165,3.26
25/05/25 0:00,M007,Hazardous Material,Solvent,138.87,0.00,128.54,336,2.37
25/05/25 0:05,M001,Raw Material,Polypropylene,83.54,0.00,103.32,227,1.49
25/05/25 0:10,M006,Recycled Material,Scrap Steel,110.69,45.10,81.17,642,4.84
25/05/25 0:15,M005,Raw Material,Steel,162.66,0.00,160.52,388,1.42
25/05/25 0:20,M007,Finished Material,Circuit Board,133.36,0.00,173.81,542,0.33
25/05/25 0:25,M004,Process Additive,Catalyst,106.63,0.00,191.3,931,2.73
25/05/25 0:30,M004,Recycled Material,Scrap Steel,61.73,28.20,162.75,628,0.43
25/05/25 0:35,M008,Intermediate Material,Sheet Metal,138.42,0.00,104.17,862,4.98
25/05/25 0:40,M005,Process Additive,Industrial Oil,147.49,0.00,80.39,757,2.62
25/05/25 0:45,M004,Process Additive,Catalyst,66.79,0.00,89.71,393,2.45
25/05/25 0:50,M005,Hazardous Material,Lead-Based Alloy,158.8,0.00,103.71,807,4.87
25/05/25 0:55,M009,Raw Material,Aluminum,181.67,0.00,191.1,586,3.24
25/05/25 1:00,M003,Finished Material,Machine Component,171.47,0.00,173.71,205,2.79
25/05/25 1:05,M006,Process Additive,Industrial Oil,148.87,0.00,102.25,804,2.52
25/05/25 1:10,M004,Raw Material,Aluminum,63.26,0.00,127.7,164,2.04
25/05/25 1:15,M004,Intermediate Material,Textiles,96.64,0.00,189.66,584,3.80
25/05/25 1:20,M008,Recycled Material,Scrap Steel,73.18,24.66,151.74,114,2.36
25/05/25 1:25,M007,Finished Material,Packaging,87.63,0.00,141.06,103,1.69
25/05/25 1:30,M001,Intermediate Material,Textiles,63.21,0.00,137.69,176,0.87
25/05/25 1:35,M009,Finished Material,Circuit Board,116.63,0.00,156.04,716,3.24
25/05/25 1:40,M006,Finished Material,Packaging,83.49,0.00,170.82,159,3.89
25/05/25 1:45,M003,Intermediate Material,Plastic Resin,146.94,0.00,142.03,380,2.13
25/05/25 1:50,M006,Intermediate Material,Textiles,97.51,0.00,179.3,531,2.95
25/05/25 1:55,M003,Intermediate Material,Sheet Metal,56.41,0.00,100.09,407,4.07
25/05/25 2:00,M007,Raw Material,Steel,101.1,0.00,175.97,788,4.16
25/05/25 2:05,M003,Intermediate Material,Sheet Metal,172.64,0.00,126.66,665,0.15
25/05/25 2:10,M010,Process Additive,Coolant,123.68,0.00,199.4,383,3.52
25/05/25 2:15,M002,Intermediate Material,Textiles,183.11,0.00,80.11,401,2.19
25/05/25 2:20,M003,Raw Material,Aluminum,163.59,0.00,95.38,661,2.23
25/05/25 2:25,M009,Process Additive,Coolant,77.87,0.00,177.95,657,3.23
25/05/25 2:30,M009,Recycled Material,Scrap Steel,121.95,11.07,176.14,916,2.26
25/05/25 2:35,M007,Raw Material,Cotton,196.13,0.00,102.59,997,3.25
25/05/25 2:40,M006,Finished Material,Circuit Board,155.88,0.00,128.92,682,4.30
25/05/25 2:45,M001,Recycled Material,Reprocessed Plastics,165.89,14.59,163.76,707,2.74
25/05/25 2:50,M004,Recycled Material,Reprocessed Plastics,189.72,12.18,109.59,859,4.17
25/05/25 2:55,M006,Recycled Material,Scrap Steel,185.93,25.36,122.43,450,2.41
25/05/25 3:00,M008,Finished Material,Machine Component,183.38,0.00,123.46,241,3.44
25/05/25 3:05,M005,Process Additive,Catalyst,85.06,0.00,88.85,797,4.64
25/05/25 3:10,M009,Finished Material,Circuit Board,115.97,0.00,117.45,997,2.83
25/05/25 3:15,M003,Intermediate Material,Textiles,183,0.00,125.28,388,0.65
25/05/25 3:20,M005,Process Additive,Industrial Oil,77.36,0.00,179.91,499,2.48
25/05/25 3:25,M001,Intermediate Material,Sheet Metal,197.91,0.00,177.44,277,3.09
25/05/25 3:30,M010,Hazardous Material,Lead-Based Alloy,186.97,0.00,171.08,840,0.02
25/05/25 3:35,M004,Recycled Material,Reprocessed Plastics,81.25,8.09,115.01,328,4.17
25/05/25 3:40,M009,Finished Material,Circuit Board,95.6,0.00,138.9,192,3.13
25/05/25 3:45,M007,Hazardous Material,Lead-Based Alloy,126.88,0.00,125.04,426,4.29
25/05/25 3:50,M001,Hazardous Material,Solvent,166.5,0.00,92.2,945,2.97
25/05/25 3:55,M001,Recycled Material,Scrap Steel,143.7,10.33,89.61,230,3.11
25/05/25 4:00,M001,Intermediate Material,Textiles,120.64,0.00,124.06,397,0.91
25/05/25 4:05,M001,Raw Material,Cotton,106.02,0.00,123.73,427,2.37
25/05/25 4:10,M009,Recycled Material,Scrap Steel,145.19,27.76,196.71,801,4.53
25/05/25 4:15,M008,Finished Material,Packaging,163.17,0.00,174.11,503,0.30
25/05/25 4:20,M006,Process Additive,Coolant,81.53,0.00,166.05,881,4.78
25/05/25 4:25,M005,Raw Material,Steel,135.84,0.00,80.8,129,3.73
25/05/25 4:30,M007,Raw Material,Cotton,181.79,0.00,176.49,982,0.33
25/05/25 4:35,M006,Intermediate Material,Sheet Metal,116.08,0.00,128.7,923,3.46
25/05/25 4:40,M005,Process Additive,Catalyst,106.18,0.00,152.1,819,2.95
25/05/25 4:45,M009,Raw Material,Polypropylene,81.94,0.00,171.1,999,4.08
25/05/25 4:50,M010,Recycled Material,Reprocessed Plastics,118.73,42.35,123.43,502,3.93
25/05/25 4:55,M007,Hazardous Material,Lead-Based Alloy,90.25,0.00,199.94,527,0.11
25/05/25 5:00,M004,Intermediate Material,Textiles,131.98,0.00,177.54,417,3.04
25/05/25 5:05,M010,Recycled Material,Reprocessed Plastics,106.57,2.51,164.5,975,4.69
25/05/25 5:10,M002,Hazardous Material,Solvent,163.67,0.00,142.1,137,1.44
25/05/25 5:15,M005,Finished Material,Circuit Board,78.94,0.00,197.74,413,2.63
25/05/25 5:20,M005,Process Additive,Industrial Oil,70.72,0.00,169.18,223,4.54
25/05/25 5:25,M004,Recycled Material,Scrap Steel,179.89,7.91,169.09,721,1.04
25/05/25 5:30,M001,Hazardous Material,Solvent,94.15,0.00,193.25,171,3.43
25/05/25 5:35,M002,Intermediate Material,Plastic Resin,199.05,0.00,165.56,438,4.16
25/05/25 5:40,M010,Hazardous Material,Lead-Based Alloy,187.95,0.00,137.06,450,2.01
25/05/25 5:45,M009,Recycled Material,Scrap Steel,190.78,2.87,156.88,529,1.74
25/05/25 5:50,M009,Intermediate Material,Plastic Resin,154.67,0.00,157.68,479,0.55
25/05/25 5:55,M001,Process Additive,Industrial Oil,85.42,0.00,138.28,594,4.77
25/05/25 6:00,M008,Hazardous Material,Solvent,170.68,0.00,158.77,759,1.01
25/05/25 6:05,M003,Finished Material,Circuit Board,90.7,0.00,152.18,590,1.09
25/05/25 6:10,M002,Hazardous Material,Solvent,120.75,0.00,119.41,562,2.91
25/05/25 6:15,M002,Intermediate Material,Sheet Metal,175.62,0.00,116.69,370,3.35
25/05/25 6:20,M003,Hazardous Material,Solvent,185.32,0.00,104.41,854,2.64
25/05/25 6:25,M007,Hazardous Material,Solvent,110.55,0.00,113.46,223,1.18
25/05/25 6:30,M007,Recycled Material,Reprocessed Plastics,90.43,27.30,131.17,618,3.02
25/05/25 6:35,M010,Recycled Material,Scrap Steel,127.9,23.95,130.87,678,4.56
25/05/25 6:40,M005,Raw Material,Aluminum,98.53,0.00,84.58,842,4.50
25/05/25 6:45,M005,Hazardous Material,Lead-Based Alloy,153.05,0.00,174.79,366,2.33
25/05/25 6:50,M003,Recycled Material,Scrap Steel,117.91,18.12,112.72,843,0.75
25/05/25 6:55,M009,Recycled Material,Scrap Steel,59.14,16.70,135.21,764,0.82
25/05/25 7:00,M008,Process Additive,Industrial Oil,118.46,0.00,197.62,993,3.07
25/05/25 7:05,M010,Raw Material,Polypropylene,107.27,0.00,80.87,559,2.73
25/05/25 7:10,M009,Raw Material,Aluminum,97.12,0.00,142.78,712,3.05
25/05/25 7:15,M002,Finished Material,Circuit Board,133.97,0.00,157.61,647,2.47
25/05/25 7:20,M008,Raw Material,Cotton,103.73,0.00,92.76,689,3.27
25/05/25 7:25,M010,Intermediate Material,Textiles,144.19,0.00,198.22,503,4.84
25/05/25 7:30,M008,Hazardous Material,Solvent,153.74,0.00,116.54,792,4.05
25/05/25 7:35,M004,Raw Material,Cotton,166.66,0.00,88.05,512,0.91
25/05/25 7:40,M007,Finished Material,Machine Component,160.22,0.00,182.1,521,0.35
25/05/25 7:45,M004,Intermediate Material,Textiles,108.85,0.00,174.93,222,1.21
25/05/25 7:50,M004,Intermediate Material,Textiles,169.91,0.00,95.58,801,4.10
25/05/25 7:55,M009,Recycled Material,Reprocessed Plastics,54.08,12.64,127.58,928,4.13
25/05/25 8:00,M010,Recycled Material,Reprocessed Plastics,54.55,15.64,127.3,375,4.82
25/05/25 8:05,M004,Process Additive,Catalyst,147.48,0.00,114.47,235,0.54
25/05/25 8:10,M008,Recycled Material,Scrap Steel,57.26,27.04,83.77,178,3.50
25/05/25 8:15,M009,Hazardous Material,Lead-Based Alloy,184.51,0.00,190.15,267,2.66
25/05/25 8:20,M001,Finished Material,Packaging,74.43,0.00,82.25,352,4.29
25/05/25 8:25,M006,Raw Material,Polypropylene,144.95,0.00,127.93,536,3.09
25/05/25 8:30,M010,Raw Material,Steel,189.11,0.00,152.13,997,1.09
25/05/25 8:35,M002,Process Additive,Industrial Oil,170.92,0.00,81.75,378,4.46
25/05/25 8:40,M002,Process Additive,Catalyst,118.43,0.00,141.68,373,3.48
25/05/25 8:45,M003,Recycled Material,Reprocessed Plastics,127.59,48.80,91.18,930,0.87
25/05/25 8:50,M008,Finished Material,Packaging,161.41,0.00,103.68,347,1.13
25/05/25 8:55,M006,Recycled Material,Reprocessed Plastics,185.68,1.00,146.17,362,3.98
25/05/25 9:00,M008,Recycled Material,Reprocessed Plastics,62.6,43.44,166.07,279,4.42
25/05/25 9:05,M006,Raw Material,Cotton,92.2,0.00,81.67,179,2.67
25/05/25 9:10,M002,Finished Material,Packaging,190.68,0.00,198.95,351,3.34
25/05/25 9:15,M007,Process Additive,Industrial Oil,81.79,0.00,156.14,538,1.85
25/05/25 9:20,M006,Process Additive,Coolant,162.17,0.00,95.3,774,4.00
25/05/25 9:25,M004,Hazardous Material,Solvent,160.61,0.00,129.36,791,0.87
25/05/25 9:30,M005,Process Additive,Catalyst,57.77,0.00,184.72,941,3.77
25/05/25 9:35,M010,Intermediate Material,Textiles,197.85,0.00,187.78,217,4.46
25/05/25 9:40,M004,Process Additive,Industrial Oil,100.95,0.00,177.84,368,4.13
25/05/25 9:45,M006,Finished Material,Packaging,194.6,0.00,131.57,949,4.93
25/05/25 9:50,M007,Finished Material,Packaging,50.35,0.00,163.23,623,0.42
25/05/25 9:55,M004,Hazardous Material,Solvent,195.33,0.00,134.55,441,4.23
25/05/25 10:00,M004,Finished Material,Machine Component,166.19,0.00,135.58,379,3.09
25/05/25 10:05,M009,Finished Material,Machine Component,52.77,0.00,163.86,648,4.42
25/05/25 10:10,M003,Finished Material,Machine Component,57.77,0.00,121.49,422,3.84
25/05/25 10:15,M007,Finished Material,Machine Component,61.71,0.00,87.13,731,0.12
25/05/25 10:20,M007,Raw Material,Steel,143.64,0.00,173.87,457,3.86
25/05/25 10:25,M008,Intermediate Material,Textiles,115.94,0.00,119.38,909,0.01
25/05/25 10:30,M002,Process Additive,Catalyst,90.93,0.00,117.13,882,2.98
25/05/25 10:35,M005,Process Additive,Industrial Oil,132.06,0.00,162.55,360,3.36
25/05/25 10:40,M001,Hazardous Material,Lead-Based Alloy,166.94,0.00,167.76,315,0.54
25/05/25 10:45,M006,Raw Material,Cotton,134.03,0.00,109.15,972,1.71
25/05/25 10:50,M004,Hazardous Material,Lead-Based Alloy,177.37,0.00,108.79,378,3.17
25/05/25 10:55,M004,Intermediate Material,Textiles,143.41,0.00,185.59,245,0.13
25/05/25 11:00,M006,Finished Material,Machine Component,165.35,0.00,124.12,454,4.70
25/05/25 11:05,M007,Intermediate Material,Textiles,95.23,0.00,139.74,493,3.98
25/05/25 11:10,M008,Hazardous Material,Lead-Based Alloy,175.15,0.00,177.23,708,1.21
25/05/25 11:15,M010,Process Additive,Industrial Oil,60.75,0.00,149.4,459,0.40
25/05/25 11:20,M009,Hazardous Material,Solvent,164.28,0.00,145.63,643,4.61
25/05/25 11:25,M009,Raw Material,Polypropylene,122.34,0.00,167.13,950,2.55
25/05/25 11:30,M010,Recycled Material,Scrap Steel,51.82,42.70,147.3,675,2.16
25/05/25 11:35,M006,Finished Material,Packaging,138.28,0.00,172.03,635,1.46
25/05/25 11:40,M001,Recycled Material,Reprocessed Plastics,101.22,20.98,160.32,795,3.73
25/05/25 11:45,M008,Raw Material,Aluminum,186.83,0.00,133.7,647,4.04
25/05/25 11:50,M009,Recycled Material,Reprocessed Plastics,128.06,41.13,86.41,693,2.76
25/05/25 11:55,M001,Finished Material,Circuit Board,55.18,0.00,120.97,778,4.53
25/05/25 12:00,M001,Process Additive,Coolant,168.97,0.00,150.25,148,4.43
25/05/25 12:05,M005,Intermediate Material,Textiles,53.13,0.00,127.87,365,4.60
25/05/25 12:10,M005,Recycled Material,Reprocessed Plastics,78.52,8.39,97.89,744,3.97
25/05/25 12:15,M005,Raw Material,Cotton,85.33,0.00,92.15,595,0.40
25/05/25 12:20,M009,Finished Material,Packaging,162.35,0.00,80.05,169,0.90
25/05/25 12:25,M004,Recycled Material,Reprocessed Plastics,186.47,30.52,196.45,173,3.67
25/05/25 12:30,M010,Finished Material,Machine Component,189.17,0.00,187.18,184,4.89
25/05/25 12:35,M007,Recycled Material,Reprocessed Plastics,91.19,3.31,83.5,811,2.87
25/05/25 12:40,M006,Intermediate Material,Plastic Resin,101.25,0.00,124,817,3.54
25/05/25 12:45,M009,Intermediate Material,Sheet Metal,193.05,0.00,188.13,880,3.76
25/05/25 12:50,M001,Finished Material,Circuit Board,61.29,0.00,126.35,750,4.33
25/05/25 12:55,M004,Intermediate Material,Sheet Metal,99.58,0.00,198.7,147,0.30
25/05/25 13:00,M008,Process Additive,Industrial Oil,171.1,0.00,125.98,486,3.56
25/05/25 13:05,M005,Intermediate Material,Sheet Metal,132.48,0.00,82.9,403,0.74
25/05/25 13:10,M004,Raw Material,Cotton,123.61,0.00,105.47,971,4.96
25/05/25 13:15,M007,Finished Material,Machine Component,197.82,0.00,136.9,139,1.90
25/05/25 13:20,M007,Raw Material,Cotton,118.13,0.00,157.27,603,4.54
25/05/25 13:25,M009,Hazardous Material,Lead-Based Alloy,60.86,0.00,94.67,220,0.20
25/05/25 13:30,M008,Intermediate Material,Textiles,53.81,0.00,159.28,582,3.10
25/05/25 13:35,M009,Finished Material,Circuit Board,158.96,0.00,158.64,567,0.30
25/05/25 13:40,M006,Recycled Material,Reprocessed Plastics,119.74,43.49,131.43,438,2.70
25/05/25 13:45,M006,Recycled Material,Reprocessed Plastics,117.48,1.06,107.03,849,1.12
25/05/25 13:50,M008,Finished Material,Machine Component,144.98,0.00,170.04,386,3.84
25/05/25 13:55,M010,Raw Material,Steel,172.75,0.00,171.31,833,3.09
25/05/25 14:00,M004,Finished Material,Machine Component,129.39,0.00,144.79,973,2.01
25/05/25 14:05,M003,Intermediate Material,Sheet Metal,130.71,0.00,114.68,959,1.07
25/05/25 14:10,M005,Intermediate Material,Sheet Metal,89.56,0.00,178.14,278,0.13
25/05/25 14:15,M008,Raw Material,Steel,53.52,0.00,127.12,887,2.34
25/05/25 14:20,M006,Process Additive,Coolant,102.08,0.00,177.49,894,3.08
25/05/25 14:25,M005,Finished Material,Circuit Board,192.27,0.00,105.3,242,1.71
25/05/25 14:30,M002,Recycled Material,Scrap Steel,173.03,31.73,86.32,962,4.05
25/05/25 14:35,M009,Intermediate Material,Sheet Metal,121.21,0.00,194.94,497,4.78
25/05/25 14:40,M004,Raw Material,Steel,167.42,0.00,169.84,364,2.77
25/05/25 14:45,M001,Hazardous Material,Solvent,182.08,0.00,89.49,270,3.86
25/05/25 14:50,M009,Raw Material,Polypropylene,95.68,0.00,185.57,161,1.99
25/05/25 14:55,M006,Finished Material,Machine Component,188.39,0.00,95.22,202,0.67
25/05/25 15:00,M002,Finished Material,Machine Component,127.48,0.00,80.09,643,4.50
25/05/25 15:05,M008,Recycled Material,Reprocessed Plastics,196.13,45.64,95.44,441,0.76
25/05/25 15:10,M007,Recycled Material,Scrap Steel,174.22,22.58,88.72,562,3.82
25/05/25 15:15,M007,Hazardous Material,Solvent,128.9,0.00,131.98,529,4.96
25/05/25 15:20,M005,Raw Material,Polypropylene,120.9,0.00,108.23,995,3.03
25/05/25 15:25,M005,Recycled Material,Reprocessed Plastics,78.71,23.33,197.24,451,0.86
25/05/25 15:30,M008,Recycled Material,Reprocessed Plastics,130.76,41.73,156.81,603,3.59
25/05/25 15:35,M004,Finished Material,Packaging,106.09,0.00,126.56,495,0.17
25/05/25 15:40,M003,Finished Material,Packaging,87.37,0.00,137.65,948,0.15
25/05/25 15:45,M005,Finished Material,Packaging,52.55,0.00,153.8,829,3.23
25/05/25 15:50,M001,Finished Material,Machine Component,169.4,0.00,177.29,459,3.22
25/05/25 15:55,M002,Hazardous Material,Solvent,159.26,0.00,155.74,327,0.70
25/05/25 16:00,M001,Finished Material,Machine Component,123.15,0.00,138.96,444,3.59
25/05/25 16:05,M007,Raw Material,Steel,104.21,0.00,195.74,723,4.88
25/05/25 16:10,M006,Finished Material,Packaging,144.34,0.00,107.59,923,3.89
25/05/25 16:15,M005,Raw Material,Cotton,68.86,0.00,170.81,799,4.08
25/05/25 16:20,M001,Recycled Material,Scrap Steel,132.13,38.20,90.45,836,3.48
25/05/25 16:25,M007,Recycled Material,Scrap Steel,149.25,39.58,103.16,689,2.68
25/05/25 16:30,M006,Raw Material,Aluminum,89.46,0.00,104,935,2.84
25/05/25 16:35,M007,Intermediate Material,Plastic Resin,115.27,0.00,87.35,634,2.49
25/05/25 16:40,M010,Finished Material,Circuit Board,92.66,0.00,97.4,818,1.30
25/05/25 16:45,M007,Recycled Material,Reprocessed Plastics,71.64,40.04,138.89,397,1.21
25/05/25 16:50,M010,Recycled Material,Reprocessed Plastics,124.97,6.52,156.83,243,1.95
25/05/25 16:55,M004,Finished Material,Machine Component,128.37,0.00,82.9,836,4.75
25/05/25 17:00,M003,Hazardous Material,Solvent,65.64,0.00,160.64,673,3.55
25/05/25 17:05,M001,Hazardous Material,Solvent,102.27,0.00,143.15,258,1.89
25/05/25 17:10,M008,Recycled Material,Scrap Steel,83.49,43.08,102.47,633,0.48
25/05/25 17:15,M009,Recycled Material,Reprocessed Plastics,197.42,11.15,80.84,916,0.52
25/05/25 17:20,M008,Finished Material,Machine Component,89.19,0.00,198.48,535,1.71
25/05/25 17:25,M003,Intermediate Material,Plastic Resin,110.14,0.00,153.3,628,3.99
25/05/25 17:30,M002,Recycled Material,Scrap Steel,59.98,18.54,135.36,353,1.86
25/05/25 17:35,M003,Finished Material,Packaging,94.56,0.00,111.27,565,0.15
25/05/25 17:40,M006,Raw Material,Steel,103.17,0.00,186.15,366,3.41
25/05/25 17:45,M009,Raw Material,Cotton,112.4,0.00,117.49,570,2.59
25/05/25 17:50,M002,Intermediate Material,Textiles,149.97,0.00,94.27,567,2.18
25/05/25 17:55,M008,Hazardous Material,Lead-Based Alloy,79.48,0.00,152.8,653,0.88
25/05/25 18:00,M003,Process Additive,Coolant,69.02,0.00,179.13,922,3.78
25/05/25 18:05,M009,Raw Material,Cotton,180.9,0.00,159.6,473,4.03
25/05/25 18:10,M005,Raw Material,Cotton,113.59,0.00,179.57,418,2.04
25/05/25 18:15,M005,Raw Material,Steel,146.71,0.00,149.44,211,0.16
25/05/25 18:20,M002,Process Additive,Catalyst,166.38,0.00,183.72,681,3.20
25/05/25 18:25,M002,Finished Material,Circuit Board,174.25,0.00,140.77,767,1.18
25/05/25 18:30,M006,Hazardous Material,Solvent,92.26,0.00,197.99,827,0.04
25/05/25 18:35,M002,Intermediate Material,Plastic Resin,121.22,0.00,96.26,553,4.90
25/05/25 18:40,M002,Process Additive,Coolant,147.08,0.00,199.47,299,4.14
25/05/25 18:45,M010,Raw Material,Steel,152.17,0.00,113.81,599,2.85
25/05/25 18:50,M005,Raw Material,Steel,148.55,0.00,83.46,921,4.85
25/05/25 18:55,M009,Hazardous Material,Lead-Based Alloy,74.99,0.00,156.23,982,2.01
25/05/25 19:00,M002,Hazardous Material,Solvent,98.87,0.00,169.86,133,0.77
25/05/25 19:05,M010,Intermediate Material,Plastic Resin,113.12,0.00,118.63,941,2.08
25/05/25 19:10,M006,Hazardous Material,Solvent,194.93,0.00,142.96,272,1.19
25/05/25 19:15,M007,Process Additive,Coolant,76.76,0.00,129.69,113,2.77
25/05/25 19:20,M006,Hazardous Material,Lead-Based Alloy,150.37,0.00,94.41,638,3.84
25/05/25 19:25,M009,Raw Material,Steel,154.85,0.00,80.01,440,4.64
25/05/25 19:30,M008,Hazardous Material,Lead-Based Alloy,131.92,0.00,127.68,636,3.68
25/05/25 19:35,M003,Finished Material,Packaging,177.05,0.00,98.55,873,4.99
25/05/25 19:40,M001,Recycled Material,Scrap Steel,59.21,42.94,87.5,881,2.12
25/05/25 19:45,M003,Intermediate Material,Sheet Metal,180.96,0.00,150.84,487,4.72
25/05/25 19:50,M007,Intermediate Material,Sheet Metal,104.94,0.00,88.29,971,4.89
25/05/25 19:55,M002,Hazardous Material,Lead-Based Alloy,116.8,0.00,180.61,795,4.47
25/05/25 20:00,M008,Finished Material,Circuit Board,142.95,0.00,100,941,3.47
25/05/25 20:05,M005,Intermediate Material,Textiles,133.79,0.00,106,650,3.84
25/05/25 20:10,M004,Process Additive,Catalyst,75.12,0.00,185.84,305,2.80
25/05/25 20:15,M009,Recycled Material,Reprocessed Plastics,142.36,17.56,90.61,724,0.70
25/05/25 20:20,M004,Intermediate Material,Plastic Resin,104.49,0.00,142.94,456,2.28
25/05/25 20:25,M003,Hazardous Material,Lead-Based Alloy,89.38,0.00,158.58,763,2.58
25/05/25 20:30,M010,Raw Material,Cotton,62.25,0.00,151.98,458,1.61
25/05/25 20:35,M009,Recycled Material,Reprocessed Plastics,81.19,34.91,97.95,519,0.43
25/05/25 20:40,M010,Hazardous Material,Lead-Based Alloy,197.11,0.00,185.03,978,4.12
25/05/25 20:45,M010,Process Additive,Industrial Oil,114.29,0.00,147.96,742,3.29
25/05/25 20:50,M001,Intermediate Material,Plastic Resin,139.37,0.00,189.97,729,3.41
25/05/25 20:55,M002,Process Additive,Coolant,177.62,0.00,190.66,182,4.05
25/05/25 21:00,M009,Hazardous Material,Lead-Based Alloy,120.98,0.00,99.41,386,1.69
25/05/25 21:05,M009,Process Additive,Catalyst,160.8,0.00,112.45,363,0.21
25/05/25 21:10,M001,Hazardous Material,Lead-Based Alloy,113.13,0.00,146.32,898,2.58
25/05/25 21:15,M007,Process Additive,Catalyst,131.01,0.00,82.65,605,3.28
25/05/25 21:20,M001,Raw Material,Steel,103.32,0.00,176.26,182,2.85
25/05/25 21:25,M008,Process Additive,Industrial Oil,194.66,0.00,158.91,429,2.23
25/05/25 21:30,M003,Finished Material,Packaging,69.33,0.00,121.26,938,4.52
25/05/25 21:35,M006,Finished Material,Machine Component,125.03,0.00,164.26,660,1.34
25/05/25 21:40,M010,Finished Material,Circuit Board,50.22,0.00,120.74,768,2.81
25/05/25 21:45,M003,Intermediate Material,Plastic Resin,178.58,0.00,112.78,291,1.47
25/05/25 21:50,M005,Recycled Material,Scrap Steel,50.7,48.65,121.39,685,3.46
25/05/25 21:55,M007,Finished Material,Machine Component,185.62,0.00,116.99,375,3.91
25/05/25 22:00,M001,Hazardous Material,Solvent,171.32,0.00,136.76,596,4.49
25/05/25 22:05,M005,Hazardous Material,Solvent,122.66,0.00,134.97,348,4.76
25/05/25 22:10,M001,Finished Material,Packaging,81.89,0.00,132.74,785,2.68
25/05/25 22:15,M001,Hazardous Material,Lead-Based Alloy,178.8,0.00,160.92,137,3.58
25/05/25 22:20,M007,Intermediate Material,Plastic Resin,146.14,0.00,116.89,888,3.37
25/05/25 22:25,M009,Raw Material,Polypropylene,183.41,0.00,96.15,794,0.77
25/05/25 22:30,M004,Raw Material,Polypropylene,167.15,0.00,147.64,996,1.72
25/05/25 22:35,M004,Intermediate Material,Plastic Resin,198.9,0.00,172.96,868,0.94
25/05/25 22:40,M009,Recycled Material,Reprocessed Plastics,101.63,22.47,167.32,455,0.69
25/05/25 22:45,M009,Recycled Material,Reprocessed Plastics,191.11,43.84,123.21,842,4.78
25/05/25 22:50,M007,Process Additive,Catalyst,121.54,0.00,100.14,510,1.55
25/05/25 22:55,M009,Recycled Material,Scrap Steel,83.62,2.56,101.09,460,1.31
25/05/25 23:00,M005,Process Additive,Industrial Oil,85.8,0.00,133.37,621,1.75
25/05/25 23:05,M010,Process Additive,Catalyst,144,0.00,141.05,394,2.28
25/05/25 23:10,M005,Raw Material,Polypropylene,105.78,0.00,119.47,863,1.93
25/05/25 23:15,M004,Recycled Material,Scrap Steel,114.11,45.48,157.85,973,0.33
25/05/25 23:20,M002,Hazardous Material,Solvent,147.25,0.00,103.74,760,2.20
25/05/25 23:25,M006,Finished Material,Packaging,102.24,0.00,147.66,267,0.89
25/05/25 23:30,M009,Raw Material,Aluminum,86.92,0.00,191.73,255,1.44
25/05/25 23:35,M010,Finished Material,Packaging,119.04,0.00,195.41,573,3.59
25/05/25 23:40,M002,Hazardous Material,Lead-Based Alloy,179.11,0.00,165.66,486,2.21
25/05/25 23:45,M008,Process Additive,Industrial Oil,106.85,0.00,179.58,658,3.12
25/05/25 23:50,M001,Hazardous Material,Solvent,140.54,0.00,132.62,364,1.12
25/05/25 23:55,M007,Hazardous Material,Solvent,120.55,0.00,199.86,310,4.85
26/05/25 0:00,M005,Recycled Material,Reprocessed Plastics,154.59,25.84,149.88,832,2.53
26/05/25 0:05,M002,Recycled Material,Scrap Steel,155.09,26.32,137.66,570,1.92
26/05/25 0:10,M006,Hazardous Material,Lead-Based Alloy,130.95,0.00,102.69,908,3.09
26/05/25 0:15,M006,Intermediate Material,Textiles,60.1,0.00,163.31,957,2.82
26/05/25 0:20,M001,Finished Material,Circuit Board,178.93,0.00,103.25,166,0.67
26/05/25 0:25,M007,Raw Material,Polypropylene,97.78,0.00,181.51,406,0.31
26/05/25 0:30,M009,Process Additive,Coolant,143.18,0.00,144.53,552,2.12
26/05/25 0:35,M006,Process Additive,Catalyst,180.65,0.00,91.29,274,2.08
26/05/25 0:40,M002,Intermediate Material,Sheet Metal,124.4,0.00,109.01,987,1.05
26/05/25 0:45,M009,Finished Material,Packaging,86.27,0.00,149.78,414,0.55
26/05/25 0:50,M004,Finished Material,Machine Component,99.17,0.00,166.02,306,0.88
26/05/25 0:55,M006,Finished Material,Packaging,58.37,0.00,169.9,395,1.74
26/05/25 1:00,M008,Raw Material,Steel,164.88,0.00,199.26,930,3.50
26/05/25 1:05,M005,Intermediate Material,Plastic Resin,65.4,0.00,174,711,0.63
26/05/25 1:10,M007,Intermediate Material,Sheet Metal,124.37,0.00,86.57,310,0.50
26/05/25 1:15,M005,Finished Material,Circuit Board,69.46,0.00,169.23,145,4.81
26/05/25 1:20,M001,Finished Material,Machine Component,108.18,0.00,179.65,380,1.04
26/05/25 1:25,M005,Finished Material,Machine Component,50.31,0.00,157.95,865,1.88
26/05/25 1:30,M004,Intermediate Material,Textiles,105,0.00,113.33,827,2.02
26/05/25 1:35,M003,Hazardous Material,Solvent,55.66,0.00,100.53,254,0.47
26/05/25 1:40,M002,Process Additive,Catalyst,145.97,0.00,167.3,459,4.27
26/05/25 1:45,M002,Recycled Material,Scrap Steel,147.44,33.43,190.76,474,0.22
26/05/25 1:50,M005,Hazardous Material,Solvent,75.42,0.00,86.15,869,0.71
26/05/25 1:55,M004,Process Additive,Coolant,148.27,0.00,98.45,272,1.28
26/05/25 2:00,M006,Finished Material,Machine Component,170.41,0.00,187.59,146,3.82
26/05/25 2:05,M002,Raw Material,Aluminum,141.92,0.00,80.51,474,3.28
26/05/25 2:10,M010,Intermediate Material,Plastic Resin,104.57,0.00,156.15,301,1.34
26/05/25 2:15,M009,Recycled Material,Scrap Steel,162.8,20.94,175.37,780,1.13
26/05/25 2:20,M006,Process Additive,Coolant,110.28,0.00,141.09,704,2.77
26/05/25 2:25,M009,Intermediate Material,Textiles,89.1,0.00,105.19,677,3.89
26/05/25 2:30,M005,Hazardous Material,Solvent,136.98,0.00,85.08,995,1.73
26/05/25 2:35,M006,Recycled Material,Scrap Steel,173.84,42.05,188.89,103,2.30
26/05/25 2:40,M003,Recycled Material,Reprocessed Plastics,50.15,33.69,81.2,357,2.28
26/05/25 2:45,M006,Raw Material,Steel,118.25,0.00,117.76,441,2.06
26/05/25 2:50,M007,Process Additive,Coolant,127.37,0.00,171.84,749,4.83
26/05/25 2:55,M001,Finished Material,Machine Component,98.46,0.00,192,988,2.95
26/05/25 3:00,M003,Intermediate Material,Sheet Metal,75.39,0.00,101.8,358,1.20
26/05/25 3:05,M001,Recycled Material,Scrap Steel,153.53,28.71,184.09,946,2.15
26/05/25 3:10,M010,Recycled Material,Scrap Steel,160.85,12.31,171.06,448,2.96
26/05/25 3:15,M002,Process Additive,Catalyst,72.05,0.00,85.93,956,0.77
26/05/25 3:20,M007,Raw Material,Aluminum,172.36,0.00,105.96,667,2.06
26/05/25 3:25,M002,Process Additive,Industrial Oil,157.37,0.00,95.79,394,4.65
26/05/25 3:30,M005,Intermediate Material,Sheet Metal,89.19,0.00,151.35,274,1.44
26/05/25 3:35,M001,Intermediate Material,Sheet Metal,153.7,0.00,172.88,157,0.08
26/05/25 3:40,M002,Intermediate Material,Sheet Metal,117.14,0.00,192.59,275,2.72
26/05/25 3:45,M003,Process Additive,Catalyst,85.37,0.00,87.36,700,4.18
26/05/25 3:50,M010,Raw Material,Aluminum,100.35,0.00,171.07,718,1.61
26/05/25 3:55,M007,Raw Material,Cotton,199.61,0.00,102.06,387,4.47
26/05/25 4:00,M009,Process Additive,Coolant,160.29,0.00,175.98,392,0.28
26/05/25 4:05,M009,Hazardous Material,Solvent,118.76,0.00,192.07,320,1.88
26/05/25 4:10,M005,Raw Material,Aluminum,50.04,0.00,135.79,711,0.27
26/05/25 4:15,M004,Intermediate Material,Plastic Resin,58.21,0.00,138.22,292,4.55
26/05/25 4:20,M006,Recycled Material,Reprocessed Plastics,175.93,8.19,88.26,863,4.66
26/05/25 4:25,M004,Recycled Material,Scrap Steel,138.15,14.57,177.4,784,2.73
26/05/25 4:30,M008,Finished Material,Machine Component,179.74,0.00,103.46,843,3.71
26/05/25 4:35,M005,Intermediate Material,Textiles,73.43,0.00,113.52,270,2.97
26/05/25 4:40,M003,Intermediate Material,Sheet Metal,191.92,0.00,182.5,301,2.61
26/05/25 4:45,M002,Intermediate Material,Textiles,190.82,0.00,119.05,839,0.82
26/05/25 4:50,M006,Hazardous Material,Lead-Based Alloy,107.72,0.00,138.24,128,3.86
26/05/25 4:55,M005,Raw Material,Steel,199.8,0.00,115.92,275,1.56
26/05/25 5:00,M003,Intermediate Material,Textiles,198.1,0.00,110.2,478,1.94
26/05/25 5:05,M001,Hazardous Material,Lead-Based Alloy,136.29,0.00,107.2,995,3.49
26/05/25 5:10,M006,Raw Material,Polypropylene,112.25,0.00,98.75,728,3.46
26/05/25 5:15,M004,Finished Material,Machine Component,91.75,0.00,122.29,301,4.30
26/05/25 5:20,M009,Finished Material,Circuit Board,81.08,0.00,142.67,620,3.22
26/05/25 5:25,M010,Process Additive,Catalyst,61.95,0.00,188.68,724,0.11
26/05/25 5:30,M004,Raw Material,Polypropylene,101.04,0.00,137.87,684,1.73
26/05/25 5:35,M009,Finished Material,Circuit Board,101.8,0.00,189.1,232,1.12
26/05/25 5:40,M004,Raw Material,Steel,122.31,0.00,147.15,994,4.44
26/05/25 5:45,M009,Recycled Material,Reprocessed Plastics,125.44,14.90,161.75,391,2.33
26/05/25 5:50,M006,Intermediate Material,Textiles,142.97,0.00,112.27,355,3.70
26/05/25 5:55,M007,Process Additive,Industrial Oil,133.4,0.00,172.53,685,0.68
26/05/25 6:00,M003,Recycled Material,Scrap Steel,161.94,16.65,95.62,799,1.84
26/05/25 6:05,M005,Finished Material,Circuit Board,169.4,0.00,169.52,163,4.46
26/05/25 6:10,M006,Process Additive,Catalyst,111.57,0.00,158.4,173,0.71
26/05/25 6:15,M007,Recycled Material,Reprocessed Plastics,184.45,25.37,174.31,683,4.14
26/05/25 6:20,M001,Finished Material,Machine Component,135.26,0.00,116.27,136,1.24
26/05/25 6:25,M007,Process Additive,Industrial Oil,176.21,0.00,181.09,432,3.80
26/05/25 6:30,M003,Raw Material,Cotton,98.03,0.00,182.04,850,1.12
26/05/25 6:35,M007,Finished Material,Circuit Board,94.24,0.00,106.48,989,0.29
26/05/25 6:40,M004,Recycled Material,Scrap Steel,101.78,44.48,165.35,294,3.97
26/05/25 6:45,M001,Hazardous Material,Lead-Based Alloy,100.27,0.00,181.2,521,2.67
26/05/25 6:50,M001,Hazardous Material,Solvent,86.12,0.00,196.17,179,3.74
26/05/25 6:55,M003,Intermediate Material,Plastic Resin,74.51,0.00,183.19,511,1.38
26/05/25 7:00,M008,Process Additive,Coolant,132.35,0.00,87.41,548,3.25
26/05/25 7:05,M007,Process Additive,Coolant,74.5,0.00,129.63,989,1.16
26/05/25 7:10,M008,Finished Material,Packaging,54.49,0.00,142.9,852,0.20
26/05/25 7:15,M002,Finished Material,Circuit Board,66.37,0.00,115.32,959,4.85
26/05/25 7:20,M009,Raw Material,Polypropylene,108.76,0.00,156.82,231,0.52
26/05/25 7:25,M009,Recycled Material,Reprocessed Plastics,157.47,32.65,83.06,362,2.92
26/05/25 7:30,M001,Finished Material,Packaging,59.26,0.00,100.35,296,3.44
26/05/25 7:35,M005,Hazardous Material,Lead-Based Alloy,199.88,0.00,113.99,715,1.04
26/05/25 7:40,M007,Process Additive,Industrial Oil,183.23,0.00,90.27,175,0.29
26/05/25 7:45,M001,Finished Material,Machine Component,152.76,0.00,104.83,129,4.00
26/05/25 7:50,M006,Raw Material,Aluminum,63.22,0.00,167.35,625,2.28
26/05/25 7:55,M006,Raw Material,Cotton,112.29,0.00,172.49,555,4.83
26/05/25 8:00,M006,Finished Material,Circuit Board,90.09,0.00,111.79,333,1.73
26/05/25 8:05,M002,Process Additive,Coolant,53.15,0.00,122.14,372,3.60
26/05/25 8:10,M008,Recycled Material,Scrap Steel,152.79,3.25,173.41,652,1.94
26/05/25 8:15,M002,Process Additive,Industrial Oil,67.62,0.00,188.87,544,0.87
26/05/25 8:20,M008,Raw Material,Polypropylene,81.17,0.00,124.37,297,1.32
26/05/25 8:25,M001,Recycled Material,Scrap Steel,147.07,21.09,119.07,746,1.27
26/05/25 8:30,M008,Intermediate Material,Plastic Resin,102.16,0.00,94.58,815,0.18
26/05/25 8:35,M004,Recycled Material,Scrap Steel,78.03,0.34,97.4,851,0.16
26/05/25 8:40,M005,Process Additive,Catalyst,162.14,0.00,116.08,120,2.74
26/05/25 8:45,M007,Finished Material,Circuit Board,160.95,0.00,131.42,707,0.64
26/05/25 8:50,M004,Intermediate Material,Plastic Resin,55.85,0.00,160.66,696,3.68
26/05/25 8:55,M010,Hazardous Material,Lead-Based Alloy,167.32,0.00,179.98,704,4.92
26/05/25 9:00,M005,Raw Material,Steel,171.7,0.00,153.34,617,0.57
26/05/25 9:05,M010,Recycled Material,Scrap Steel,199.09,29.36,159.41,965,3.96
26/05/25 9:10,M003,Hazardous Material,Solvent,178.64,0.00,116.71,178,1.68
26/05/25 9:15,M010,Process Additive,Catalyst,72.5,0.00,122.71,751,0.96
26/05/25 9:20,M006,Raw Material,Aluminum,110.78,0.00,111.27,277,2.40
26/05/25 9:25,M009,Finished Material,Machine Component,143.8,0.00,182.51,960,2.19
26/05/25 9:30,M005,Hazardous Material,Lead-Based Alloy,181.81,0.00,84.5,171,4.76
26/05/25 9:35,M003,Hazardous Material,Lead-Based Alloy,154.83,0.00,136.2,938,1.36
26/05/25 9:40,M001,Finished Material,Machine Component,123.91,0.00,139.72,629,1.17
26/05/25 9:45,M007,Recycled Material,Reprocessed Plastics,126.14,0.58,80.37,807,4.45
26/05/25 9:50,M005,Raw Material,Aluminum,144.96,0.00,89.99,811,4.31
26/05/25 9:55,M004,Intermediate Material,Textiles,164.3,0.00,199.2,565,2.88
26/05/25 10:00,M001,Hazardous Material,Lead-Based Alloy,150.78,0.00,174.97,494,0.42
26/05/25 10:05,M007,Finished Material,Circuit Board,52.42,0.00,133.55,254,2.95
26/05/25 10:10,M006,Finished Material,Circuit Board,151.88,0.00,125.76,962,4.37
26/05/25 10:15,M001,Finished Material,Packaging,187.43,0.00,130.22,700,2.12
26/05/25 10:20,M002,Raw Material,Steel,133.2,0.00,80.2,345,3.12
26/05/25 10:25,M010,Intermediate Material,Textiles,148.28,0.00,193.53,588,1.96
26/05/25 10:30,M008,Intermediate Material,Plastic Resin,53.1,0.00,143.44,334,4.44
26/05/25 10:35,M004,Intermediate Material,Textiles,139.33,0.00,196.42,145,1.96
26/05/25 10:40,M007,Finished Material,Machine Component,114.23,0.00,175.05,448,1.77
26/05/25 10:45,M009,Finished Material,Circuit Board,147.29,0.00,120.77,149,3.39
26/05/25 10:50,M001,Hazardous Material,Lead-Based Alloy,56.46,0.00,155.09,291,1.80
26/05/25 10:55,M010,Hazardous Material,Lead-Based Alloy,102.72,0.00,197.13,479,4.46
26/05/25 11:00,M005,Process Additive,Industrial Oil,137.76,0.00,169.86,893,0.34
26/05/25 11:05,M003,Process Additive,Industrial Oil,112.67,0.00,127.09,480,0.06
26/05/25 11:10,M003,Hazardous Material,Lead-Based Alloy,116.03,0.00,91.07,220,3.81
26/05/25 11:15,M009,Raw Material,Polypropylene,141.69,0.00,144.39,522,2.47
26/05/25 11:20,M005,Hazardous Material,Lead-Based Alloy,85.55,0.00,180.51,195,2.25
26/05/25 11:25,M005,Hazardous Material,Lead-Based Alloy,196.11,0.00,172.02,545,2.19
26/05/25 11:30,M006,Raw Material,Steel,91.86,0.00,179.09,447,3.21
26/05/25 11:35,M004,Finished Material,Circuit Board,99.86,0.00,133.49,760,4.70
26/05/25 11:40,M003,Intermediate Material,Textiles,98.34,0.00,165.94,353,4.12
26/05/25 11:45,M007,Raw Material,Aluminum,192.02,0.00,87.07,534,2.48
26/05/25 11:50,M009,Recycled Material,Reprocessed Plastics,177.55,44.12,136.64,476,4.27
26/05/25 11:55,M006,Raw Material,Polypropylene,87.25,0.00,159.37,605,1.42
26/05/25 12:00,M010,Intermediate Material,Plastic Resin,50.16,0.00,92.56,158,2.29
26/05/25 12:05,M001,Finished Material,Circuit Board,81.12,0.00,144.77,976,0.01
26/05/25 12:10,M001,Intermediate Material,Textiles,71.5,0.00,183.85,614,0.76
26/05/25 12:15,M004,Process Additive,Industrial Oil,171.91,0.00,128.6,711,3.43
26/05/25 12:20,M001,Hazardous Material,Solvent,102.12,0.00,164.52,647,4.03
26/05/25 12:25,M006,Raw Material,Cotton,109.79,0.00,147.5,610,4.40
26/05/25 12:30,M005,Process Additive,Coolant,184.37,0.00,85.76,328,3.92
26/05/25 12:35,M005,Finished Material,Packaging,155.91,0.00,186.43,834,0.37
26/05/25 12:40,M003,Intermediate Material,Textiles,75.34,0.00,135.95,960,4.41
26/05/25 12:45,M003,Recycled Material,Scrap Steel,52.8,13.43,157.78,977,4.73
26/05/25 12:50,M003,Finished Material,Machine Component,52.9,0.00,181.92,635,3.25
26/05/25 12:55,M007,Process Additive,Catalyst,99.66,0.00,97.05,193,3.54
26/05/25 13:00,M010,Process Additive,Coolant,131.14,0.00,177,356,4.37
26/05/25 13:05,M010,Hazardous Material,Lead-Based Alloy,177.47,0.00,160.24,560,4.90
26/05/25 13:10,M006,Intermediate Material,Textiles,194.51,0.00,143.87,280,1.17
26/05/25 13:15,M005,Hazardous Material,Solvent,111.59,0.00,174.19,411,1.52
26/05/25 13:20,M004,Finished Material,Packaging,177.08,0.00,160.36,886,2.21
26/05/25 13:25,M004,Recycled Material,Scrap Steel,143.07,42.28,141.45,548,1.70
26/05/25 13:30,M008,Hazardous Material,Solvent,116.42,0.00,170.45,207,2.64
26/05/25 13:35,M004,Finished Material,Machine Component,76.96,0.00,148.69,113,0.79
26/05/25 13:40,M010,Intermediate Material,Textiles,123.08,0.00,192.42,450,0.79
26/05/25 13:45,M004,Process Additive,Coolant,158.67,0.00,159.02,424,0.35
26/05/25 13:50,M003,Raw Material,Cotton,123.79,0.00,168.22,940,2.62
26/05/25 13:55,M010,Recycled Material,Scrap Steel,63.29,18.90,187.06,994,1.59
26/05/25 14:00,M010,Recycled Material,Scrap Steel,155.85,6.47,124.34,531,1.80
26/05/25 14:05,M003,Hazardous Material,Lead-Based Alloy,133.52,0.00,119.56,819,3.19
26/05/25 14:10,M001,Finished Material,Packaging,95.08,0.00,115.35,444,0.09
26/05/25 14:15,M004,Hazardous Material,Solvent,79.05,0.00,186.03,303,3.73
26/05/25 14:20,M007,Recycled Material,Scrap Steel,128.48,49.95,115.31,643,1.96
26/05/25 14:25,M001,Intermediate Material,Textiles,156.67,0.00,175.24,330,0.92
26/05/25 14:30,M009,Finished Material,Circuit Board,179.87,0.00,121.35,306,0.11
26/05/25 14:35,M001,Recycled Material,Scrap Steel,142.7,39.80,164.66,812,2.48
26/05/25 14:40,M007,Raw Material,Steel,103.84,0.00,141.87,883,3.19
26/05/25 14:45,M004,Intermediate Material,Plastic Resin,171.41,0.00,88.45,720,2.64
26/05/25 14:50,M010,Finished Material,Packaging,87.72,0.00,112.8,189,2.54
26/05/25 14:55,M004,Recycled Material,Scrap Steel,95.65,24.57,188.74,414,0.72
26/05/25 15:00,M006,Raw Material,Cotton,170.42,0.00,117.02,638,4.22
26/05/25 15:05,M001,Intermediate Material,Textiles,103.33,0.00,160.8,765,3.55
26/05/25 15:10,M001,Recycled Material,Reprocessed Plastics,117.09,43.36,120.09,135,3.89
26/05/25 15:15,M004,Finished Material,Machine Component,122.62,0.00,188.94,752,3.16
26/05/25 15:20,M007,Finished Material,Circuit Board,147.85,0.00,127.1,563,1.04
26/05/25 15:25,M007,Raw Material,Polypropylene,77.11,0.00,110.38,387,0.42
26/05/25 15:30,M006,Raw Material,Cotton,160.19,0.00,97.98,423,2.18
26/05/25 15:35,M002,Finished Material,Machine Component,126.25,0.00,172.32,914,3.45
26/05/25 15:40,M005,Finished Material,Circuit Board,112.49,0.00,145.48,176,2.22
26/05/25 15:45,M003,Finished Material,Machine Component,152.18,0.00,169.35,585,1.01
26/05/25 15:50,M007,Raw Material,Polypropylene,180.56,0.00,126.92,181,2.46
26/05/25 15:55,M005,Raw Material,Cotton,95.99,0.00,187.78,161,0.31
26/05/25 16:00,M010,Intermediate Material,Plastic Resin,111.85,0.00,141.29,307,4.52
26/05/25 16:05,M006,Hazardous Material,Solvent,174.35,0.00,133.53,355,3.13
26/05/25 16:10,M009,Recycled Material,Reprocessed Plastics,121.78,16.42,80.02,329,1.49
26/05/25 16:15,M008,Raw Material,Polypropylene,101.68,0.00,186.31,562,1.36
26/05/25 16:20,M001,Intermediate Material,Textiles,147.12,0.00,99.61,938,1.78
26/05/25 16:25,M007,Process Additive,Industrial Oil,135.51,0.00,189.57,485,2.39
26/05/25 16:30,M007,Intermediate Material,Plastic Resin,105.48,0.00,110.22,790,4.12
26/05/25 16:35,M001,Intermediate Material,Plastic Resin,137.62,0.00,196.24,874,4.94
26/05/25 16:40,M010,Intermediate Material,Textiles,117.34,0.00,154.42,437,1.18
26/05/25 16:45,M005,Finished Material,Circuit Board,77.18,0.00,85.89,692,1.31
26/05/25 16:50,M001,Process Additive,Coolant,182.82,0.00,139.39,507,1.79
26/05/25 16:55,M004,Hazardous Material,Lead-Based Alloy,60.21,0.00,147.46,770,2.34
26/05/25 17:00,M010,Intermediate Material,Plastic Resin,59.37,0.00,182.92,623,2.70
26/05/25 17:05,M003,Hazardous Material,Solvent,59.42,0.00,185.12,887,3.45
26/05/25 17:10,M004,Process Additive,Catalyst,195.86,0.00,173.39,330,0.12
26/05/25 17:15,M010,Hazardous Material,Solvent,184.79,0.00,108.81,425,1.55
26/05/25 17:20,M003,Process Additive,Industrial Oil,73.38,0.00,187.64,887,1.30
26/05/25 17:25,M009,Raw Material,Polypropylene,154.83,0.00,141.87,494,3.51
26/05/25 17:30,M010,Finished Material,Packaging,145.44,0.00,85.61,829,2.26
26/05/25 17:35,M004,Process Additive,Catalyst,76.11,0.00,99.87,549,4.03
26/05/25 17:40,M002,Raw Material,Polypropylene,116.81,0.00,134.73,591,3.91
26/05/25 17:45,M009,Raw Material,Polypropylene,183.39,0.00,94.71,513,0.78
26/05/25 17:50,M008,Intermediate Material,Plastic Resin,189.86,0.00,181.37,340,3.71
26/05/25 17:55,M008,Intermediate Material,Sheet Metal,93.76,0.00,163.84,320,4.53
26/05/25 18:00,M010,Finished Material,Circuit Board,109.67,0.00,129.85,893,3.59
26/05/25 18:05,M007,Intermediate Material,Plastic Resin,162.01,0.00,159.32,732,3.62
26/05/25 18:10,M009,Finished Material,Packaging,146.46,0.00,131.79,502,0.86
26/05/25 18:15,M002,Hazardous Material,Lead-Based Alloy,77.02,0.00,135.73,744,3.15
26/05/25 18:20,M003,Process Additive,Coolant,110.72,0.00,197.02,665,2.12
26/05/25 18:25,M001,Finished Material,Machine Component,65.38,0.00,181.05,194,3.19
26/05/25 18:30,M009,Finished Material,Packaging,103.9,0.00,153.16,441,2.28
26/05/25 18:35,M006,Finished Material,Circuit Board,78.84,0.00,117.85,254,2.99
26/05/25 18:40,M001,Raw Material,Aluminum,93.85,0.00,88.42,895,2.21
26/05/25 18:45,M005,Process Additive,Coolant,69.29,0.00,114.31,952,4.36
26/05/25 18:50,M002,Raw Material,Polypropylene,181.37,0.00,142.15,290,4.29
26/05/25 18:55,M002,Hazardous Material,Lead-Based Alloy,174,0.00,119.99,555,0.46
26/05/25 19:00,M010,Raw Material,Cotton,173.43,0.00,132.17,583,3.27
26/05/25 19:05,M010,Intermediate Material,Sheet Metal,81.43,0.00,175.2,500,4.51
26/05/25 19:10,M005,Process Additive,Industrial Oil,133.03,0.00,103.18,403,0.81
26/05/25 19:15,M006,Raw Material,Aluminum,194.15,0.00,109.38,811,4.59
26/05/25 19:20,M003,Finished Material,Circuit Board,54.96,0.00,99.26,407,3.49
26/05/25 19:25,M008,Process Additive,Catalyst,60.35,0.00,149.52,784,3.03
26/05/25 19:30,M010,Recycled Material,Reprocessed Plastics,56.34,4.76,176.56,101,1.80
26/05/25 19:35,M009,Finished Material,Packaging,68.89,0.00,146.22,291,0.21
26/05/25 19:40,M005,Intermediate Material,Plastic Resin,95.99,0.00,126.6,984,0.96
26/05/25 19:45,M007,Recycled Material,Scrap Steel,115.54,21.68,130.32,972,4.16
26/05/25 19:50,M005,Finished Material,Machine Component,184.66,0.00,140.93,219,0.15
26/05/25 19:55,M007,Intermediate Material,Sheet Metal,167.6,0.00,183.13,879,0.96
26/05/25 20:00,M003,Finished Material,Circuit Board,106.55,0.00,165.16,123,1.37
26/05/25 20:05,M010,Process Additive,Industrial Oil,142.4,0.00,183.65,874,0.38
26/05/25 20:10,M010,Intermediate Material,Plastic Resin,117.03,0.00,194.84,757,3.81
26/05/25 20:15,M006,Raw Material,Cotton,140.31,0.00,138,273,0.30
26/05/25 20:20,M010,Finished Material,Circuit Board,125.4,0.00,96.13,221,0.47
26/05/25 20:25,M001,Intermediate Material,Textiles,72.65,0.00,151.05,617,0.96
26/05/25 20:30,M010,Raw Material,Steel,105.36,0.00,80.31,782,4.75
26/05/25 20:35,M006,Hazardous Material,Solvent,191.03,0.00,138.81,536,0.39
26/05/25 20:40,M009,Raw Material,Cotton,126.93,0.00,194,139,1.55
26/05/25 20:45,M001,Raw Material,Polypropylene,152.32,0.00,163.64,991,2.10
26/05/25 20:50,M001,Raw Material,Aluminum,67.78,0.00,184.3,380,1.06
26/05/25 20:55,M004,Recycled Material,Scrap Steel,187.36,24.68,103.52,204,3.68
26/05/25 21:00,M002,Raw Material,Polypropylene,89.91,0.00,119.88,746,3.70
26/05/25 21:05,M010,Intermediate Material,Textiles,62.3,0.00,162.01,709,3.68
26/05/25 21:10,M002,Hazardous Material,Solvent,176.37,0.00,199.14,736,4.00
26/05/25 21:15,M001,Hazardous Material,Lead-Based Alloy,85.24,0.00,115.13,601,3.22
26/05/25 21:20,M006,Finished Material,Packaging,69.32,0.00,189.05,946,1.84
26/05/25 21:25,M010,Process Additive,Catalyst,145.17,0.00,174.34,125,4.51
26/05/25 21:30,M001,Raw Material,Cotton,173.67,0.00,81.63,874,0.41
26/05/25 21:35,M004,Finished Material,Machine Component,52.71,0.00,126.2,315,3.04
26/05/25 21:40,M006,Finished Material,Circuit Board,148.28,0.00,187.38,604,1.04
26/05/25 21:45,M001,Raw Material,Cotton,55.01,0.00,93.98,301,1.67
26/05/25 21:50,M001,Process Additive,Industrial Oil,76.86,0.00,172.53,542,3.73
26/05/25 21:55,M005,Finished Material,Packaging,132.02,0.00,183.02,762,4.83
26/05/25 22:00,M009,Raw Material,Polypropylene,199.15,0.00,139.45,371,2.06
26/05/25 22:05,M009,Finished Material,Machine Component,98.41,0.00,197.79,199,3.42
26/05/25 22:10,M010,Finished Material,Circuit Board,74.45,0.00,113.94,963,1.67
26/05/25 22:15,M008,Finished Material,Machine Component,64.96,0.00,189.4,679,1.02
26/05/25 22:20,M004,Hazardous Material,Lead-Based Alloy,144.02,0.00,108.13,759,3.88
26/05/25 22:25,M002,Finished Material,Machine Component,172.15,0.00,128.05,551,3.44
26/05/25 22:30,M010,Finished Material,Machine Component,73.28,0.00,197.87,952,1.66
26/05/25 22:35,M009,Recycled Material,Scrap Steel,89.17,49.78,152.73,247,2.95
26/05/25 22:40,M001,Hazardous Material,Lead-Based Alloy,98.98,0.00,189.4,652,4.14
26/05/25 22:45,M006,Recycled Material,Scrap Steel,141.31,40.94,145.32,296,2.39
26/05/25 22:50,M004,Recycled Material,Reprocessed Plastics,80.92,4.13,86.21,665,3.95
26/05/25 22:55,M007,Hazardous Material,Solvent,127.9,0.00,104.63,163,2.28
26/05/25 23:00,M009,Recycled Material,Scrap Steel,170.57,12.82,82.69,706,1.75
26/05/25 23:05,M002,Process Additive,Industrial Oil,97.91,0.00,169.23,666,0.50
26/05/25 23:10,M007,Raw Material,Cotton,181.8,0.00,80.28,382,2.57
26/05/25 23:15,M006,Process Additive,Catalyst,148.58,0.00,166.85,889,4.83
26/05/25 23:20,M003,Finished Material,Circuit Board,149.82,0.00,140.76,206,0.04
26/05/25 23:25,M010,Process Additive,Catalyst,98.8,0.00,118.2,354,3.50
26/05/25 23:30,M007,Intermediate Material,Plastic Resin,176.28,0.00,131.76,378,1.34
26/05/25 23:35,M003,Finished Material,Packaging,164.47,0.00,173.55,677,2.71
26/05/25 23:40,M001,Raw Material,Steel,141.82,0.00,159.36,224,1.67
26/05/25 23:45,M010,Process Additive,Industrial Oil,124.44,0.00,131.76,213,0.48
26/05/25 23:50,M005,Hazardous Material,Lead-Based Alloy,73.63,0.00,170.02,138,2.99
26/05/25 23:55,M006,Intermediate Material,Textiles,111.7,0.00,89.17,226,1.94
27/05/25 0:00,M007,Finished Material,Packaging,94.79,0.00,90.57,819,4.23
27/05/25 0:05,M001,Raw Material,Steel,59.64,0.00,165.15,324,4.89
27/05/25 0:10,M001,Raw Material,Cotton,118.21,0.00,179.07,445,4.91
27/05/25 0:15,M007,Finished Material,Machine Component,185.85,0.00,102.41,661,3.63
27/05/25 0:20,M004,Recycled Material,Reprocessed Plastics,64.92,12.04,113.79,273,0.88
27/05/25 0:25,M009,Raw Material,Cotton,89.58,0.00,152.33,157,1.57
27/05/25 0:30,M004,Hazardous Material,Lead-Based Alloy,101.41,0.00,153.65,107,3.07
27/05/25 0:35,M005,Intermediate Material,Textiles,146.16,0.00,132.32,336,1.99
27/05/25 0:40,M006,Recycled Material,Reprocessed Plastics,76.87,1.31,140.23,289,2.33
27/05/25 0:45,M002,Raw Material,Polypropylene,137.45,0.00,189.96,458,3.71
27/05/25 0:50,M010,Hazardous Material,Lead-Based Alloy,105.97,0.00,120.34,665,1.56
27/05/25 0:55,M006,Finished Material,Machine Component,75.12,0.00,130.9,352,3.13
27/05/25 1:00,M003,Intermediate Material,Sheet Metal,122.59,0.00,95.39,412,0.71
27/05/25 1:05,M009,Recycled Material,Scrap Steel,134.98,2.99,99.45,258,3.09
27/05/25 1:10,M008,Intermediate Material,Plastic Resin,97.15,0.00,92.76,763,1.22
27/05/25 1:15,M005,Intermediate Material,Sheet Metal,96.86,0.00,120.27,602,2.58
27/05/25 1:20,M002,Intermediate Material,Sheet Metal,93.65,0.00,195.06,984,1.90
27/05/25 1:25,M006,Intermediate Material,Sheet Metal,82.8,0.00,186.05,387,4.25
27/05/25 1:30,M004,Raw Material,Steel,67.34,0.00,105.31,388,2.12
27/05/25 1:35,M005,Intermediate Material,Sheet Metal,92.3,0.00,135.8,589,2.51
27/05/25 1:40,M001,Process Additive,Coolant,149.57,0.00,154.06,856,0.67
27/05/25 1:45,M008,Recycled Material,Scrap Steel,191.36,6.34,86.37,413,2.82
27/05/25 1:50,M007,Hazardous Material,Solvent,141.89,0.00,168.32,630,4.68
27/05/25 1:55,M003,Process Additive,Coolant,150.78,0.00,132.32,898,1.53
27/05/25 2:00,M002,Intermediate Material,Plastic Resin,52.31,0.00,133.74,544,3.93
27/05/25 2:05,M010,Hazardous Material,Solvent,117.76,0.00,164.07,823,2.01
27/05/25 2:10,M004,Hazardous Material,Solvent,125.9,0.00,193.47,553,0.57
27/05/25 2:15,M002,Hazardous Material,Solvent,124.87,0.00,85.73,899,1.78
27/05/25 2:20,M003,Intermediate Material,Sheet Metal,64.27,0.00,97.28,963,3.94
27/05/25 2:25,M008,Raw Material,Polypropylene,71.36,0.00,194.75,478,4.66
27/05/25 2:30,M004,Intermediate Material,Textiles,157.66,0.00,96.6,882,2.76
27/05/25 2:35,M005,Intermediate Material,Sheet Metal,66.76,0.00,187.4,176,2.16
27/05/25 2:40,M007,Finished Material,Packaging,181.96,0.00,136.6,794,1.54
27/05/25 2:45,M007,Hazardous Material,Solvent,55.95,0.00,93.74,718,4.98
27/05/25 2:50,M010,Process Additive,Industrial Oil,168.77,0.00,94.12,605,2.73
27/05/25 2:55,M008,Intermediate Material,Sheet Metal,137.43,0.00,189.62,606,0.59
27/05/25 3:00,M006,Hazardous Material,Solvent,51.57,0.00,128.28,233,1.05
27/05/25 3:05,M003,Finished Material,Machine Component,100.84,0.00,141.14,838,4.90
27/05/25 3:10,M007,Finished Material,Packaging,177.6,0.00,133.52,931,1.41
27/05/25 3:15,M009,Recycled Material,Reprocessed Plastics,179.65,25.96,82.77,761,3.47
27/05/25 3:20,M002,Raw Material,Cotton,129.29,0.00,155.86,385,0.25
27/05/25 3:25,M003,Finished Material,Machine Component,173.79,0.00,172.86,716,1.28
27/05/25 3:30,M005,Process Additive,Industrial Oil,116.23,0.00,179.09,515,1.95
27/05/25 3:35,M001,Process Additive,Coolant,130.81,0.00,127.67,852,2.29
27/05/25 3:40,M002,Hazardous Material,Lead-Based Alloy,111.07,0.00,143.13,857,2.45
27/05/25 3:45,M008,Finished Material,Circuit Board,94.38,0.00,133.45,395,2.94
27/05/25 3:50,M008,Hazardous Material,Solvent,106.23,0.00,95.05,340,3.46
27/05/25 3:55,M004,Finished Material,Packaging,146.01,0.00,156.87,949,4.02
27/05/25 4:00,M009,Raw Material,Polypropylene,112.31,0.00,119.25,391,0.60
27/05/25 4:05,M004,Process Additive,Coolant,144.18,0.00,184.94,460,1.72
27/05/25 4:10,M008,Hazardous Material,Solvent,145.52,0.00,83.59,571,3.01
27/05/25 4:15,M001,Recycled Material,Reprocessed Plastics,146.29,41.62,155.71,482,1.69
27/05/25 4:20,M004,Raw Material,Steel,60.69,0.00,103.5,894,4.64
27/05/25 4:25,M002,Intermediate Material,Plastic Resin,75.81,0.00,122.17,279,0.54
27/05/25 4:30,M003,Hazardous Material,Solvent,107.28,0.00,162.88,364,0.26
27/05/25 4:35,M006,Process Additive,Catalyst,187.27,0.00,99.51,971,4.19
27/05/25 4:40,M008,Recycled Material,Reprocessed Plastics,145.2,17.76,118.49,765,2.02
27/05/25 4:45,M003,Finished Material,Machine Component,82.4,0.00,116.94,617,3.72
27/05/25 4:50,M003,Raw Material,Aluminum,69.08,0.00,113.02,103,2.09
27/05/25 4:55,M010,Recycled Material,Scrap Steel,118.64,18.80,98.77,163,4.77
27/05/25 5:00,M002,Finished Material,Machine Component,127.03,0.00,130.32,737,2.06
27/05/25 5:05,M004,Recycled Material,Scrap Steel,106.09,2.75,108.63,264,4.87
27/05/25 5:10,M010,Process Additive,Coolant,158.1,0.00,198.8,299,3.95
27/05/25 5:15,M001,Process Additive,Catalyst,50.16,0.00,167.39,142,1.98
27/05/25 5:20,M010,Recycled Material,Scrap Steel,150.95,38.40,120.3,653,2.60
27/05/25 5:25,M005,Finished Material,Machine Component,68.99,0.00,127.63,694,4.53
27/05/25 5:30,M002,Raw Material,Steel,170.06,0.00,175.37,793,0.85
27/05/25 5:35,M009,Hazardous Material,Solvent,123.75,0.00,169.61,404,0.29
27/05/25 5:40,M007,Intermediate Material,Sheet Metal,191.84,0.00,91.59,471,0.60
27/05/25 5:45,M008,Process Additive,Industrial Oil,140.34,0.00,136.73,911,0.89
27/05/25 5:50,M010,Recycled Material,Scrap Steel,100.6,21.52,108.12,377,3.39
27/05/25 5:55,M004,Process Additive,Industrial Oil,76.92,0.00,139.43,147,4.51
27/05/25 6:00,M004,Raw Material,Steel,189.77,0.00,134.89,269,0.72
27/05/25 6:05,M008,Process Additive,Catalyst,189.68,0.00,151.69,440,4.56
27/05/25 6:10,M010,Intermediate Material,Textiles,110.03,0.00,191.89,268,2.70
27/05/25 6:15,M007,Raw Material,Steel,122.92,0.00,127.03,807,3.21
27/05/25 6:20,M009,Recycled Material,Scrap Steel,185.83,38.15,141.91,220,0.52
27/05/25 6:25,M004,Raw Material,Polypropylene,75.82,0.00,192.11,254,4.72
27/05/25 6:30,M009,Intermediate Material,Plastic Resin,188.57,0.00,99.73,315,2.33
27/05/25 6:35,M006,Raw Material,Polypropylene,92.98,0.00,142.91,130,1.99
27/05/25 6:40,M004,Finished Material,Circuit Board,89.59,0.00,146.03,724,2.00
27/05/25 6:45,M005,Recycled Material,Scrap Steel,91.81,5.48,192.2,273,2.09
27/05/25 6:50,M007,Finished Material,Packaging,104.96,0.00,155.72,232,2.34
27/05/25 6:55,M004,Intermediate Material,Textiles,138.2,0.00,136.26,235,0.60
27/05/25 7:00,M005,Finished Material,Machine Component,61.61,0.00,126.26,949,3.72
27/05/25 7:05,M001,Process Additive,Coolant,150.41,0.00,88.74,252,4.83
27/05/25 7:10,M007,Finished Material,Packaging,147.38,0.00,124.01,400,0.41
27/05/25 7:15,M001,Process Additive,Industrial Oil,123.39,0.00,184.02,270,3.09
27/05/25 7:20,M007,Recycled Material,Scrap Steel,99.52,10.28,129.63,946,4.16
27/05/25 7:25,M004,Recycled Material,Scrap Steel,197.05,13.71,160.11,890,1.63
27/05/25 7:30,M007,Raw Material,Polypropylene,130.59,0.00,187.66,465,4.36
27/05/25 7:35,M002,Hazardous Material,Lead-Based Alloy,186.71,0.00,118.43,502,3.66
27/05/25 7:40,M003,Intermediate Material,Textiles,110.64,0.00,152.62,878,0.58
27/05/25 7:45,M008,Hazardous Material,Solvent,67.11,0.00,121.72,828,0.86
27/05/25 7:50,M008,Intermediate Material,Textiles,61.58,0.00,151.62,242,3.81
27/05/25 7:55,M003,Hazardous Material,Lead-Based Alloy,188.61,0.00,109.61,363,0.35
27/05/25 8:00,M008,Process Additive,Coolant,195,0.00,126.83,601,2.03
27/05/25 8:05,M008,Intermediate Material,Sheet Metal,150.48,0.00,183.54,472,4.20
27/05/25 8:10,M009,Intermediate Material,Plastic Resin,114.93,0.00,139.96,673,1.08
27/05/25 8:15,M005,Raw Material,Aluminum,159.96,0.00,176.32,583,2.56
27/05/25 8:20,M007,Finished Material,Circuit Board,102.75,0.00,156.14,286,4.26
27/05/25 8:25,M007,Hazardous Material,Solvent,107.38,0.00,142.12,655,4.72
27/05/25 8:30,M008,Hazardous Material,Solvent,112.56,0.00,108.63,125,0.25
27/05/25 8:35,M003,Recycled Material,Reprocessed Plastics,52.03,10.09,129.1,933,0.08
27/05/25 8:40,M008,Raw Material,Aluminum,134.05,0.00,108.18,327,2.26
27/05/25 8:45,M002,Process Additive,Industrial Oil,152.33,0.00,105.91,583,1.44
27/05/25 8:50,M003,Recycled Material,Scrap Steel,136.82,31.54,162.23,841,3.52
27/05/25 8:55,M010,Process Additive,Catalyst,99.16,0.00,98.94,942,2.08
27/05/25 9:00,M003,Hazardous Material,Lead-Based Alloy,159.34,0.00,171.3,504,3.65
27/05/25 9:05,M009,Intermediate Material,Sheet Metal,162.8,0.00,83.57,582,0.87
27/05/25 9:10,M009,Raw Material,Polypropylene,141.76,0.00,92.58,783,2.08
27/05/25 9:15,M002,Finished Material,Packaging,53.82,0.00,175.93,938,3.76
27/05/25 9:20,M010,Hazardous Material,Lead-Based Alloy,89.42,0.00,155,336,1.97
27/05/25 9:25,M003,Recycled Material,Scrap Steel,199.29,38.89,119.52,230,0.93
27/05/25 9:30,M006,Hazardous Material,Solvent,70.41,0.00,138.62,916,0.67
27/05/25 9:35,M008,Intermediate Material,Sheet Metal,184.35,0.00,92.23,422,4.98
27/05/25 9:40,M004,Intermediate Material,Plastic Resin,57.53,0.00,91.56,733,4.33
27/05/25 9:45,M004,Intermediate Material,Textiles,189.85,0.00,133.11,470,0.48
27/05/25 9:50,M007,Process Additive,Catalyst,198.3,0.00,173.76,532,0.02
27/05/25 9:55,M007,Intermediate Material,Plastic Resin,174.99,0.00,173.99,999,0.53
27/05/25 10:00,M004,Hazardous Material,Solvent,113.91,0.00,166.59,853,4.75
27/05/25 10:05,M008,Process Additive,Industrial Oil,146.21,0.00,128.73,861,1.52
27/05/25 10:10,M008,Raw Material,Steel,126.81,0.00,105.46,237,3.29
27/05/25 10:15,M008,Intermediate Material,Sheet Metal,160.52,0.00,94.24,826,0.44
27/05/25 10:20,M005,Recycled Material,Reprocessed Plastics,188.96,43.02,173.03,322,2.16
27/05/25 10:25,M009,Process Additive,Industrial Oil,195.49,0.00,134.98,855,4.35
27/05/25 10:30,M006,Process Additive,Catalyst,142.8,0.00,170.27,177,4.71
27/05/25 10:35,M010,Recycled Material,Reprocessed Plastics,137.8,20.30,168.88,241,0.99
27/05/25 10:40,M005,Process Additive,Catalyst,156.39,0.00,175.16,455,3.43
27/05/25 10:45,M005,Intermediate Material,Plastic Resin,149.99,0.00,168.55,301,4.44
27/05/25 10:50,M005,Intermediate Material,Plastic Resin,141.06,0.00,182.19,259,2.15
27/05/25 10:55,M002,Recycled Material,Reprocessed Plastics,120.41,13.58,188.08,251,0.91
27/05/25 11:00,M002,Intermediate Material,Textiles,95.23,0.00,196.05,210,4.05
27/05/25 11:05,M010,Recycled Material,Scrap Steel,195.99,4.63,167.91,921,3.41
27/05/25 11:10,M001,Intermediate Material,Plastic Resin,116.56,0.00,92.47,434,0.50
27/05/25 11:15,M003,Hazardous Material,Solvent,131.07,0.00,167.45,434,0.07
27/05/25 11:20,M004,Intermediate Material,Sheet Metal,121.09,0.00,82.93,421,1.04
27/05/25 11:25,M006,Raw Material,Aluminum,97.67,0.00,131.18,306,4.92
27/05/25 11:30,M005,Intermediate Material,Sheet Metal,154.52,0.00,195.56,719,3.37
27/05/25 11:35,M002,Recycled Material,Scrap Steel,189.46,9.78,121.79,556,3.14
27/05/25 11:40,M006,Process Additive,Industrial Oil,86.47,0.00,156.67,618,4.73
27/05/25 11:45,M003,Process Additive,Coolant,66.16,0.00,176.1,657,2.86
27/05/25 11:50,M003,Finished Material,Packaging,72.07,0.00,127.77,652,0.66
27/05/25 11:55,M010,Finished Material,Machine Component,101.15,0.00,146.13,142,0.87
27/05/25 12:00,M009,Process Additive,Coolant,119.13,0.00,160.91,527,2.86
27/05/25 12:05,M002,Hazardous Material,Lead-Based Alloy,114.08,0.00,101.12,400,2.98
27/05/25 12:10,M004,Raw Material,Polypropylene,98.34,0.00,167.56,446,0.50
27/05/25 12:15,M004,Hazardous Material,Solvent,66.65,0.00,106.76,577,3.46
27/05/25 12:20,M007,Raw Material,Cotton,65.07,0.00,179.12,426,1.36
27/05/25 12:25,M004,Recycled Material,Scrap Steel,122.61,33.41,163.32,342,1.91
27/05/25 12:30,M002,Intermediate Material,Plastic Resin,155.12,0.00,138.07,527,3.03
27/05/25 12:35,M006,Intermediate Material,Sheet Metal,76.11,0.00,134.41,641,4.08
27/05/25 12:40,M010,Process Additive,Industrial Oil,149.46,0.00,126.54,888,2.26
27/05/25 12:45,M010,Recycled Material,Reprocessed Plastics,197.89,42.70,112.74,667,2.15
27/05/25 12:50,M010,Intermediate Material,Sheet Metal,142.38,0.00,197.33,760,1.89
27/05/25 12:55,M008,Hazardous Material,Solvent,97.03,0.00,162.74,671,1.93
27/05/25 13:00,M005,Recycled Material,Reprocessed Plastics,52.14,38.96,94.04,940,0.72
27/05/25 13:05,M006,Process Additive,Industrial Oil,181.55,0.00,134.37,442,1.63
27/05/25 13:10,M001,Process Additive,Coolant,175.69,0.00,132.13,402,3.53
27/05/25 13:15,M009,Finished Material,Machine Component,57.33,0.00,152.36,577,0.63
27/05/25 13:20,M007,Recycled Material,Reprocessed Plastics,92.2,22.00,178.22,747,0.29
27/05/25 13:25,M005,Raw Material,Polypropylene,69.43,0.00,192.05,870,0.31
27/05/25 13:30,M006,Recycled Material,Scrap Steel,111.3,36.56,106.17,438,3.23
27/05/25 13:35,M003,Hazardous Material,Lead-Based Alloy,78.47,0.00,192.87,252,3.09
27/05/25 13:40,M007,Recycled Material,Scrap Steel,184.11,42.98,104.32,467,2.68
27/05/25 13:45,M006,Hazardous Material,Lead-Based Alloy,180.72,0.00,135.59,893,2.33
27/05/25 13:50,M004,Hazardous Material,Solvent,126.77,0.00,127.02,920,3.29
27/05/25 13:55,M003,Intermediate Material,Plastic Resin,156.89,0.00,163.72,376,1.13
27/05/25 14:00,M007,Intermediate Material,Plastic Resin,110.79,0.00,140.31,199,0.38
27/05/25 14:05,M002,Recycled Material,Reprocessed Plastics,179.18,48.26,121.1,875,1.66
27/05/25 14:10,M004,Hazardous Material,Solvent,188.79,0.00,176.81,535,3.33
27/05/25 14:15,M009,Hazardous Material,Solvent,125.38,0.00,158.88,721,1.32
27/05/25 14:20,M007,Intermediate Material,Sheet Metal,141.01,0.00,167.72,820,0.75
27/05/25 14:25,M006,Process Additive,Catalyst,144.18,0.00,94.57,694,1.02
27/05/25 14:30,M010,Process Additive,Industrial Oil,62.77,0.00,187.65,821,0.59
27/05/25 14:35,M003,Raw Material,Polypropylene,87.86,0.00,166.67,995,0.17
27/05/25 14:40,M007,Recycled Material,Reprocessed Plastics,72.05,45.49,146.03,469,2.47
27/05/25 14:45,M001,Process Additive,Industrial Oil,192.27,0.00,124.41,862,3.35
27/05/25 14:50,M008,Finished Material,Packaging,119.79,0.00,191.42,120,1.01
27/05/25 14:55,M005,Recycled Material,Reprocessed Plastics,107.05,40.68,177.72,151,4.82
27/05/25 15:00,M008,Hazardous Material,Solvent,98.07,0.00,160.05,100,2.91
27/05/25 15:05,M007,Finished Material,Packaging,103.05,0.00,178.04,200,3.11
27/05/25 15:10,M005,Raw Material,Cotton,75.44,0.00,176,333,1.40
27/05/25 15:15,M007,Raw Material,Polypropylene,158.96,0.00,112.63,829,3.70
27/05/25 15:20,M008,Raw Material,Aluminum,134.54,0.00,96.7,701,0.72
27/05/25 15:25,M006,Raw Material,Aluminum,142.73,0.00,80.52,699,3.44
27/05/25 15:30,M001,Raw Material,Steel,95.58,0.00,110.81,790,4.14
27/05/25 15:35,M008,Intermediate Material,Textiles,135.83,0.00,165,479,1.61
27/05/25 15:40,M004,Recycled Material,Scrap Steel,154.13,1.40,153.58,606,1.72
27/05/25 15:45,M005,Process Additive,Coolant,189.24,0.00,113.98,239,4.12
27/05/25 15:50,M004,Intermediate Material,Sheet Metal,173.5,0.00,109.48,971,3.17
27/05/25 15:55,M009,Process Additive,Catalyst,179.98,0.00,121.12,684,4.59
27/05/25 16:00,M004,Finished Material,Machine Component,134.22,0.00,175.04,672,0.69
27/05/25 16:05,M002,Intermediate Material,Sheet Metal,67.63,0.00,175.36,515,3.31
27/05/25 16:10,M005,Finished Material,Packaging,89.44,0.00,149.8,306,1.83
27/05/25 16:15,M010,Intermediate Material,Plastic Resin,189.09,0.00,94.25,596,3.41
27/05/25 16:20,M004,Intermediate Material,Plastic Resin,157.74,0.00,158.17,868,3.54
27/05/25 16:25,M001,Finished Material,Machine Component,66.65,0.00,166.37,255,4.16
27/05/25 16:30,M002,Finished Material,Packaging,73.94,0.00,176.1,786,0.08
27/05/25 16:35,M007,Finished Material,Circuit Board,135.35,0.00,195.39,168,2.64
27/05/25 16:40,M007,Recycled Material,Scrap Steel,151.27,33.07,178.89,657,4.01
27/05/25 16:45,M001,Intermediate Material,Sheet Metal,187.76,0.00,146.85,508,4.99
27/05/25 16:50,M008,Raw Material,Aluminum,169.66,0.00,160.42,464,2.25
27/05/25 16:55,M006,Intermediate Material,Plastic Resin,113.46,0.00,112.45,165,4.52
27/05/25 17:00,M010,Finished Material,Packaging,78.39,0.00,115.04,899,2.26
27/05/25 17:05,M003,Hazardous Material,Solvent,87.35,0.00,197.57,818,1.96
27/05/25 17:10,M005,Raw Material,Aluminum,84.73,0.00,164.29,737,0.72
27/05/25 17:15,M004,Raw Material,Cotton,145.05,0.00,154.76,367,1.60
27/05/25 17:20,M010,Raw Material,Steel,148.23,0.00,154.65,473,3.84
27/05/25 17:25,M003,Hazardous Material,Solvent,142.36,0.00,153.78,341,2.88
27/05/25 17:30,M002,Raw Material,Cotton,177.52,0.00,137.7,325,1.07
27/05/25 17:35,M009,Intermediate Material,Plastic Resin,107.6,0.00,198.37,939,1.08
27/05/25 17:40,M005,Hazardous Material,Lead-Based Alloy,178.87,0.00,163.07,690,1.95
27/05/25 17:45,M009,Hazardous Material,Lead-Based Alloy,85.32,0.00,146.88,660,1.73
27/05/25 17:50,M006,Finished Material,Circuit Board,54.08,0.00,80.19,214,4.91
27/05/25 17:55,M006,Finished Material,Machine Component,95.41,0.00,116.98,969,1.55
27/05/25 18:00,M010,Intermediate Material,Sheet Metal,116.99,0.00,86.83,207,3.99
27/05/25 18:05,M009,Recycled Material,Scrap Steel,196.03,33.93,100.41,839,3.26
27/05/25 18:10,M008,Process Additive,Catalyst,141.84,0.00,96.07,896,1.26
27/05/25 18:15,M010,Hazardous Material,Lead-Based Alloy,136.13,0.00,83.13,313,0.88
27/05/25 18:20,M005,Raw Material,Steel,84.43,0.00,138.41,620,3.81
27/05/25 18:25,M001,Intermediate Material,Textiles,118.08,0.00,151.45,937,4.16
27/05/25 18:30,M006,Process Additive,Industrial Oil,73.36,0.00,105.75,157,3.22
27/05/25 18:35,M008,Hazardous Material,Solvent,165.52,0.00,191.83,862,1.06
27/05/25 18:40,M001,Intermediate Material,Sheet Metal,102.34,0.00,136.04,539,2.18
27/05/25 18:45,M009,Hazardous Material,Lead-Based Alloy,67.71,0.00,99.71,392,2.09
27/05/25 18:50,M002,Intermediate Material,Sheet Metal,95.43,0.00,149.25,834,1.74
27/05/25 18:55,M003,Finished Material,Packaging,192.04,0.00,195.43,458,1.99
27/05/25 19:00,M002,Hazardous Material,Lead-Based Alloy,139.69,0.00,167.04,965,2.99
27/05/25 19:05,M010,Finished Material,Packaging,95.59,0.00,115.64,868,1.49
27/05/25 19:10,M006,Intermediate Material,Plastic Resin,114.14,0.00,103.52,562,3.80
27/05/25 19:15,M003,Process Additive,Coolant,190.28,0.00,172.36,462,2.72
27/05/25 19:20,M005,Recycled Material,Reprocessed Plastics,112.65,17.91,159.68,793,2.48
27/05/25 19:25,M001,Process Additive,Industrial Oil,134.11,0.00,183.39,951,0.26
27/05/25 19:30,M008,Hazardous Material,Solvent,188.51,0.00,183.72,168,0.50
27/05/25 19:35,M010,Finished Material,Circuit Board,96.95,0.00,96.48,963,1.66
27/05/25 19:40,M009,Recycled Material,Scrap Steel,96.56,8.28,111.48,725,2.50
27/05/25 19:45,M006,Raw Material,Steel,167.77,0.00,115.93,506,2.04
27/05/25 19:50,M001,Finished Material,Packaging,108.46,0.00,140.87,900,4.09
27/05/25 19:55,M003,Hazardous Material,Solvent,54.75,0.00,115.49,527,0.71
27/05/25 20:00,M008,Process Additive,Industrial Oil,178.84,0.00,155.56,266,0.14
27/05/25 20:05,M010,Intermediate Material,Sheet Metal,100.19,0.00,93.19,884,3.88
27/05/25 20:10,M004,Hazardous Material,Lead-Based Alloy,76.18,0.00,178.04,838,1.41
27/05/25 20:15,M007,Intermediate Material,Plastic Resin,106.7,0.00,118.9,836,0.48
27/05/25 20:20,M005,Hazardous Material,Solvent,89.53,0.00,182.36,745,0.46
27/05/25 20:25,M002,Intermediate Material,Textiles,139.61,0.00,119.46,478,3.77
27/05/25 20:30,M009,Hazardous Material,Lead-Based Alloy,159.52,0.00,145.54,328,4.49
27/05/25 20:35,M004,Process Additive,Catalyst,179.55,0.00,115.2,723,3.14
27/05/25 20:40,M010,Finished Material,Packaging,176.5,0.00,87.98,704,1.74
27/05/25 20:45,M006,Finished Material,Packaging,140.01,0.00,120.77,236,2.75
27/05/25 20:50,M008,Finished Material,Packaging,98.25,0.00,95.57,107,2.86
27/05/25 20:55,M001,Raw Material,Steel,124.48,0.00,116.23,688,2.29
27/05/25 21:00,M002,Raw Material,Steel,93.07,0.00,152.87,344,1.05
27/05/25 21:05,M001,Hazardous Material,Lead-Based Alloy,189.4,0.00,86.46,785,0.01
27/05/25 21:10,M006,Hazardous Material,Solvent,145.27,0.00,92.24,770,2.26
27/05/25 21:15,M005,Raw Material,Steel,177.03,0.00,123.46,602,1.84
27/05/25 21:20,M009,Intermediate Material,Plastic Resin,186.66,0.00,199.05,466,3.00
27/05/25 21:25,M005,Intermediate Material,Sheet Metal,52.47,0.00,115.96,117,3.38
27/05/25 21:30,M005,Raw Material,Aluminum,131.8,0.00,191.15,516,1.60
27/05/25 21:35,M010,Raw Material,Cotton,132.08,0.00,100.89,436,0.17
27/05/25 21:40,M006,Process Additive,Industrial Oil,100.19,0.00,186.43,720,0.24
27/05/25 21:45,M004,Recycled Material,Reprocessed Plastics,175.24,37.96,197.77,956,4.27
27/05/25 21:50,M010,Recycled Material,Scrap Steel,198.04,34.09,91.12,786,2.12
27/05/25 21:55,M005,Raw Material,Aluminum,164.07,0.00,177.95,275,4.09
27/05/25 22:00,M005,Hazardous Material,Lead-Based Alloy,106.98,0.00,152.11,895,3.92
27/05/25 22:05,M010,Process Additive,Catalyst,195.41,0.00,138.13,854,0.31
27/05/25 22:10,M007,Hazardous Material,Lead-Based Alloy,182.93,0.00,129.9,958,3.28
27/05/25 22:15,M006,Recycled Material,Reprocessed Plastics,139.7,21.75,82.5,636,3.23
27/05/25 22:20,M008,Recycled Material,Scrap Steel,52.92,8.49,107.04,933,0.38
27/05/25 22:25,M003,Raw Material,Polypropylene,104.82,0.00,150.36,896,1.92
27/05/25 22:30,M002,Process Additive,Coolant,80.82,0.00,111.31,367,4.40
27/05/25 22:35,M009,Process Additive,Catalyst,149.07,0.00,104.05,588,1.79
27/05/25 22:40,M009,Finished Material,Packaging,90.29,0.00,163.13,348,3.66
27/05/25 22:45,M008,Finished Material,Packaging,124.7,0.00,80.33,674,2.58
27/05/25 22:50,M002,Raw Material,Aluminum,85.05,0.00,136.79,433,4.39
27/05/25 22:55,M003,Intermediate Material,Sheet Metal,64.06,0.00,108.22,382,0.41
27/05/25 23:00,M008,Raw Material,Cotton,181.74,0.00,171.45,248,2.45
27/05/25 23:05,M008,Hazardous Material,Solvent,86,0.00,169.48,596,3.80
27/05/25 23:10,M010,Finished Material,Circuit Board,176.25,0.00,166.96,296,3.38
27/05/25 23:15,M003,Intermediate Material,Textiles,57.58,0.00,140.9,245,0.91
27/05/25 23:20,M001,Process Additive,Coolant,127.86,0.00,159.06,833,1.20
27/05/25 23:25,M006,Raw Material,Cotton,127.24,0.00,185.21,675,0.49
27/05/25 23:30,M005,Hazardous Material,Solvent,121.37,0.00,176.37,135,4.01
27/05/25 23:35,M003,Finished Material,Machine Component,198.74,0.00,150.94,115,3.52
27/05/25 23:40,M003,Hazardous Material,Solvent,74.61,0.00,113,199,2.49
27/05/25 23:45,M002,Hazardous Material,Lead-Based Alloy,177.78,0.00,174.23,344,2.47
27/05/25 23:50,M005,Intermediate Material,Plastic Resin,55.24,0.00,198.44,160,4.20
27/05/25 23:55,M008,Hazardous Material,Lead-Based Alloy,99.81,0.00,176.82,193,2.49
28/05/25 0:00,M004,Intermediate Material,Plastic Resin,128.08,0.00,107.92,612,0.82
28/05/25 0:05,M003,Raw Material,Steel,144.23,0.00,120.16,259,3.07
28/05/25 0:10,M008,Hazardous Material,Solvent,132.96,0.00,199.91,513,0.88
28/05/25 0:15,M002,Recycled Material,Reprocessed Plastics,51.3,2.68,99.7,626,0.68
28/05/25 0:20,M002,Intermediate Material,Plastic Resin,51.48,0.00,180.77,772,1.89
28/05/25 0:25,M005,Finished Material,Packaging,145.42,0.00,160.14,318,1.94
28/05/25 0:30,M010,Intermediate Material,Sheet Metal,163.45,0.00,109.43,841,1.66
28/05/25 0:35,M002,Raw Material,Aluminum,90.63,0.00,190.88,486,2.71
28/05/25 0:40,M010,Process Additive,Industrial Oil,138.49,0.00,178.38,184,4.21
28/05/25 0:45,M009,Process Additive,Catalyst,191.07,0.00,191.65,362,1.78
28/05/25 0:50,M010,Process Additive,Catalyst,139.07,0.00,96.9,401,2.33
28/05/25 0:55,M003,Finished Material,Circuit Board,93.33,0.00,110.08,954,1.53
28/05/25 1:00,M003,Finished Material,Circuit Board,117.17,0.00,123.29,336,2.85
28/05/25 1:05,M010,Raw Material,Polypropylene,172,0.00,119.07,993,1.42
28/05/25 1:10,M005,Process Additive,Coolant,154.06,0.00,123.57,416,2.58
28/05/25 1:15,M005,Finished Material,Machine Component,74.01,0.00,96.16,623,3.78
28/05/25 1:20,M009,Finished Material,Machine Component,94.7,0.00,118.16,117,4.42
28/05/25 1:25,M010,Intermediate Material,Sheet Metal,87.5,0.00,197.74,587,4.64
28/05/25 1:30,M005,Intermediate Material,Sheet Metal,85.64,0.00,151.51,329,3.88
28/05/25 1:35,M010,Hazardous Material,Solvent,101.03,0.00,143.23,730,1.07
28/05/25 1:40,M008,Recycled Material,Scrap Steel,162.26,49.82,168.54,470,1.26
28/05/25 1:45,M003,Intermediate Material,Plastic Resin,67.34,0.00,199.46,880,4.94
28/05/25 1:50,M001,Finished Material,Circuit Board,177.77,0.00,161.29,381,3.79
28/05/25 1:55,M003,Process Additive,Coolant,70.62,0.00,107.55,985,4.28
28/05/25 2:00,M003,Raw Material,Cotton,94.63,0.00,88.26,594,1.73
28/05/25 2:05,M008,Raw Material,Steel,178.38,0.00,108.34,340,2.98
28/05/25 2:10,M010,Hazardous Material,Solvent,190.7,0.00,105.17,481,0.80
28/05/25 2:15,M001,Hazardous Material,Solvent,187.41,0.00,102.7,755,2.30
28/05/25 2:20,M006,Finished Material,Packaging,183.88,0.00,174.27,525,4.72
28/05/25 2:25,M003,Raw Material,Polypropylene,170.01,0.00,172.51,478,4.40
28/05/25 2:30,M001,Hazardous Material,Solvent,164.78,0.00,147.67,805,2.89
28/05/25 2:35,M002,Hazardous Material,Lead-Based Alloy,186.79,0.00,175.88,716,3.10
28/05/25 2:40,M003,Hazardous Material,Lead-Based Alloy,124.54,0.00,186.66,673,1.18
28/05/25 2:45,M003,Finished Material,Circuit Board,111.76,0.00,102.76,773,4.59
28/05/25 2:50,M006,Process Additive,Industrial Oil,171.61,0.00,103.46,390,2.82
28/05/25 2:55,M008,Finished Material,Circuit Board,165.3,0.00,133.38,740,0.06
28/05/25 3:00,M001,Hazardous Material,Lead-Based Alloy,77.79,0.00,97.8,893,0.98
28/05/25 3:05,M001,Raw Material,Steel,152.1,0.00,195.89,570,1.12
28/05/25 3:10,M007,Intermediate Material,Sheet Metal,70.07,0.00,157.75,103,3.29
28/05/25 3:15,M008,Intermediate Material,Plastic Resin,88.17,0.00,140.33,959,2.86
28/05/25 3:20,M001,Recycled Material,Scrap Steel,184.34,4.18,188.59,474,2.48
28/05/25 3:25,M009,Hazardous Material,Solvent,190.18,0.00,198.16,151,0.73
28/05/25 3:30,M002,Hazardous Material,Lead-Based Alloy,120.61,0.00,99.54,387,1.45
28/05/25 3:35,M010,Process Additive,Industrial Oil,199.94,0.00,132.88,684,2.91
28/05/25 3:40,M002,Process Additive,Industrial Oil,172.42,0.00,144.85,187,0.45
28/05/25 3:45,M010,Recycled Material,Reprocessed Plastics,126.01,17.84,131.15,466,4.27
28/05/25 3:50,M001,Raw Material,Steel,57.9,0.00,113.13,121,3.76
28/05/25 3:55,M008,Recycled Material,Reprocessed Plastics,58.86,33.27,95.17,199,1.94
28/05/25 4:00,M006,Recycled Material,Reprocessed Plastics,63.82,49.15,82.32,495,4.30
28/05/25 4:05,M009,Process Additive,Coolant,179.14,0.00,108.7,897,4.66
28/05/25 4:10,M008,Finished Material,Circuit Board,132.3,0.00,182.91,561,4.86
28/05/25 4:15,M002,Finished Material,Packaging,132.02,0.00,176.23,474,2.51
28/05/25 4:20,M007,Intermediate Material,Sheet Metal,188.88,0.00,92.86,706,4.02
28/05/25 4:25,M009,Intermediate Material,Sheet Metal,111.06,0.00,197.88,585,4.86
28/05/25 4:30,M006,Raw Material,Steel,70.9,0.00,159.65,132,3.72
28/05/25 4:35,M004,Finished Material,Circuit Board,57.91,0.00,125.68,338,2.20
28/05/25 4:40,M006,Raw Material,Cotton,167.35,0.00,160.81,670,3.61
28/05/25 4:45,M003,Finished Material,Machine Component,74.01,0.00,199.51,689,0.80
28/05/25 4:50,M005,Recycled Material,Reprocessed Plastics,193.06,37.77,160.69,606,1.88
28/05/25 4:55,M002,Recycled Material,Scrap Steel,94.53,17.70,151.42,962,0.27
28/05/25 5:00,M007,Process Additive,Industrial Oil,103.25,0.00,169.74,973,4.45
28/05/25 5:05,M003,Intermediate Material,Plastic Resin,73.88,0.00,197.3,547,2.12
28/05/25 5:10,M007,Finished Material,Circuit Board,75.1,0.00,189.38,593,1.95
28/05/25 5:15,M008,Process Additive,Catalyst,116.03,0.00,81.42,924,1.78
28/05/25 5:20,M006,Intermediate Material,Sheet Metal,94.14,0.00,170.82,808,0.22
28/05/25 5:25,M010,Recycled Material,Reprocessed Plastics,195.51,7.37,114.68,560,2.66
28/05/25 5:30,M007,Process Additive,Industrial Oil,122.34,0.00,154.09,770,4.63
28/05/25 5:35,M001,Finished Material,Packaging,78.36,0.00,182.06,922,2.56
28/05/25 5:40,M008,Intermediate Material,Sheet Metal,66.28,0.00,85.57,456,1.90
28/05/25 5:45,M006,Intermediate Material,Textiles,140.45,0.00,102.22,194,0.48
28/05/25 5:50,M006,Process Additive,Industrial Oil,88.26,0.00,91.21,123,3.38
28/05/25 5:55,M005,Intermediate Material,Textiles,119.8,0.00,197.09,162,3.52
28/05/25 6:00,M007,Hazardous Material,Lead-Based Alloy,129.68,0.00,141.41,446,2.64
28/05/25 6:05,M006,Process Additive,Catalyst,146.73,0.00,193.95,537,1.30
28/05/25 6:10,M005,Finished Material,Packaging,117.25,0.00,171.86,559,2.87
28/05/25 6:15,M008,Process Additive,Industrial Oil,102.42,0.00,115.09,265,3.16
28/05/25 6:20,M001,Finished Material,Machine Component,81.95,0.00,143.62,916,2.39
28/05/25 6:25,M007,Hazardous Material,Solvent,137.78,0.00,139.37,788,2.64
28/05/25 6:30,M001,Finished Material,Machine Component,128.37,0.00,156.9,541,4.54
28/05/25 6:35,M008,Intermediate Material,Plastic Resin,84.89,0.00,171.12,209,1.67
28/05/25 6:40,M001,Hazardous Material,Solvent,194.51,0.00,142.69,896,4.62
28/05/25 6:45,M010,Process Additive,Coolant,66.25,0.00,181.53,716,4.51
28/05/25 6:50,M003,Process Additive,Coolant,122.35,0.00,157.48,757,2.81
28/05/25 6:55,M010,Intermediate Material,Plastic Resin,100.43,0.00,105.96,208,0.10
28/05/25 7:00,M001,Finished Material,Circuit Board,159.23,0.00,154.72,910,1.84
28/05/25 7:05,M010,Finished Material,Machine Component,78.58,0.00,88.85,884,2.80
28/05/25 7:10,M008,Process Additive,Coolant,58.34,0.00,104.47,285,0.21
28/05/25 7:15,M004,Recycled Material,Scrap Steel,83.19,31.56,87.81,419,4.03
28/05/25 7:20,M005,Raw Material,Cotton,73.66,0.00,147.73,772,1.44
28/05/25 7:25,M001,Intermediate Material,Plastic Resin,123.96,0.00,143.67,114,1.94
28/05/25 7:30,M004,Intermediate Material,Textiles,159.5,0.00,172.78,636,4.46
28/05/25 7:35,M005,Raw Material,Steel,194.04,0.00,134.73,952,0.95
28/05/25 7:40,M001,Intermediate Material,Textiles,122.68,0.00,154.29,203,2.65
28/05/25 7:45,M007,Recycled Material,Scrap Steel,132.78,23.80,163.76,587,1.08
28/05/25 7:50,M002,Recycled Material,Scrap Steel,117.11,30.48,138.84,523,4.63
28/05/25 7:55,M002,Raw Material,Steel,195.42,0.00,156.47,767,4.07
28/05/25 8:00,M008,Process Additive,Industrial Oil,50.24,0.00,162.68,156,0.31
28/05/25 8:05,M004,Intermediate Material,Plastic Resin,144.46,0.00,162.69,507,1.91
28/05/25 8:10,M002,Hazardous Material,Lead-Based Alloy,106.69,0.00,80.39,446,3.93
28/05/25 8:15,M008,Raw Material,Steel,124.94,0.00,179.52,202,0.03
28/05/25 8:20,M003,Intermediate Material,Sheet Metal,158.74,0.00,100.31,505,2.80
28/05/25 8:25,M004,Hazardous Material,Lead-Based Alloy,97.79,0.00,181.38,136,0.61
28/05/25 8:30,M002,Hazardous Material,Lead-Based Alloy,160.09,0.00,147.96,908,1.34
28/05/25 8:35,M010,Raw Material,Steel,167.43,0.00,189.91,546,3.08
28/05/25 8:40,M008,Raw Material,Steel,175.82,0.00,93.19,728,1.52
28/05/25 8:45,M002,Recycled Material,Scrap Steel,175.39,27.93,169.24,471,0.56
28/05/25 8:50,M007,Process Additive,Industrial Oil,186.82,0.00,190.05,437,2.53
28/05/25 8:55,M007,Raw Material,Cotton,116.91,0.00,93.03,995,2.42
28/05/25 9:00,M003,Process Additive,Coolant,178.07,0.00,174.4,709,1.95
28/05/25 9:05,M006,Raw Material,Aluminum,155.92,0.00,190.83,260,4.51
28/05/25 9:10,M002,Hazardous Material,Lead-Based Alloy,187.39,0.00,180.06,369,3.18
28/05/25 9:15,M001,Process Additive,Catalyst,119.99,0.00,121.43,957,4.85
28/05/25 9:20,M001,Intermediate Material,Plastic Resin,71.25,0.00,110.22,885,0.69
28/05/25 9:25,M004,Intermediate Material,Plastic Resin,76.92,0.00,93.84,574,3.15
28/05/25 9:30,M005,Hazardous Material,Solvent,124.66,0.00,94.99,802,4.81
28/05/25 9:35,M003,Raw Material,Aluminum,52.49,0.00,90.81,311,3.08
28/05/25 9:40,M003,Raw Material,Aluminum,65.88,0.00,142.88,560,2.13
28/05/25 9:45,M008,Process Additive,Coolant,127.71,0.00,100.07,622,3.73
28/05/25 9:50,M009,Raw Material,Cotton,186.8,0.00,153.79,144,4.61
28/05/25 9:55,M005,Hazardous Material,Solvent,84.56,0.00,163.76,495,2.09
28/05/25 10:00,M008,Recycled Material,Scrap Steel,135.15,1.58,98.8,911,3.55
28/05/25 10:05,M007,Finished Material,Machine Component,176.65,0.00,151.79,752,0.21
28/05/25 10:10,M008,Raw Material,Cotton,94.67,0.00,199.72,435,4.32
28/05/25 10:15,M006,Finished Material,Packaging,177.31,0.00,167.95,516,1.72
28/05/25 10:20,M008,Finished Material,Circuit Board,86.77,0.00,177.83,748,2.25
28/05/25 10:25,M006,Intermediate Material,Plastic Resin,75.1,0.00,140.24,695,1.06
28/05/25 10:30,M003,Hazardous Material,Solvent,165.46,0.00,97.52,901,3.88
28/05/25 10:35,M008,Recycled Material,Reprocessed Plastics,194.13,12.85,168.04,746,1.45
28/05/25 10:40,M008,Process Additive,Catalyst,165.57,0.00,114.76,538,3.44
28/05/25 10:45,M006,Finished Material,Machine Component,147.15,0.00,102.69,847,0.15
28/05/25 10:50,M001,Intermediate Material,Textiles,65.02,0.00,116.03,493,2.08
28/05/25 10:55,M010,Process Additive,Coolant,184.87,0.00,104.15,666,0.86
28/05/25 11:00,M004,Intermediate Material,Sheet Metal,95.85,0.00,194.77,840,1.22
28/05/25 11:05,M006,Recycled Material,Reprocessed Plastics,127.2,8.10,95.9,879,2.62
28/05/25 11:10,M007,Process Additive,Coolant,150.63,0.00,116.39,749,0.74
28/05/25 11:15,M001,Intermediate Material,Textiles,142.21,0.00,80.09,306,1.16
28/05/25 11:20,M008,Finished Material,Machine Component,60.98,0.00,153.38,474,3.36
28/05/25 11:25,M008,Raw Material,Steel,187.13,0.00,185.2,217,4.63
28/05/25 11:30,M006,Finished Material,Packaging,66.19,0.00,125.65,257,1.06
28/05/25 11:35,M006,Intermediate Material,Textiles,91,0.00,145.86,215,1.79
28/05/25 11:40,M008,Finished Material,Machine Component,100.68,0.00,149.22,165,1.88
28/05/25 11:45,M010,Recycled Material,Reprocessed Plastics,53.4,44.35,178.43,720,3.77
28/05/25 11:50,M003,Raw Material,Polypropylene,59.65,0.00,158.66,718,2.78
28/05/25 11:55,M002,Raw Material,Steel,146.67,0.00,182.6,401,1.10
28/05/25 12:00,M001,Intermediate Material,Plastic Resin,123.22,0.00,96.6,114,3.39
28/05/25 12:05,M006,Recycled Material,Reprocessed Plastics,71.91,32.16,155.42,666,0.04
28/05/25 12:10,M009,Intermediate Material,Plastic Resin,179.53,0.00,192.11,992,1.97
28/05/25 12:15,M008,Recycled Material,Scrap Steel,154.25,5.02,117.13,181,3.73
28/05/25 12:20,M008,Process Additive,Industrial Oil,178.93,0.00,140.35,973,4.40
28/05/25 12:25,M008,Raw Material,Polypropylene,66.32,0.00,182.06,290,2.16
28/05/25 12:30,M005,Intermediate Material,Textiles,83.11,0.00,175.29,786,4.97
28/05/25 12:35,M005,Finished Material,Machine Component,183.29,0.00,113.75,303,2.53
28/05/25 12:40,M004,Finished Material,Packaging,180.81,0.00,87.59,609,1.50
28/05/25 12:45,M003,Finished Material,Packaging,158.94,0.00,179.97,418,4.36
28/05/25 12:50,M006,Hazardous Material,Solvent,148.5,0.00,111.15,671,3.95
28/05/25 12:55,M005,Recycled Material,Reprocessed Plastics,70.04,25.41,150.73,920,4.12
28/05/25 13:00,M005,Process Additive,Catalyst,118.74,0.00,147.67,703,2.72
28/05/25 13:05,M003,Process Additive,Coolant,101.72,0.00,115.41,845,3.26
28/05/25 13:10,M005,Intermediate Material,Sheet Metal,53.2,0.00,93.53,751,2.96
28/05/25 13:15,M007,Raw Material,Steel,164.16,0.00,180.42,556,2.63
28/05/25 13:20,M005,Process Additive,Industrial Oil,134.88,0.00,180.35,132,3.61
28/05/25 13:25,M008,Finished Material,Packaging,131.96,0.00,126.12,231,4.88
28/05/25 13:30,M007,Hazardous Material,Lead-Based Alloy,177.44,0.00,105.79,680,1.69
28/05/25 13:35,M004,Finished Material,Circuit Board,54.88,0.00,160.6,230,3.27
28/05/25 13:40,M006,Intermediate Material,Textiles,100.2,0.00,159.05,987,3.20
28/05/25 13:45,M007,Finished Material,Circuit Board,118.16,0.00,178.67,784,3.73
28/05/25 13:50,M002,Intermediate Material,Plastic Resin,73.72,0.00,123.46,836,4.20
28/05/25 13:55,M001,Raw Material,Aluminum,199.97,0.00,168.57,219,0.31
28/05/25 14:00,M006,Raw Material,Cotton,85.64,0.00,104.75,670,0.98
28/05/25 14:05,M003,Process Additive,Catalyst,144.8,0.00,94.92,188,1.70
28/05/25 14:10,M010,Process Additive,Coolant,83.04,0.00,139.46,660,2.38
28/05/25 14:15,M008,Raw Material,Aluminum,98.55,0.00,162.09,723,1.08
28/05/25 14:20,M009,Finished Material,Packaging,62.57,0.00,86.77,458,3.92
28/05/25 14:25,M005,Hazardous Material,Lead-Based Alloy,99.62,0.00,99.09,595,1.06
28/05/25 14:30,M007,Process Additive,Industrial Oil,151,0.00,104.25,227,2.15
28/05/25 14:35,M003,Raw Material,Aluminum,190,0.00,130.48,646,3.31
28/05/25 14:40,M008,Hazardous Material,Solvent,72.98,0.00,163.36,592,1.65
28/05/25 14:45,M006,Intermediate Material,Plastic Resin,148.6,0.00,174.82,148,3.47
28/05/25 14:50,M008,Finished Material,Machine Component,55.42,0.00,126.06,730,2.96
28/05/25 14:55,M003,Finished Material,Packaging,97.06,0.00,182.63,505,2.59
28/05/25 15:00,M010,Process Additive,Coolant,61.81,0.00,114.28,685,1.18
28/05/25 15:05,M002,Raw Material,Steel,97.98,0.00,170.81,824,2.71
28/05/25 15:10,M005,Raw Material,Aluminum,108.03,0.00,181.16,201,2.59
28/05/25 15:15,M007,Finished Material,Packaging,148.45,0.00,81.17,351,3.75
28/05/25 15:20,M007,Intermediate Material,Sheet Metal,84.63,0.00,124.32,225,2.75
28/05/25 15:25,M003,Intermediate Material,Textiles,148.88,0.00,131.3,462,1.99
28/05/25 15:30,M004,Finished Material,Circuit Board,175.48,0.00,168.16,346,4.00
28/05/25 15:35,M009,Recycled Material,Scrap Steel,147.2,14.55,114.7,429,4.77
28/05/25 15:40,M005,Intermediate Material,Sheet Metal,50.6,0.00,157.49,901,1.68
28/05/25 15:45,M008,Finished Material,Machine Component,120.33,0.00,114.92,763,4.44
28/05/25 15:50,M007,Finished Material,Machine Component,180.17,0.00,140.17,199,2.01
28/05/25 15:55,M004,Intermediate Material,Plastic Resin,83.25,0.00,174.23,348,3.53
28/05/25 16:00,M004,Raw Material,Polypropylene,118.51,0.00,122.38,804,2.53
28/05/25 16:05,M007,Recycled Material,Scrap Steel,117.98,2.92,179.27,987,1.68
28/05/25 16:10,M008,Finished Material,Machine Component,114.15,0.00,85.35,495,2.88
28/05/25 16:15,M006,Raw Material,Polypropylene,156.78,0.00,131.18,148,2.10
28/05/25 16:20,M010,Recycled Material,Reprocessed Plastics,101.92,42.37,105.1,494,3.82
28/05/25 16:25,M005,Recycled Material,Reprocessed Plastics,179.85,32.43,111.16,284,3.36
28/05/25 16:30,M001,Finished Material,Machine Component,79.32,0.00,132.31,390,2.57
28/05/25 16:35,M004,Process Additive,Catalyst,168.14,0.00,126.53,107,0.03
28/05/25 16:40,M002,Hazardous Material,Lead-Based Alloy,51.16,0.00,141.64,208,1.94
28/05/25 16:45,M004,Hazardous Material,Lead-Based Alloy,138.86,0.00,165.31,695,3.16
28/05/25 16:50,M003,Recycled Material,Scrap Steel,134.96,25.30,149.08,325,2.80
28/05/25 16:55,M002,Hazardous Material,Solvent,181.29,0.00,95.43,523,1.66
28/05/25 17:00,M002,Hazardous Material,Lead-Based Alloy,119.8,0.00,123.44,531,3.72
28/05/25 17:05,M002,Hazardous Material,Lead-Based Alloy,194.78,0.00,131.72,550,3.42
28/05/25 17:10,M006,Finished Material,Circuit Board,68.92,0.00,95.74,711,3.91
28/05/25 17:15,M006,Intermediate Material,Textiles,127.75,0.00,106.98,622,0.54
28/05/25 17:20,M007,Recycled Material,Reprocessed Plastics,169.04,4.02,193.77,305,0.39
28/05/25 17:25,M002,Hazardous Material,Solvent,185.13,0.00,148.32,218,1.20
28/05/25 17:30,M003,Finished Material,Packaging,123.34,0.00,194.02,919,0.91
28/05/25 17:35,M006,Process Additive,Catalyst,87.06,0.00,139.02,775,1.85
28/05/25 17:40,M002,Hazardous Material,Lead-Based Alloy,98.07,0.00,170.41,534,3.13
28/05/25 17:45,M006,Raw Material,Cotton,82.17,0.00,93.17,273,2.34
28/05/25 17:50,M006,Process Additive,Catalyst,153.98,0.00,129.61,647,0.47
28/05/25 17:55,M004,Process Additive,Industrial Oil,85.14,0.00,120.05,292,1.01
28/05/25 18:00,M007,Raw Material,Cotton,96.67,0.00,151.13,965,3.17
28/05/25 18:05,M009,Recycled Material,Reprocessed Plastics,116.88,32.29,115.49,816,1.58
28/05/25 18:10,M005,Hazardous Material,Lead-Based Alloy,67.24,0.00,181.68,975,4.97
28/05/25 18:15,M004,Hazardous Material,Lead-Based Alloy,65.86,0.00,95.25,437,4.53
28/05/25 18:20,M009,Hazardous Material,Solvent,193.76,0.00,113.54,140,4.50
28/05/25 18:25,M006,Raw Material,Aluminum,165.43,0.00,120.85,312,1.55
28/05/25 18:30,M007,Process Additive,Industrial Oil,131.82,0.00,159.53,430,3.47
28/05/25 18:35,M010,Hazardous Material,Solvent,153.46,0.00,106.3,602,3.95
28/05/25 18:40,M005,Recycled Material,Reprocessed Plastics,61.73,15.40,99.84,862,1.19
28/05/25 18:45,M009,Finished Material,Packaging,87.34,0.00,183.67,189,0.13
28/05/25 18:50,M006,Recycled Material,Scrap Steel,141.63,36.25,196.92,556,2.11
28/05/25 18:55,M007,Process Additive,Coolant,164.67,0.00,193.91,891,0.21
28/05/25 19:00,M007,Recycled Material,Scrap Steel,180.05,44.60,107.97,484,2.20
28/05/25 19:05,M008,Recycled Material,Reprocessed Plastics,96.71,4.75,183.48,800,2.79
28/05/25 19:10,M004,Hazardous Material,Solvent,185.3,0.00,169.92,880,0.56
28/05/25 19:15,M003,Finished Material,Circuit Board,185.32,0.00,106.14,381,0.18
28/05/25 19:20,M004,Process Additive,Catalyst,163.29,0.00,101.98,853,3.42
28/05/25 19:25,M008,Intermediate Material,Textiles,159.48,0.00,96.23,154,1.06
28/05/25 19:30,M001,Recycled Material,Reprocessed Plastics,109.19,45.06,164.28,198,4.21
28/05/25 19:35,M009,Process Additive,Coolant,126.32,0.00,140.99,833,4.53
28/05/25 19:40,M010,Recycled Material,Reprocessed Plastics,102.45,25.03,164.54,603,3.10
28/05/25 19:45,M006,Recycled Material,Reprocessed Plastics,62.8,14.61,151.86,569,4.59
28/05/25 19:50,M010,Process Additive,Coolant,60.06,0.00,184.1,155,4.66
28/05/25 19:55,M010,Finished Material,Circuit Board,169.99,0.00,156.63,684,4.02
28/05/25 20:00,M002,Raw Material,Aluminum,192.24,0.00,171.43,786,2.58
28/05/25 20:05,M007,Recycled Material,Reprocessed Plastics,131.3,33.01,152.77,637,1.51
28/05/25 20:10,M001,Raw Material,Aluminum,78.09,0.00,126.23,929,1.65
28/05/25 20:15,M004,Raw Material,Polypropylene,187.38,0.00,111.38,198,1.36
28/05/25 20:20,M003,Raw Material,Cotton,199.65,0.00,124.87,197,4.99
28/05/25 20:25,M004,Intermediate Material,Plastic Resin,76.67,0.00,147.54,714,1.87
28/05/25 20:30,M007,Raw Material,Aluminum,156.8,0.00,155.65,683,2.09
28/05/25 20:35,M002,Raw Material,Polypropylene,167.98,0.00,193.03,796,2.84
28/05/25 20:40,M010,Recycled Material,Scrap Steel,95.15,15.87,142.58,534,2.71
28/05/25 20:45,M007,Raw Material,Aluminum,154.21,0.00,148.14,521,2.45
28/05/25 20:50,M003,Raw Material,Aluminum,100.29,0.00,155.72,513,3.75
28/05/25 20:55,M005,Finished Material,Circuit Board,198.07,0.00,94.46,858,0.99
28/05/25 21:00,M009,Finished Material,Circuit Board,152.59,0.00,116.5,942,4.17
28/05/25 21:05,M010,Hazardous Material,Solvent,86.75,0.00,191.57,282,4.35
28/05/25 21:10,M001,Raw Material,Polypropylene,136.55,0.00,85.11,148,4.86
28/05/25 21:15,M001,Intermediate Material,Plastic Resin,65.6,0.00,161.29,132,1.07
28/05/25 21:20,M005,Intermediate Material,Sheet Metal,169.73,0.00,166.74,322,0.39
28/05/25 21:25,M005,Finished Material,Circuit Board,96.7,0.00,115.08,741,2.20
28/05/25 21:30,M009,Hazardous Material,Solvent,180.67,0.00,127.22,965,0.37
28/05/25 21:35,M008,Recycled Material,Reprocessed Plastics,159.14,48.09,157.01,281,0.49
28/05/25 21:40,M002,Recycled Material,Scrap Steel,124.36,13.38,172.03,182,3.54
28/05/25 21:45,M002,Recycled Material,Reprocessed Plastics,197.68,36.60,138.84,681,2.11
28/05/25 21:50,M002,Intermediate Material,Sheet Metal,91.08,0.00,87.24,987,3.63
28/05/25 21:55,M005,Hazardous Material,Solvent,172.47,0.00,154.68,529,3.50
28/05/25 22:00,M006,Raw Material,Cotton,108.83,0.00,137.77,382,1.75
28/05/25 22:05,M001,Recycled Material,Reprocessed Plastics,188.9,26.56,162.71,897,2.54
28/05/25 22:10,M003,Intermediate Material,Plastic Resin,126.73,0.00,163.56,559,2.31
28/05/25 22:15,M008,Raw Material,Aluminum,59.88,0.00,150.89,299,4.27
28/05/25 22:20,M010,Raw Material,Cotton,106.95,0.00,169.15,101,3.33
28/05/25 22:25,M008,Finished Material,Circuit Board,50.22,0.00,100.55,549,2.89
28/05/25 22:30,M007,Intermediate Material,Textiles,91.5,0.00,120.42,553,2.53
28/05/25 22:35,M005,Intermediate Material,Sheet Metal,154.91,0.00,81.28,720,2.73
28/05/25 22:40,M009,Finished Material,Circuit Board,113.01,0.00,173.97,393,2.12
28/05/25 22:45,M006,Hazardous Material,Solvent,160.67,0.00,90.52,881,4.28
28/05/25 22:50,M007,Hazardous Material,Solvent,140.16,0.00,141.34,813,1.36
28/05/25 22:55,M004,Finished Material,Circuit Board,51.16,0.00,166.6,244,0.83
28/05/25 23:00,M009,Recycled Material,Reprocessed Plastics,53.85,34.25,136.45,481,4.85
28/05/25 23:05,M008,Hazardous Material,Solvent,167.92,0.00,114.43,595,3.53
28/05/25 23:10,M007,Process Additive,Industrial Oil,50.64,0.00,97.2,865,4.77
28/05/25 23:15,M005,Intermediate Material,Sheet Metal,186.65,0.00,93.39,232,0.75
28/05/25 23:20,M006,Recycled Material,Reprocessed Plastics,52.86,3.80,99.64,502,1.53
28/05/25 23:25,M004,Finished Material,Machine Component,159.64,0.00,80.36,387,4.19
28/05/25 23:30,M006,Process Additive,Catalyst,147.03,0.00,133.22,200,1.43
28/05/25 23:35,M010,Intermediate Material,Textiles,193.58,0.00,130.63,248,4.04
28/05/25 23:40,M005,Recycled Material,Reprocessed Plastics,114.27,10.07,146.65,924,3.40
28/05/25 23:45,M009,Raw Material,Cotton,194.27,0.00,87.3,247,1.28
28/05/25 23:50,M009,Finished Material,Packaging,151.55,0.00,131.43,215,3.14
28/05/25 23:55,M010,Intermediate Material,Textiles,140.45,0.00,126.7,589,3.02
29/05/25 0:00,M004,Hazardous Material,Lead-Based Alloy,86.87,0.00,103.48,300,2.63
29/05/25 0:05,M007,Hazardous Material,Lead-Based Alloy,132.76,0.00,175.58,634,2.90
29/05/25 0:10,M009,Intermediate Material,Plastic Resin,126.91,0.00,195.15,315,2.79
29/05/25 0:15,M007,Hazardous Material,Lead-Based Alloy,186.66,0.00,125.47,284,3.71
29/05/25 0:20,M004,Process Additive,Industrial Oil,123.67,0.00,179.35,717,4.17
29/05/25 0:25,M010,Intermediate Material,Plastic Resin,131.51,0.00,138.86,850,3.16
29/05/25 0:30,M003,Raw Material,Steel,106.54,0.00,141.97,711,2.02
29/05/25 0:35,M004,Intermediate Material,Plastic Resin,76.48,0.00,189.04,898,3.08
29/05/25 0:40,M006,Raw Material,Cotton,119.55,0.00,199.71,257,2.04
29/05/25 0:45,M007,Intermediate Material,Textiles,63.23,0.00,86.79,513,2.20
29/05/25 0:50,M008,Hazardous Material,Solvent,194.27,0.00,160.48,334,3.51
29/05/25 0:55,M008,Raw Material,Steel,197.49,0.00,85.45,767,2.88
29/05/25 1:00,M005,Recycled Material,Scrap Steel,82.58,18.08,163.06,387,0.21
29/05/25 1:05,M007,Intermediate Material,Plastic Resin,71.04,0.00,94.08,826,1.18
29/05/25 1:10,M003,Process Additive,Catalyst,153.94,0.00,139.77,498,1.75
29/05/25 1:15,M009,Hazardous Material,Solvent,166.99,0.00,93.32,649,4.12
29/05/25 1:20,M007,Raw Material,Aluminum,71.18,0.00,116.14,509,1.19
29/05/25 1:25,M006,Recycled Material,Scrap Steel,89.66,20.15,104.47,663,1.74
29/05/25 1:30,M003,Recycled Material,Reprocessed Plastics,55.18,23.25,146.33,793,3.53
29/05/25 1:35,M004,Hazardous Material,Solvent,128.7,0.00,184.77,108,0.14
29/05/25 1:40,M010,Hazardous Material,Solvent,115.05,0.00,162.41,816,2.84
29/05/25 1:45,M005,Finished Material,Machine Component,153.51,0.00,191.57,166,4.36
29/05/25 1:50,M010,Raw Material,Polypropylene,125.48,0.00,136.06,328,1.72
29/05/25 1:55,M010,Recycled Material,Reprocessed Plastics,90.98,41.82,194.16,429,1.17
29/05/25 2:00,M007,Process Additive,Catalyst,134.8,0.00,92.04,162,2.44
29/05/25 2:05,M010,Hazardous Material,Solvent,118.48,0.00,97.94,244,3.49
29/05/25 2:10,M005,Recycled Material,Scrap Steel,163.43,16.19,109.04,134,0.05
29/05/25 2:15,M008,Raw Material,Aluminum,119.03,0.00,123.6,161,4.28
29/05/25 2:20,M008,Recycled Material,Reprocessed Plastics,164.6,34.64,163.26,349,4.28
29/05/25 2:25,M001,Process Additive,Industrial Oil,87.82,0.00,108.84,667,1.89
29/05/25 2:30,M010,Finished Material,Circuit Board,67.55,0.00,132.18,993,0.35
29/05/25 2:35,M001,Recycled Material,Reprocessed Plastics,180.85,2.73,128.31,979,3.85
29/05/25 2:40,M010,Finished Material,Circuit Board,192.64,0.00,123.91,454,4.64
29/05/25 2:45,M004,Hazardous Material,Lead-Based Alloy,179.74,0.00,184,362,1.59
29/05/25 2:50,M007,Process Additive,Industrial Oil,81.82,0.00,95.26,410,3.72
29/05/25 2:55,M009,Hazardous Material,Solvent,91.95,0.00,90.07,736,4.01
29/05/25 3:00,M010,Hazardous Material,Solvent,148.39,0.00,189.19,511,2.82
29/05/25 3:05,M004,Intermediate Material,Sheet Metal,85.77,0.00,89.5,544,2.92
29/05/25 3:10,M010,Raw Material,Cotton,51.99,0.00,168.56,789,3.82
29/05/25 3:15,M010,Process Additive,Catalyst,59.77,0.00,180.74,941,4.09
29/05/25 3:20,M007,Raw Material,Steel,171.17,0.00,142.27,596,1.46
29/05/25 3:25,M009,Finished Material,Circuit Board,59.58,0.00,179.29,125,3.43
29/05/25 3:30,M010,Hazardous Material,Lead-Based Alloy,174.92,0.00,97.43,382,1.57
29/05/25 3:35,M009,Recycled Material,Reprocessed Plastics,70.24,28.81,192.7,107,3.90
29/05/25 3:40,M003,Hazardous Material,Solvent,58.46,0.00,97.34,614,1.80
29/05/25 3:45,M006,Recycled Material,Scrap Steel,133.94,9.49,92.82,198,0.75
29/05/25 3:50,M007,Raw Material,Polypropylene,155.25,0.00,145.56,862,4.99
29/05/25 3:55,M010,Recycled Material,Reprocessed Plastics,89.52,46.79,88.16,378,1.36
29/05/25 4:00,M001,Hazardous Material,Lead-Based Alloy,131.54,0.00,192.85,538,1.77
29/05/25 4:05,M005,Recycled Material,Scrap Steel,143.33,9.34,139.95,964,4.71
29/05/25 4:10,M006,Process Additive,Catalyst,118.6,0.00,143.54,137,1.68
29/05/25 4:15,M007,Intermediate Material,Sheet Metal,54.12,0.00,174.3,844,0.24
29/05/25 4:20,M006,Recycled Material,Scrap Steel,137.66,49.96,112.67,500,4.36
29/05/25 4:25,M006,Raw Material,Steel,70.78,0.00,186.75,898,3.36
29/05/25 4:30,M004,Process Additive,Industrial Oil,112.56,0.00,155.41,980,1.88
29/05/25 4:35,M001,Process Additive,Industrial Oil,197.68,0.00,154.11,954,2.56
29/05/25 4:40,M006,Finished Material,Machine Component,154.44,0.00,131.38,596,2.69
29/05/25 4:45,M010,Intermediate Material,Plastic Resin,135.94,0.00,196.08,697,0.48
29/05/25 4:50,M010,Process Additive,Coolant,89.98,0.00,135.4,997,2.83
29/05/25 4:55,M010,Raw Material,Aluminum,98.84,0.00,98.29,810,3.95
29/05/25 5:00,M010,Finished Material,Machine Component,171.2,0.00,82.19,227,0.13
29/05/25 5:05,M008,Recycled Material,Reprocessed Plastics,124.56,45.46,172.31,415,0.94
29/05/25 5:10,M004,Intermediate Material,Sheet Metal,65.11,0.00,177.61,694,0.25
29/05/25 5:15,M007,Finished Material,Machine Component,164.29,0.00,96.04,596,2.25
29/05/25 5:20,M009,Raw Material,Aluminum,192.26,0.00,174.66,107,3.06
29/05/25 5:25,M009,Intermediate Material,Sheet Metal,199.51,0.00,124.4,266,1.25
29/05/25 5:30,M009,Raw Material,Aluminum,96.3,0.00,106.02,300,3.69
29/05/25 5:35,M003,Hazardous Material,Solvent,89.64,0.00,98.41,473,2.08
29/05/25 5:40,M007,Hazardous Material,Solvent,112.09,0.00,143.78,865,3.29
29/05/25 5:45,M006,Hazardous Material,Lead-Based Alloy,54.71,0.00,165.86,669,2.88
29/05/25 5:50,M006,Finished Material,Circuit Board,131.67,0.00,119.32,952,1.86
29/05/25 5:55,M001,Raw Material,Polypropylene,90.43,0.00,162.15,804,3.73
29/05/25 6:00,M006,Recycled Material,Scrap Steel,133.97,2.47,137.71,735,4.83
29/05/25 6:05,M005,Hazardous Material,Lead-Based Alloy,169.87,0.00,185.59,632,4.36
29/05/25 6:10,M002,Process Additive,Catalyst,163.65,0.00,156.15,905,4.20
29/05/25 6:15,M005,Process Additive,Coolant,110.95,0.00,186.63,773,2.97
29/05/25 6:20,M005,Raw Material,Cotton,63.98,0.00,80.45,955,2.03
29/05/25 6:25,M006,Recycled Material,Scrap Steel,186.6,19.54,144.36,470,1.45
29/05/25 6:30,M006,Finished Material,Machine Component,85.24,0.00,184.85,801,2.00
29/05/25 6:35,M008,Recycled Material,Reprocessed Plastics,115.03,30.22,186.73,733,3.00
29/05/25 6:40,M003,Finished Material,Circuit Board,91.33,0.00,190.73,916,0.66
29/05/25 6:45,M009,Raw Material,Cotton,77.15,0.00,125.74,375,2.55
29/05/25 6:50,M005,Hazardous Material,Lead-Based Alloy,128.97,0.00,127.05,419,1.92
29/05/25 6:55,M003,Hazardous Material,Lead-Based Alloy,110.58,0.00,165.48,650,4.70
29/05/25 7:00,M006,Intermediate Material,Sheet Metal,63.01,0.00,123.29,745,1.00
29/05/25 7:05,M004,Process Additive,Coolant,67.05,0.00,93.11,554,4.48
29/05/25 7:10,M003,Recycled Material,Reprocessed Plastics,121.22,14.86,134.75,950,2.89
29/05/25 7:15,M004,Recycled Material,Scrap Steel,162.22,11.33,154.47,925,3.74
29/05/25 7:20,M008,Recycled Material,Scrap Steel,141.52,48.60,128.88,264,4.41
29/05/25 7:25,M006,Hazardous Material,Solvent,149.94,0.00,142.72,933,1.37
29/05/25 7:30,M004,Raw Material,Aluminum,145.19,0.00,170.15,812,3.41
29/05/25 7:35,M008,Process Additive,Industrial Oil,129.16,0.00,116.89,380,0.14
29/05/25 7:40,M008,Intermediate Material,Textiles,121.5,0.00,148.96,529,0.52
29/05/25 7:45,M008,Process Additive,Coolant,101.23,0.00,138.21,685,4.05
29/05/25 7:50,M001,Recycled Material,Scrap Steel,126.02,12.15,114.7,252,1.64
29/05/25 7:55,M002,Hazardous Material,Lead-Based Alloy,139.6,0.00,111.28,420,0.39
29/05/25 8:00,M003,Process Additive,Industrial Oil,105.37,0.00,95.52,542,1.18
29/05/25 8:05,M009,Process Additive,Industrial Oil,60,0.00,131.11,891,0.44
29/05/25 8:10,M008,Raw Material,Cotton,87.79,0.00,189.21,411,1.53
29/05/25 8:15,M004,Intermediate Material,Plastic Resin,153.36,0.00,121.95,283,0.10
29/05/25 8:20,M006,Recycled Material,Scrap Steel,91.41,47.04,93.1,801,4.73
29/05/25 8:25,M002,Process Additive,Coolant,84.19,0.00,137.02,630,1.35
29/05/25 8:30,M010,Raw Material,Aluminum,90.07,0.00,155.51,618,0.34
29/05/25 8:35,M010,Raw Material,Cotton,66.69,0.00,124.92,757,0.51
29/05/25 8:40,M005,Process Additive,Industrial Oil,96.74,0.00,123.01,386,2.91
29/05/25 8:45,M006,Process Additive,Catalyst,166.22,0.00,145.12,978,1.06
29/05/25 8:50,M009,Raw Material,Cotton,76.23,0.00,127.29,843,0.39
29/05/25 8:55,M009,Raw Material,Polypropylene,86.19,0.00,142.46,170,1.91
29/05/25 9:00,M009,Process Additive,Catalyst,70.99,0.00,136.21,273,4.90
29/05/25 9:05,M001,Hazardous Material,Lead-Based Alloy,118.35,0.00,82.1,419,3.62
29/05/25 9:10,M007,Process Additive,Coolant,101.06,0.00,108.33,778,0.03
29/05/25 9:15,M001,Process Additive,Coolant,156.98,0.00,94.93,724,3.07
29/05/25 9:20,M009,Raw Material,Cotton,84.62,0.00,86.33,281,2.46
29/05/25 9:25,M007,Intermediate Material,Textiles,199.2,0.00,176.93,567,0.92
29/05/25 9:30,M004,Recycled Material,Scrap Steel,174.91,30.66,118.88,368,4.16
29/05/25 9:35,M003,Finished Material,Machine Component,183.59,0.00,119.83,149,1.30
29/05/25 9:40,M004,Process Additive,Industrial Oil,99.11,0.00,96.9,528,3.79
29/05/25 9:45,M006,Process Additive,Catalyst,80.9,0.00,195.84,935,3.81
29/05/25 9:50,M004,Hazardous Material,Solvent,183.29,0.00,172.26,963,1.85
29/05/25 9:55,M004,Finished Material,Packaging,102.01,0.00,153.75,544,1.48
29/05/25 10:00,M007,Raw Material,Cotton,173.6,0.00,165.8,724,2.81
29/05/25 10:05,M008,Intermediate Material,Plastic Resin,88.29,0.00,81.33,421,0.45
29/05/25 10:10,M004,Raw Material,Cotton,93.64,0.00,174.94,722,3.07
29/05/25 10:15,M002,Finished Material,Circuit Board,115.13,0.00,130.39,834,0.25
29/05/25 10:20,M003,Finished Material,Machine Component,188.63,0.00,186.23,277,2.14
29/05/25 10:25,M001,Recycled Material,Scrap Steel,131,32.30,159.07,271,0.95
29/05/25 10:30,M005,Intermediate Material,Plastic Resin,177.64,0.00,153.11,730,0.94
29/05/25 10:35,M010,Process Additive,Catalyst,95.09,0.00,185.12,675,2.83
29/05/25 10:40,M003,Process Additive,Industrial Oil,146.15,0.00,113.45,597,1.61
29/05/25 10:45,M010,Process Additive,Catalyst,116.78,0.00,122.64,475,1.57
29/05/25 10:50,M003,Hazardous Material,Solvent,199.29,0.00,104.22,292,2.14
29/05/25 10:55,M007,Recycled Material,Reprocessed Plastics,165.87,2.91,89.63,103,0.39
29/05/25 11:00,M003,Finished Material,Circuit Board,86.81,0.00,157.28,816,4.83
29/05/25 11:05,M008,Process Additive,Industrial Oil,146.15,0.00,161.63,368,0.89
29/05/25 11:10,M005,Process Additive,Catalyst,126.7,0.00,178.94,443,1.44
29/05/25 11:15,M006,Recycled Material,Reprocessed Plastics,134.58,26.32,155.44,733,2.12
29/05/25 11:20,M009,Intermediate Material,Textiles,153.97,0.00,123.44,480,4.34
29/05/25 11:25,M004,Raw Material,Aluminum,190.74,0.00,162.71,873,1.70
29/05/25 11:30,M002,Process Additive,Industrial Oil,123.53,0.00,161.63,393,3.95
29/05/25 11:35,M007,Raw Material,Cotton,192.93,0.00,166.85,755,2.83
29/05/25 11:40,M003,Finished Material,Machine Component,120.53,0.00,195.5,587,3.90
29/05/25 11:45,M007,Raw Material,Steel,131.83,0.00,159.74,178,0.19
29/05/25 11:50,M004,Raw Material,Aluminum,76.93,0.00,92.31,243,1.05
29/05/25 11:55,M006,Process Additive,Industrial Oil,76.83,0.00,183.22,527,2.98
29/05/25 12:00,M004,Intermediate Material,Sheet Metal,72.99,0.00,122.61,365,0.49
29/05/25 12:05,M003,Intermediate Material,Plastic Resin,172.83,0.00,155.35,522,3.72
29/05/25 12:10,M003,Raw Material,Polypropylene,89.61,0.00,104.35,586,0.53
29/05/25 12:15,M001,Process Additive,Coolant,68.7,0.00,154.14,600,2.72
29/05/25 12:20,M008,Recycled Material,Scrap Steel,164.87,48.00,161.48,754,1.76
29/05/25 12:25,M010,Raw Material,Aluminum,76.79,0.00,144.41,290,0.98
29/05/25 12:30,M003,Finished Material,Packaging,108.99,0.00,120.52,912,1.34
29/05/25 12:35,M010,Finished Material,Circuit Board,81.14,0.00,166.07,942,3.68
29/05/25 12:40,M004,Raw Material,Steel,181.46,0.00,182.33,555,0.41
29/05/25 12:45,M008,Intermediate Material,Sheet Metal,80.04,0.00,145.78,462,1.47
29/05/25 12:50,M006,Intermediate Material,Plastic Resin,195.05,0.00,192.71,847,2.35
29/05/25 12:55,M003,Finished Material,Machine Component,50.99,0.00,101.86,320,1.65
29/05/25 13:00,M005,Raw Material,Aluminum,52.18,0.00,153.43,730,2.67
29/05/25 13:05,M009,Hazardous Material,Lead-Based Alloy,139.96,0.00,124.77,593,3.48
29/05/25 13:10,M007,Recycled Material,Reprocessed Plastics,135.43,30.34,106.08,637,4.75
29/05/25 13:15,M010,Finished Material,Circuit Board,183.04,0.00,155.32,397,2.81
29/05/25 13:20,M008,Process Additive,Coolant,67.66,0.00,108.14,775,0.42
29/05/25 13:25,M001,Raw Material,Aluminum,93.36,0.00,123.47,215,2.47
29/05/25 13:30,M006,Hazardous Material,Solvent,185.9,0.00,187.84,563,1.05
29/05/25 13:35,M004,Intermediate Material,Sheet Metal,181.93,0.00,84.11,616,3.88
29/05/25 13:40,M010,Hazardous Material,Solvent,111.26,0.00,132.14,543,4.05
29/05/25 13:45,M009,Process Additive,Catalyst,175,0.00,112.23,171,0.44
29/05/25 13:50,M003,Raw Material,Steel,156.86,0.00,163.29,463,4.32
29/05/25 13:55,M002,Process Additive,Catalyst,142.36,0.00,181.08,311,3.94
29/05/25 14:00,M007,Finished Material,Machine Component,152.66,0.00,114.82,305,0.39
29/05/25 14:05,M006,Process Additive,Coolant,124.29,0.00,159.56,309,3.40
29/05/25 14:10,M003,Recycled Material,Reprocessed Plastics,135.99,2.07,190.48,658,4.95
29/05/25 14:15,M006,Hazardous Material,Solvent,141.47,0.00,152.95,439,4.34
29/05/25 14:20,M005,Intermediate Material,Plastic Resin,185.24,0.00,102.6,368,2.84
29/05/25 14:25,M006,Intermediate Material,Textiles,65.21,0.00,121.47,990,4.83
29/05/25 14:30,M009,Recycled Material,Scrap Steel,113.64,32.13,171.35,874,3.12
29/05/25 14:35,M009,Raw Material,Steel,152.32,0.00,85.73,688,4.36
29/05/25 14:40,M010,Hazardous Material,Lead-Based Alloy,97.54,0.00,175.78,409,3.73
29/05/25 14:45,M005,Raw Material,Polypropylene,168.13,0.00,147,114,3.33
29/05/25 14:50,M004,Finished Material,Machine Component,121.88,0.00,112.73,265,4.85
29/05/25 14:55,M007,Intermediate Material,Plastic Resin,88.2,0.00,186.68,275,4.02
29/05/25 15:00,M005,Recycled Material,Scrap Steel,98.04,13.35,106.31,688,3.70
29/05/25 15:05,M003,Process Additive,Coolant,81.78,0.00,191.38,507,0.07
29/05/25 15:10,M005,Intermediate Material,Plastic Resin,53.93,0.00,194.52,564,1.42
29/05/25 15:15,M005,Intermediate Material,Plastic Resin,150.9,0.00,191.49,816,3.51
29/05/25 15:20,M007,Hazardous Material,Solvent,162.72,0.00,102.29,912,4.07
29/05/25 15:25,M007,Hazardous Material,Lead-Based Alloy,52.87,0.00,91.75,763,2.74
29/05/25 15:30,M003,Intermediate Material,Plastic Resin,167.5,0.00,172.31,499,0.61
29/05/25 15:35,M005,Intermediate Material,Textiles,55.87,0.00,176.5,101,0.81
29/05/25 15:40,M010,Recycled Material,Scrap Steel,141.11,33.70,122.95,203,4.16
29/05/25 15:45,M006,Hazardous Material,Lead-Based Alloy,61.22,0.00,120.99,318,1.18
29/05/25 15:50,M008,Raw Material,Aluminum,150.61,0.00,122.03,308,1.20
29/05/25 15:55,M010,Recycled Material,Scrap Steel,129.71,2.57,187.77,341,2.34
29/05/25 16:00,M008,Process Additive,Catalyst,119.11,0.00,172.24,303,2.34
29/05/25 16:05,M008,Intermediate Material,Sheet Metal,152.7,0.00,118.8,345,1.14
29/05/25 16:10,M001,Intermediate Material,Sheet Metal,100.5,0.00,125.94,927,2.08
29/05/25 16:15,M008,Process Additive,Industrial Oil,78.63,0.00,188.75,171,4.61
29/05/25 16:20,M006,Raw Material,Cotton,125.47,0.00,153.22,652,3.75
29/05/25 16:25,M005,Intermediate Material,Sheet Metal,111.84,0.00,131.88,188,1.84
29/05/25 16:30,M004,Raw Material,Steel,199.52,0.00,157.04,768,4.72
29/05/25 16:35,M010,Raw Material,Aluminum,61.41,0.00,178.52,755,1.71
29/05/25 16:40,M007,Recycled Material,Reprocessed Plastics,63.19,20.05,130.25,822,0.98
29/05/25 16:45,M002,Finished Material,Machine Component,98.72,0.00,102.05,872,3.19
29/05/25 16:50,M004,Intermediate Material,Plastic Resin,153.04,0.00,179.69,623,3.30
29/05/25 16:55,M003,Finished Material,Packaging,117.03,0.00,153.48,316,3.56
29/05/25 17:00,M010,Recycled Material,Reprocessed Plastics,196.03,22.80,145.97,756,1.11
29/05/25 17:05,M003,Raw Material,Cotton,50.02,0.00,162,401,0.03
29/05/25 17:10,M007,Process Additive,Industrial Oil,71.55,0.00,191.56,905,3.69
29/05/25 17:15,M002,Process Additive,Coolant,56.14,0.00,116.98,571,2.52
29/05/25 17:20,M001,Recycled Material,Reprocessed Plastics,52.18,19.99,97.01,749,0.10
29/05/25 17:25,M004,Finished Material,Machine Component,135.67,0.00,110.32,986,0.08
29/05/25 17:30,M006,Intermediate Material,Plastic Resin,192.28,0.00,155.42,305,4.11
29/05/25 17:35,M007,Process Additive,Industrial Oil,119.67,0.00,98.33,175,0.94
29/05/25 17:40,M007,Process Additive,Catalyst,96.99,0.00,114.19,496,2.43
29/05/25 17:45,M009,Finished Material,Machine Component,141.68,0.00,132.02,774,1.53
29/05/25 17:50,M008,Finished Material,Circuit Board,107.96,0.00,141.66,826,0.97
29/05/25 17:55,M002,Finished Material,Circuit Board,80.92,0.00,95.91,729,3.87
29/05/25 18:00,M009,Intermediate Material,Sheet Metal,174.48,0.00,80.14,756,4.75
29/05/25 18:05,M008,Raw Material,Cotton,60.58,0.00,182.81,389,3.12
29/05/25 18:10,M009,Process Additive,Industrial Oil,96.23,0.00,135.16,532,4.75
29/05/25 18:15,M007,Finished Material,Circuit Board,169.43,0.00,145.37,697,4.74
29/05/25 18:20,M003,Recycled Material,Scrap Steel,172.87,25.77,102.07,261,4.85
29/05/25 18:25,M008,Hazardous Material,Solvent,156.6,0.00,88.6,897,0.42
29/05/25 18:30,M001,Hazardous Material,Solvent,107.38,0.00,160.69,477,3.08
29/05/25 18:35,M010,Intermediate Material,Sheet Metal,159.76,0.00,194.38,562,2.64
29/05/25 18:40,M001,Hazardous Material,Solvent,169.53,0.00,85.19,682,0.07
29/05/25 18:45,M001,Finished Material,Circuit Board,92.84,0.00,169.81,594,3.68
29/05/25 18:50,M002,Raw Material,Aluminum,57.39,0.00,136.25,125,4.16
29/05/25 18:55,M003,Intermediate Material,Textiles,143.8,0.00,195.16,753,2.87
29/05/25 19:00,M006,Finished Material,Circuit Board,154.13,0.00,96.72,741,0.77
29/05/25 19:05,M001,Recycled Material,Scrap Steel,72.08,2.29,104.56,480,3.68
29/05/25 19:10,M003,Intermediate Material,Sheet Metal,136.45,0.00,154.07,467,0.34
29/05/25 19:15,M002,Intermediate Material,Textiles,164.68,0.00,154.41,609,3.82
29/05/25 19:20,M008,Intermediate Material,Textiles,173.56,0.00,134.93,261,2.20
29/05/25 19:25,M008,Recycled Material,Reprocessed Plastics,191.33,41.08,109.5,107,3.17
29/05/25 19:30,M005,Intermediate Material,Sheet Metal,138.97,0.00,125.98,993,3.79
29/05/25 19:35,M007,Process Additive,Industrial Oil,95.69,0.00,162.36,915,2.54
29/05/25 19:40,M006,Recycled Material,Reprocessed Plastics,79.69,44.92,98.63,123,1.91
29/05/25 19:45,M002,Process Additive,Catalyst,151.44,0.00,181.32,751,1.49
29/05/25 19:50,M010,Hazardous Material,Lead-Based Alloy,138.14,0.00,164.36,244,0.25
29/05/25 19:55,M010,Hazardous Material,Lead-Based Alloy,59.44,0.00,81.21,104,2.59
29/05/25 20:00,M004,Finished Material,Circuit Board,137.75,0.00,199.96,186,2.90
29/05/25 20:05,M009,Raw Material,Steel,155.11,0.00,155.96,705,2.05
29/05/25 20:10,M004,Raw Material,Polypropylene,199.36,0.00,199.84,871,4.76
29/05/25 20:15,M010,Process Additive,Industrial Oil,180.2,0.00,113.94,967,4.37
29/05/25 20:20,M008,Raw Material,Aluminum,135.56,0.00,186.42,106,0.71
29/05/25 20:25,M009,Process Additive,Catalyst,89.56,0.00,191.12,915,3.92
29/05/25 20:30,M002,Finished Material,Machine Component,138.79,0.00,197.47,518,4.04
29/05/25 20:35,M005,Raw Material,Polypropylene,197.26,0.00,93.76,770,3.26
29/05/25 20:40,M004,Intermediate Material,Sheet Metal,125.89,0.00,103.5,114,4.89
29/05/25 20:45,M006,Recycled Material,Reprocessed Plastics,61.47,12.14,129.31,262,0.88
29/05/25 20:50,M006,Hazardous Material,Solvent,68.33,0.00,119.16,468,4.66
29/05/25 20:55,M009,Intermediate Material,Textiles,102.49,0.00,176.3,339,1.57
29/05/25 21:00,M009,Raw Material,Steel,111.71,0.00,174.48,384,3.57
29/05/25 21:05,M007,Hazardous Material,Solvent,170.89,0.00,92.77,294,0.85
29/05/25 21:10,M010,Raw Material,Steel,166.41,0.00,186.48,952,3.02
29/05/25 21:15,M002,Process Additive,Catalyst,165.85,0.00,190.85,790,4.31
29/05/25 21:20,M002,Raw Material,Polypropylene,128.85,0.00,189.88,946,4.72
29/05/25 21:25,M002,Process Additive,Coolant,56.85,0.00,102.96,863,1.85
29/05/25 21:30,M006,Finished Material,Packaging,195.75,0.00,141.12,622,2.96
29/05/25 21:35,M002,Process Additive,Industrial Oil,130.68,0.00,181.89,809,1.21
29/05/25 21:40,M007,Intermediate Material,Sheet Metal,109.87,0.00,178.03,504,0.25
29/05/25 21:45,M008,Raw Material,Cotton,134.15,0.00,101.61,641,4.48
29/05/25 21:50,M009,Hazardous Material,Solvent,180.62,0.00,141.51,802,3.95
29/05/25 21:55,M002,Hazardous Material,Lead-Based Alloy,178.06,0.00,103.85,644,1.15
29/05/25 22:00,M008,Finished Material,Machine Component,162.08,0.00,121.77,190,0.06
29/05/25 22:05,M005,Recycled Material,Scrap Steel,198.71,49.49,146.57,289,4.99
29/05/25 22:10,M003,Raw Material,Aluminum,67.06,0.00,89.44,405,4.19
29/05/25 22:15,M003,Process Additive,Catalyst,182.89,0.00,91.08,857,1.50
29/05/25 22:20,M004,Raw Material,Polypropylene,164.04,0.00,117.1,680,2.32
29/05/25 22:25,M010,Process Additive,Industrial Oil,169.46,0.00,147.51,326,1.50
29/05/25 22:30,M001,Raw Material,Steel,138.61,0.00,130.38,837,3.65
29/05/25 22:35,M004,Intermediate Material,Plastic Resin,103.96,0.00,87.34,206,3.09
29/05/25 22:40,M002,Finished Material,Circuit Board,79.72,0.00,85.25,126,2.22
29/05/25 22:45,M007,Recycled Material,Scrap Steel,121.51,19.35,191.58,497,3.43
29/05/25 22:50,M007,Hazardous Material,Solvent,178.22,0.00,117.3,806,2.69
29/05/25 22:55,M003,Finished Material,Circuit Board,189.67,0.00,142.66,229,2.65
29/05/25 23:00,M009,Raw Material,Steel,130.18,0.00,148.89,718,0.70
29/05/25 23:05,M005,Process Additive,Coolant,58.36,0.00,124.39,245,4.25
29/05/25 23:10,M005,Recycled Material,Reprocessed Plastics,75.67,39.54,173.66,519,4.27
29/05/25 23:15,M007,Intermediate Material,Sheet Metal,156.07,0.00,149.95,517,0.04
29/05/25 23:20,M005,Hazardous Material,Solvent,192.82,0.00,137.25,817,0.79
29/05/25 23:25,M004,Raw Material,Steel,59.38,0.00,86.71,921,1.95
29/05/25 23:30,M009,Recycled Material,Scrap Steel,172.66,6.71,163.71,912,1.82
29/05/25 23:35,M009,Hazardous Material,Lead-Based Alloy,176.35,0.00,141.63,356,3.63
29/05/25 23:40,M001,Process Additive,Coolant,55.91,0.00,183.73,474,3.47
29/05/25 23:45,M002,Intermediate Material,Plastic Resin,97.64,0.00,195.37,493,4.28
29/05/25 23:50,M005,Raw Material,Cotton,97.33,0.00,126.77,568,0.48
29/05/25 23:55,M008,Raw Material,Steel,173.33,0.00,96.84,606,0.09
30/05/25 0:00,M009,Finished Material,Packaging,52.65,0.00,120.51,639,3.84
30/05/25 0:05,M004,Process Additive,Catalyst,113.41,0.00,155.74,927,0.93
30/05/25 0:10,M007,Intermediate Material,Plastic Resin,158.22,0.00,120.69,453,2.30
30/05/25 0:15,M002,Process Additive,Industrial Oil,156.71,0.00,189.88,998,1.19
30/05/25 0:20,M006,Hazardous Material,Solvent,130.33,0.00,180.86,527,0.33
30/05/25 0:25,M007,Finished Material,Packaging,153.68,0.00,141.98,295,3.76
30/05/25 0:30,M005,Intermediate Material,Plastic Resin,193.06,0.00,99.33,717,4.37
30/05/25 0:35,M008,Hazardous Material,Solvent,82.53,0.00,179.14,226,3.45
30/05/25 0:40,M001,Raw Material,Aluminum,82.85,0.00,149.95,678,4.13
30/05/25 0:45,M001,Hazardous Material,Lead-Based Alloy,92.09,0.00,85.69,601,4.66
30/05/25 0:50,M007,Process Additive,Catalyst,96.39,0.00,168.24,772,2.84
30/05/25 0:55,M001,Raw Material,Polypropylene,56.36,0.00,120.7,440,3.68
30/05/25 1:00,M003,Process Additive,Coolant,132.24,0.00,84.47,857,4.08
30/05/25 1:05,M010,Raw Material,Polypropylene,141.59,0.00,97.16,572,3.68
30/05/25 1:10,M010,Raw Material,Polypropylene,108.64,0.00,127.39,979,0.34
30/05/25 1:15,M010,Hazardous Material,Lead-Based Alloy,127.45,0.00,103.15,634,2.10
30/05/25 1:20,M005,Hazardous Material,Lead-Based Alloy,107.06,0.00,129.03,524,0.40
30/05/25 1:25,M004,Recycled Material,Reprocessed Plastics,150.77,23.75,87.98,826,2.29
30/05/25 1:30,M003,Hazardous Material,Solvent,157.38,0.00,161.73,823,1.50
30/05/25 1:35,M003,Finished Material,Machine Component,143.42,0.00,122.9,378,3.54
30/05/25 1:40,M010,Recycled Material,Scrap Steel,150.74,13.24,162.82,364,1.64
30/05/25 1:45,M003,Recycled Material,Reprocessed Plastics,55.32,1.91,143.99,583,1.69
30/05/25 1:50,M006,Raw Material,Polypropylene,114.49,0.00,111.86,962,4.12
30/05/25 1:55,M002,Hazardous Material,Solvent,116.29,0.00,195.31,832,1.84
30/05/25 2:00,M001,Raw Material,Aluminum,183.07,0.00,93.55,690,1.00
30/05/25 2:05,M008,Raw Material,Cotton,188.14,0.00,180.55,182,1.49
30/05/25 2:10,M003,Raw Material,Steel,86.11,0.00,180.36,935,3.28
30/05/25 2:15,M009,Process Additive,Industrial Oil,132.82,0.00,186.48,278,2.73
30/05/25 2:20,M002,Process Additive,Industrial Oil,93.94,0.00,101.23,586,2.66
30/05/25 2:25,M004,Process Additive,Coolant,189.05,0.00,102.2,520,3.32
30/05/25 2:30,M008,Intermediate Material,Sheet Metal,57.11,0.00,159.3,111,1.21
30/05/25 2:35,M006,Process Additive,Coolant,109.52,0.00,140,922,4.51
30/05/25 2:40,M003,Raw Material,Steel,179.79,0.00,151.26,403,4.79
30/05/25 2:45,M007,Hazardous Material,Solvent,65.26,0.00,135.26,835,3.33
30/05/25 2:50,M001,Recycled Material,Scrap Steel,135.93,3.80,184.44,684,3.05
30/05/25 2:55,M009,Process Additive,Coolant,116.89,0.00,88.18,119,2.98
30/05/25 3:00,M006,Raw Material,Steel,162.85,0.00,105.85,960,1.76
30/05/25 3:05,M003,Process Additive,Coolant,153.97,0.00,95.96,158,4.90
30/05/25 3:10,M010,Raw Material,Aluminum,129,0.00,121.57,876,4.58
30/05/25 3:15,M010,Finished Material,Machine Component,106.04,0.00,82.88,156,3.83
30/05/25 3:20,M005,Process Additive,Industrial Oil,101.66,0.00,182.17,953,3.84
30/05/25 3:25,M004,Raw Material,Polypropylene,159.06,0.00,187.52,608,1.86
30/05/25 3:30,M003,Intermediate Material,Sheet Metal,74.56,0.00,134.12,653,2.84
30/05/25 3:35,M009,Intermediate Material,Textiles,155.08,0.00,118.45,570,0.15
30/05/25 3:40,M004,Finished Material,Machine Component,156.33,0.00,164.29,129,4.83
30/05/25 3:45,M008,Intermediate Material,Sheet Metal,150.77,0.00,105.98,849,1.40
30/05/25 3:50,M010,Intermediate Material,Sheet Metal,84.11,0.00,135.86,593,4.58
30/05/25 3:55,M007,Recycled Material,Reprocessed Plastics,141.7,13.55,125.11,986,2.73
30/05/25 4:00,M004,Intermediate Material,Plastic Resin,67.51,0.00,171.49,617,1.41
30/05/25 4:05,M007,Finished Material,Packaging,140.65,0.00,196.71,845,0.18
30/05/25 4:10,M008,Recycled Material,Reprocessed Plastics,121.44,31.68,114.29,912,1.72
30/05/25 4:15,M006,Finished Material,Packaging,115.85,0.00,124.61,941,1.50
30/05/25 4:20,M002,Finished Material,Packaging,76.92,0.00,96.51,681,1.21
30/05/25 4:25,M007,Hazardous Material,Lead-Based Alloy,177.12,0.00,154.03,672,4.76
30/05/25 4:30,M002,Recycled Material,Reprocessed Plastics,71.66,33.35,138.86,312,1.63
30/05/25 4:35,M002,Hazardous Material,Solvent,122.08,0.00,127.2,365,4.97
30/05/25 4:40,M002,Process Additive,Coolant,133.97,0.00,137.41,596,2.21
30/05/25 4:45,M008,Recycled Material,Scrap Steel,137.63,32.95,89.28,118,0.97
30/05/25 4:50,M009,Hazardous Material,Solvent,177.88,0.00,199.75,940,0.90
30/05/25 4:55,M008,Hazardous Material,Solvent,195.29,0.00,184.99,783,2.70
30/05/25 5:00,M009,Finished Material,Machine Component,115.71,0.00,165.75,389,3.65
30/05/25 5:05,M003,Raw Material,Polypropylene,152.91,0.00,83.65,940,4.21
30/05/25 5:10,M008,Hazardous Material,Solvent,110.52,0.00,97.31,171,2.03
30/05/25 5:15,M005,Recycled Material,Reprocessed Plastics,63.9,36.06,182.91,890,0.57
30/05/25 5:20,M004,Raw Material,Aluminum,59.55,0.00,187.06,792,4.29
30/05/25 5:25,M009,Intermediate Material,Textiles,142.36,0.00,157,595,3.12
30/05/25 5:30,M009,Finished Material,Packaging,114.53,0.00,141.08,422,3.94
30/05/25 5:35,M005,Recycled Material,Reprocessed Plastics,171.17,39.17,92.3,114,4.00
30/05/25 5:40,M006,Hazardous Material,Lead-Based Alloy,142.11,0.00,135.57,209,4.98
30/05/25 5:45,M006,Process Additive,Catalyst,180.06,0.00,102.08,415,0.39
30/05/25 5:50,M003,Process Additive,Coolant,193.52,0.00,124.89,257,3.44
30/05/25 5:55,M010,Process Additive,Catalyst,122.95,0.00,134.28,912,4.84
30/05/25 6:00,M004,Process Additive,Industrial Oil,106.91,0.00,108.62,105,4.70
30/05/25 6:05,M003,Intermediate Material,Plastic Resin,157.49,0.00,89.91,768,0.40
30/05/25 6:10,M001,Raw Material,Aluminum,62.34,0.00,113.36,631,0.26
30/05/25 6:15,M009,Process Additive,Coolant,196.06,0.00,117.81,974,1.66
30/05/25 6:20,M008,Finished Material,Machine Component,86.99,0.00,162.4,321,0.75
30/05/25 6:25,M003,Intermediate Material,Textiles,60.24,0.00,95.29,778,3.53
30/05/25 6:30,M002,Hazardous Material,Lead-Based Alloy,112.38,0.00,149.62,843,4.96
30/05/25 6:35,M010,Hazardous Material,Lead-Based Alloy,103.75,0.00,141.56,110,2.62
30/05/25 6:40,M007,Hazardous Material,Solvent,80.95,0.00,149.32,900,2.27
30/05/25 6:45,M006,Hazardous Material,Solvent,163.54,0.00,131.24,585,0.54
30/05/25 6:50,M004,Recycled Material,Scrap Steel,143.77,12.97,115.86,969,3.05
30/05/25 6:55,M005,Process Additive,Catalyst,131.27,0.00,153.74,129,3.01
30/05/25 7:00,M007,Recycled Material,Scrap Steel,136.05,23.37,103.81,155,4.08
30/05/25 7:05,M003,Recycled Material,Reprocessed Plastics,110.82,49.24,140.24,644,4.61
30/05/25 7:10,M010,Hazardous Material,Solvent,76.62,0.00,112.11,877,1.50
30/05/25 7:15,M004,Raw Material,Aluminum,159.18,0.00,162.12,915,0.70
30/05/25 7:20,M001,Hazardous Material,Lead-Based Alloy,118.78,0.00,150.31,801,2.84
30/05/25 7:25,M001,Hazardous Material,Lead-Based Alloy,152.82,0.00,97.19,138,0.91
30/05/25 7:30,M002,Process Additive,Catalyst,64.45,0.00,96.62,801,2.54
30/05/25 7:35,M002,Intermediate Material,Plastic Resin,126.44,0.00,83.85,397,4.20
30/05/25 7:40,M007,Finished Material,Machine Component,74.78,0.00,107.59,108,0.01
30/05/25 7:45,M009,Recycled Material,Reprocessed Plastics,121.42,3.87,86.47,147,1.03
30/05/25 7:50,M003,Finished Material,Machine Component,53.99,0.00,109.03,878,4.36
30/05/25 7:55,M009,Finished Material,Machine Component,85.98,0.00,131.14,362,4.40
30/05/25 8:00,M005,Recycled Material,Reprocessed Plastics,199.48,10.96,173.17,936,4.03
30/05/25 8:05,M004,Intermediate Material,Sheet Metal,197.66,0.00,145.37,779,4.04
30/05/25 8:10,M005,Intermediate Material,Plastic Resin,157.29,0.00,195.03,592,1.18
30/05/25 8:15,M006,Hazardous Material,Solvent,130.71,0.00,89.26,532,4.43
30/05/25 8:20,M005,Process Additive,Catalyst,193.96,0.00,130.35,252,0.69
30/05/25 8:25,M004,Raw Material,Aluminum,152.05,0.00,185.51,252,1.78
30/05/25 8:30,M006,Hazardous Material,Lead-Based Alloy,160.32,0.00,100.21,310,0.10
30/05/25 8:35,M009,Raw Material,Polypropylene,66.66,0.00,190.78,886,1.65
30/05/25 8:40,M001,Finished Material,Machine Component,117.58,0.00,87.02,610,4.16
30/05/25 8:45,M003,Process Additive,Coolant,184.65,0.00,178.17,407,3.68
30/05/25 8:50,M008,Process Additive,Catalyst,140.37,0.00,132.57,205,1.15
30/05/25 8:55,M002,Process Additive,Catalyst,199.25,0.00,176.05,953,2.43
30/05/25 9:00,M002,Finished Material,Circuit Board,69.58,0.00,98.88,923,1.48
30/05/25 9:05,M010,Finished Material,Machine Component,182.91,0.00,148.63,386,4.83
30/05/25 9:10,M009,Process Additive,Coolant,127.03,0.00,165.05,926,0.06
30/05/25 9:15,M010,Raw Material,Aluminum,178.53,0.00,146.57,453,2.52
30/05/25 9:20,M008,Intermediate Material,Plastic Resin,78.56,0.00,102.49,922,2.37
30/05/25 9:25,M001,Intermediate Material,Plastic Resin,145.08,0.00,152.71,498,1.53
30/05/25 9:30,M002,Finished Material,Circuit Board,75.95,0.00,145.98,549,4.07
30/05/25 9:35,M009,Hazardous Material,Lead-Based Alloy,123.29,0.00,132.16,524,4.67
30/05/25 9:40,M005,Hazardous Material,Solvent,56.28,0.00,157.84,944,1.56
30/05/25 9:45,M010,Raw Material,Steel,134.48,0.00,128.56,745,4.09
30/05/25 9:50,M004,Finished Material,Packaging,199.25,0.00,108.76,523,0.72
30/05/25 9:55,M010,Process Additive,Industrial Oil,75.82,0.00,186.76,982,0.60
30/05/25 10:00,M009,Recycled Material,Scrap Steel,152.97,48.03,84.81,992,0.70
30/05/25 10:05,M003,Raw Material,Polypropylene,85.37,0.00,169.98,143,2.71
30/05/25 10:10,M004,Hazardous Material,Solvent,107.52,0.00,171.96,641,2.86
30/05/25 10:15,M001,Process Additive,Coolant,107.45,0.00,181.91,219,4.18
30/05/25 10:20,M001,Raw Material,Polypropylene,120.52,0.00,144.38,369,4.04
30/05/25 10:25,M006,Hazardous Material,Lead-Based Alloy,165.35,0.00,188.55,296,2.84
30/05/25 10:30,M007,Recycled Material,Reprocessed Plastics,58.74,20.14,143.7,845,2.51
30/05/25 10:35,M008,Finished Material,Machine Component,166.83,0.00,101.94,301,0.61
30/05/25 10:40,M001,Intermediate Material,Plastic Resin,57.98,0.00,162.65,991,1.70
30/05/25 10:45,M007,Intermediate Material,Sheet Metal,161.3,0.00,174.15,162,4.67
30/05/25 10:50,M006,Intermediate Material,Plastic Resin,187.23,0.00,159.32,537,3.04
30/05/25 10:55,M005,Finished Material,Packaging,97.09,0.00,187.68,490,2.68
30/05/25 11:00,M007,Recycled Material,Reprocessed Plastics,165.99,46.62,167.84,360,2.06
30/05/25 11:05,M002,Process Additive,Industrial Oil,157.14,0.00,116.6,117,0.03
30/05/25 11:10,M001,Finished Material,Circuit Board,81.76,0.00,192.89,554,1.32
30/05/25 11:15,M008,Hazardous Material,Solvent,123.37,0.00,91.71,876,2.37
30/05/25 11:20,M009,Intermediate Material,Sheet Metal,193.82,0.00,97.67,967,3.62
30/05/25 11:25,M009,Finished Material,Circuit Board,83.48,0.00,131.3,889,4.52
30/05/25 11:30,M003,Intermediate Material,Textiles,85.3,0.00,119.54,218,1.71
30/05/25 11:35,M002,Recycled Material,Reprocessed Plastics,110.73,23.09,199.91,934,2.19
30/05/25 11:40,M001,Finished Material,Packaging,57.57,0.00,82.28,459,2.99
30/05/25 11:45,M002,Hazardous Material,Solvent,74.4,0.00,167.81,611,3.04
30/05/25 11:50,M004,Hazardous Material,Lead-Based Alloy,143.82,0.00,104.73,408,2.54
30/05/25 11:55,M010,Raw Material,Polypropylene,58.41,0.00,127.37,702,3.21
30/05/25 12:00,M007,Intermediate Material,Sheet Metal,193.87,0.00,196.42,455,3.17
30/05/25 12:05,M009,Raw Material,Steel,125.51,0.00,124.46,890,1.69
30/05/25 12:10,M006,Raw Material,Aluminum,66.45,0.00,191.48,328,3.68
30/05/25 12:15,M009,Intermediate Material,Sheet Metal,123.68,0.00,159.84,650,1.40
30/05/25 12:20,M005,Recycled Material,Reprocessed Plastics,52.48,33.38,155.72,189,1.22
30/05/25 12:25,M006,Finished Material,Packaging,94.75,0.00,93.1,416,0.88
30/05/25 12:30,M004,Intermediate Material,Plastic Resin,160.98,0.00,198.9,564,0.23
30/05/25 12:35,M008,Recycled Material,Scrap Steel,84.28,43.52,159.33,168,0.24
30/05/25 12:40,M006,Intermediate Material,Plastic Resin,56.63,0.00,115.34,841,4.13
30/05/25 12:45,M008,Raw Material,Aluminum,120.95,0.00,107.95,742,0.19
30/05/25 12:50,M003,Recycled Material,Scrap Steel,147.09,24.02,117.63,969,3.87
30/05/25 12:55,M010,Hazardous Material,Lead-Based Alloy,115.14,0.00,82.64,218,2.53
30/05/25 13:00,M010,Recycled Material,Scrap Steel,141.61,17.97,128.35,960,0.50
30/05/25 13:05,M009,Intermediate Material,Textiles,136.58,0.00,183.63,823,0.09
30/05/25 13:10,M008,Process Additive,Catalyst,114.62,0.00,106.32,675,4.04
30/05/25 13:15,M001,Hazardous Material,Solvent,98.27,0.00,198.64,807,1.89
30/05/25 13:20,M002,Process Additive,Catalyst,179.73,0.00,193.32,613,3.15
30/05/25 13:25,M007,Hazardous Material,Lead-Based Alloy,127.4,0.00,128.51,775,2.37
30/05/25 13:30,M007,Hazardous Material,Solvent,82.69,0.00,188.17,775,1.37
30/05/25 13:35,M010,Recycled Material,Reprocessed Plastics,150.13,8.48,83.44,928,4.14
30/05/25 13:40,M010,Hazardous Material,Lead-Based Alloy,100.75,0.00,121.18,892,1.20
30/05/25 13:45,M001,Intermediate Material,Plastic Resin,130.21,0.00,159.66,824,2.76
30/05/25 13:50,M008,Process Additive,Coolant,143.96,0.00,194.48,360,3.72
30/05/25 13:55,M010,Raw Material,Steel,126.04,0.00,121.76,338,1.45
30/05/25 14:00,M009,Hazardous Material,Lead-Based Alloy,188.2,0.00,187.24,953,3.77
30/05/25 14:05,M003,Recycled Material,Scrap Steel,190.37,42.28,177.21,553,2.53
30/05/25 14:10,M004,Process Additive,Industrial Oil,124.51,0.00,180.24,741,4.05
30/05/25 14:15,M003,Hazardous Material,Lead-Based Alloy,190.83,0.00,90.67,778,2.37
30/05/25 14:20,M008,Recycled Material,Scrap Steel,67.88,11.30,85.22,154,4.82
30/05/25 14:25,M008,Intermediate Material,Plastic Resin,59.91,0.00,117.31,565,3.78
30/05/25 14:30,M005,Raw Material,Cotton,143.99,0.00,87.96,378,3.19
30/05/25 14:35,M001,Raw Material,Steel,54.24,0.00,81.84,945,0.45
30/05/25 14:40,M004,Raw Material,Aluminum,158.22,0.00,113.15,660,2.94
30/05/25 14:45,M005,Raw Material,Steel,64.05,0.00,178.51,353,4.17
30/05/25 14:50,M010,Intermediate Material,Sheet Metal,103.28,0.00,156.35,985,3.63
30/05/25 14:55,M002,Hazardous Material,Lead-Based Alloy,119.91,0.00,139.04,250,1.33
30/05/25 15:00,M004,Finished Material,Machine Component,156.6,0.00,194.07,430,1.89
30/05/25 15:05,M009,Finished Material,Packaging,182.28,0.00,117.23,674,2.87
30/05/25 15:10,M002,Process Additive,Catalyst,145.29,0.00,169.32,300,1.03
30/05/25 15:15,M007,Process Additive,Catalyst,164.03,0.00,117.15,145,4.65
30/05/25 15:20,M010,Raw Material,Polypropylene,127.3,0.00,169.06,804,0.59
30/05/25 15:25,M003,Finished Material,Packaging,141.35,0.00,81.79,623,3.94
30/05/25 15:30,M004,Hazardous Material,Lead-Based Alloy,176.42,0.00,125.1,532,0.61
30/05/25 15:35,M008,Hazardous Material,Solvent,131.52,0.00,88.46,486,2.02
30/05/25 15:40,M010,Hazardous Material,Lead-Based Alloy,107.76,0.00,181.5,964,2.83
30/05/25 15:45,M003,Finished Material,Packaging,196.71,0.00,184.32,790,0.13
30/05/25 15:50,M009,Finished Material,Machine Component,154.4,0.00,125.22,566,4.60
30/05/25 15:55,M005,Hazardous Material,Solvent,105.67,0.00,151.66,552,3.32
30/05/25 16:00,M006,Hazardous Material,Solvent,123.57,0.00,137.89,808,3.33
30/05/25 16:05,M009,Raw Material,Steel,185.37,0.00,118.17,849,4.07
30/05/25 16:10,M009,Intermediate Material,Sheet Metal,148.35,0.00,109.78,586,1.18
30/05/25 16:15,M004,Hazardous Material,Lead-Based Alloy,91.86,0.00,172.68,807,0.47
30/05/25 16:20,M003,Recycled Material,Reprocessed Plastics,134.36,20.22,120.54,153,2.23
30/05/25 16:25,M009,Process Additive,Coolant,176.02,0.00,80.36,861,3.78
30/05/25 16:30,M003,Raw Material,Cotton,199.25,0.00,192.66,238,0.33
30/05/25 16:35,M004,Raw Material,Polypropylene,127.09,0.00,132.66,673,2.92
30/05/25 16:40,M009,Hazardous Material,Lead-Based Alloy,197.47,0.00,197.98,894,3.38
30/05/25 16:45,M003,Hazardous Material,Solvent,100.05,0.00,170.22,936,2.50
30/05/25 16:50,M010,Intermediate Material,Sheet Metal,126.81,0.00,144.5,610,4.07
30/05/25 16:55,M001,Recycled Material,Scrap Steel,174.88,33.62,174.04,110,2.09
30/05/25 17:00,M004,Finished Material,Packaging,147.38,0.00,121.5,388,1.12
30/05/25 17:05,M005,Process Additive,Catalyst,61.81,0.00,179.2,417,4.46
30/05/25 17:10,M008,Raw Material,Polypropylene,131.19,0.00,127.64,227,0.56
30/05/25 17:15,M008,Intermediate Material,Plastic Resin,141.45,0.00,155.75,948,2.93
30/05/25 17:20,M004,Process Additive,Industrial Oil,113.37,0.00,179.64,841,4.29
30/05/25 17:25,M010,Process Additive,Industrial Oil,112.63,0.00,96.95,812,3.90
30/05/25 17:30,M007,Recycled Material,Scrap Steel,89.9,25.27,125.53,673,3.32
30/05/25 17:35,M001,Raw Material,Aluminum,71.4,0.00,92.13,995,4.27
30/05/25 17:40,M007,Recycled Material,Scrap Steel,59.45,43.29,89.19,576,0.59
30/05/25 17:45,M002,Raw Material,Polypropylene,167.91,0.00,165.9,686,4.01
30/05/25 17:50,M003,Finished Material,Circuit Board,121.45,0.00,89.42,628,4.33
30/05/25 17:55,M009,Finished Material,Circuit Board,72.48,0.00,89.45,207,4.96
30/05/25 18:00,M010,Finished Material,Machine Component,54.85,0.00,84.19,419,1.92
30/05/25 18:05,M002,Recycled Material,Scrap Steel,94.3,46.91,137.9,823,1.28
30/05/25 18:10,M002,Process Additive,Coolant,175.31,0.00,121.45,407,1.64
30/05/25 18:15,M003,Intermediate Material,Sheet Metal,190.04,0.00,120.83,701,0.37
30/05/25 18:20,M005,Finished Material,Packaging,63.07,0.00,158.71,515,0.97
30/05/25 18:25,M004,Recycled Material,Scrap Steel,84.9,20.60,116.93,509,1.66
30/05/25 18:30,M001,Recycled Material,Reprocessed Plastics,89.29,16.28,187.92,424,4.24
30/05/25 18:35,M001,Raw Material,Steel,111.98,0.00,107.72,365,2.31
30/05/25 18:40,M007,Finished Material,Machine Component,142,0.00,181.3,740,3.90
30/05/25 18:45,M008,Recycled Material,Scrap Steel,173.34,10.40,87.74,915,1.71
30/05/25 18:50,M005,Process Additive,Catalyst,190.48,0.00,112.96,697,0.32
30/05/25 18:55,M006,Intermediate Material,Plastic Resin,187.61,0.00,148.49,784,1.33
30/05/25 19:00,M006,Finished Material,Circuit Board,175.02,0.00,113.27,487,4.69
30/05/25 19:05,M010,Intermediate Material,Textiles,156.67,0.00,156.44,513,1.82
30/05/25 19:10,M004,Intermediate Material,Plastic Resin,62.87,0.00,84.14,733,3.28
30/05/25 19:15,M002,Intermediate Material,Plastic Resin,164.89,0.00,199.18,896,1.40
30/05/25 19:20,M004,Hazardous Material,Solvent,163.45,0.00,165.36,850,3.05
30/05/25 19:25,M002,Hazardous Material,Lead-Based Alloy,147.07,0.00,123.48,720,0.48
30/05/25 19:30,M007,Intermediate Material,Sheet Metal,134.98,0.00,168.14,255,3.29
30/05/25 19:35,M007,Intermediate Material,Plastic Resin,137.38,0.00,106.4,992,2.76
30/05/25 19:40,M006,Recycled Material,Scrap Steel,66.67,34.72,189.34,272,3.54
30/05/25 19:45,M010,Finished Material,Circuit Board,71,0.00,172.32,891,1.06
30/05/25 19:50,M001,Recycled Material,Scrap Steel,180.64,37.91,93.52,316,4.56
30/05/25 19:55,M010,Intermediate Material,Plastic Resin,104.61,0.00,129.73,684,0.45
30/05/25 20:00,M008,Recycled Material,Scrap Steel,152.3,28.65,80.94,735,4.05
30/05/25 20:05,M002,Recycled Material,Scrap Steel,141.94,45.78,97.92,333,4.73
30/05/25 20:10,M006,Hazardous Material,Lead-Based Alloy,87.34,0.00,105.15,311,0.41
30/05/25 20:15,M006,Intermediate Material,Plastic Resin,114.77,0.00,165.42,656,4.29
30/05/25 20:20,M003,Finished Material,Machine Component,197.24,0.00,163.77,748,0.11
30/05/25 20:25,M005,Finished Material,Packaging,54.21,0.00,110.44,372,3.97
30/05/25 20:30,M008,Raw Material,Cotton,132.59,0.00,143.82,724,2.69
30/05/25 20:35,M002,Hazardous Material,Lead-Based Alloy,93.53,0.00,126.34,264,4.06
30/05/25 20:40,M002,Recycled Material,Scrap Steel,106.31,29.89,80.47,635,2.16
30/05/25 20:45,M005,Finished Material,Packaging,194.1,0.00,186.98,754,3.21
30/05/25 20:50,M004,Intermediate Material,Textiles,74.36,0.00,188.75,241,1.26
30/05/25 20:55,M007,Intermediate Material,Plastic Resin,197.74,0.00,146.75,319,1.96
30/05/25 21:00,M002,Intermediate Material,Plastic Resin,87.71,0.00,115.23,239,4.67
30/05/25 21:05,M008,Hazardous Material,Solvent,121.52,0.00,153.32,384,1.29
30/05/25 21:10,M005,Finished Material,Circuit Board,116.42,0.00,117.46,379,1.34
30/05/25 21:15,M001,Process Additive,Coolant,137.93,0.00,160.13,134,1.93
30/05/25 21:20,M006,Intermediate Material,Plastic Resin,82.54,0.00,149.48,747,0.64
30/05/25 21:25,M005,Process Additive,Catalyst,130.64,0.00,107.83,844,1.87
30/05/25 21:30,M010,Hazardous Material,Solvent,97.89,0.00,80.62,663,3.26
30/05/25 21:35,M010,Recycled Material,Reprocessed Plastics,97.72,40.46,139.29,834,2.72
30/05/25 21:40,M002,Finished Material,Machine Component,150.32,0.00,83.31,538,2.12
30/05/25 21:45,M006,Finished Material,Circuit Board,65.53,0.00,131.46,277,0.94
30/05/25 21:50,M005,Intermediate Material,Textiles,174.91,0.00,133.23,227,1.30
30/05/25 21:55,M005,Hazardous Material,Solvent,74.75,0.00,142.16,698,4.83
30/05/25 22:00,M007,Raw Material,Polypropylene,75.78,0.00,142.26,874,3.42
30/05/25 22:05,M004,Raw Material,Polypropylene,162.72,0.00,145.95,845,0.26
30/05/25 22:10,M009,Raw Material,Aluminum,53.2,0.00,136.87,614,4.27
30/05/25 22:15,M010,Hazardous Material,Lead-Based Alloy,75.66,0.00,84.32,947,0.65
30/05/25 22:20,M003,Finished Material,Circuit Board,50.59,0.00,164.41,707,1.37
30/05/25 22:25,M003,Intermediate Material,Textiles,101.83,0.00,111.11,678,0.41
30/05/25 22:30,M001,Finished Material,Circuit Board,123.48,0.00,173.43,233,2.94
30/05/25 22:35,M010,Raw Material,Aluminum,97.27,0.00,82.73,914,3.36
30/05/25 22:40,M003,Intermediate Material,Plastic Resin,139.65,0.00,190.94,239,4.22
30/05/25 22:45,M008,Hazardous Material,Lead-Based Alloy,99.94,0.00,153.48,928,3.70
30/05/25 22:50,M005,Intermediate Material,Sheet Metal,114.68,0.00,84.07,282,4.20
30/05/25 22:55,M005,Raw Material,Steel,178.35,0.00,136.13,757,0.16
30/05/25 23:00,M004,Recycled Material,Scrap Steel,123.61,39.35,85.91,488,2.71
30/05/25 23:05,M003,Process Additive,Coolant,52.03,0.00,141.21,675,3.98
30/05/25 23:10,M006,Hazardous Material,Lead-Based Alloy,193.31,0.00,86,434,0.59
30/05/25 23:15,M006,Raw Material,Aluminum,71.04,0.00,183.21,526,4.58
30/05/25 23:20,M001,Raw Material,Cotton,195.01,0.00,114.77,387,4.59
30/05/25 23:25,M002,Recycled Material,Scrap Steel,105.99,29.14,87.49,515,1.48
30/05/25 23:30,M009,Finished Material,Machine Component,87.22,0.00,95.1,452,3.07
30/05/25 23:35,M001,Raw Material,Aluminum,97.41,0.00,149.1,618,1.40
30/05/25 23:40,M004,Process Additive,Industrial Oil,154.8,0.00,198.3,801,3.44
30/05/25 23:45,M009,Finished Material,Machine Component,144.31,0.00,88.93,419,4.89
30/05/25 23:50,M003,Finished Material,Packaging,153.48,0.00,187.68,789,3.10
30/05/25 23:55,M010,Process Additive,Coolant,62.26,0.00,149.78,549,3.36
31/05/25 0:00,M008,Raw Material,Steel,120.16,0.00,90.6,931,0.42
31/05/25 0:05,M001,Intermediate Material,Plastic Resin,78.3,0.00,128.19,328,4.51
31/05/25 0:10,M010,Intermediate Material,Sheet Metal,143.83,0.00,136.42,306,1.33
31/05/25 0:15,M006,Finished Material,Circuit Board,105.93,0.00,143.97,838,4.65
31/05/25 0:20,M007,Recycled Material,Scrap Steel,172.7,5.51,159.03,378,3.33
31/05/25 0:25,M009,Recycled Material,Scrap Steel,106.31,3.21,116.47,978,4.51
31/05/25 0:30,M002,Raw Material,Polypropylene,141.77,0.00,151.69,217,3.12
31/05/25 0:35,M007,Process Additive,Catalyst,137.1,0.00,94.11,310,1.16
31/05/25 0:40,M007,Recycled Material,Reprocessed Plastics,132.31,13.93,90.58,907,2.25
31/05/25 0:45,M005,Raw Material,Steel,154.99,0.00,148.02,159,4.45
31/05/25 0:50,M002,Raw Material,Cotton,87.2,0.00,99.76,380,4.19
31/05/25 0:55,M004,Intermediate Material,Plastic Resin,102.1,0.00,111.86,682,4.12
31/05/25 1:00,M006,Raw Material,Steel,146.26,0.00,138.45,769,3.32
31/05/25 1:05,M006,Raw Material,Cotton,139.72,0.00,121.56,993,1.19
31/05/25 1:10,M010,Hazardous Material,Lead-Based Alloy,183.88,0.00,187.79,376,1.84
31/05/25 1:15,M005,Hazardous Material,Lead-Based Alloy,54.29,0.00,199.45,731,1.36
31/05/25 1:20,M009,Raw Material,Steel,55.02,0.00,80.69,700,1.63
31/05/25 1:25,M010,Hazardous Material,Lead-Based Alloy,140.43,0.00,164.18,292,4.67
31/05/25 1:30,M004,Raw Material,Cotton,120.6,0.00,195.13,272,1.95
31/05/25 1:35,M007,Process Additive,Industrial Oil,164.34,0.00,180.32,343,3.54
31/05/25 1:40,M008,Process Additive,Industrial Oil,100.52,0.00,178.24,680,0.14
31/05/25 1:45,M007,Process Additive,Industrial Oil,127.38,0.00,87.22,558,0.55
31/05/25 1:50,M010,Raw Material,Cotton,143.58,0.00,124.34,118,4.02
31/05/25 1:55,M006,Hazardous Material,Lead-Based Alloy,174.45,0.00,83.06,491,1.64
31/05/25 2:00,M008,Process Additive,Catalyst,90.73,0.00,162.87,829,2.66
31/05/25 2:05,M010,Intermediate Material,Sheet Metal,128.78,0.00,184.13,848,2.17
31/05/25 2:10,M006,Process Additive,Catalyst,194.69,0.00,110.69,573,4.78
31/05/25 2:15,M002,Intermediate Material,Plastic Resin,127.58,0.00,141.68,227,0.04
31/05/25 2:20,M009,Recycled Material,Scrap Steel,76.38,4.05,135.72,743,4.08
31/05/25 2:25,M001,Recycled Material,Scrap Steel,119.64,21.19,109.95,835,0.86
31/05/25 2:30,M006,Hazardous Material,Lead-Based Alloy,62.73,0.00,168.87,954,3.11
31/05/25 2:35,M002,Intermediate Material,Textiles,115.98,0.00,130.23,471,4.26
31/05/25 2:40,M009,Raw Material,Cotton,199.62,0.00,183.16,418,0.63
31/05/25 2:45,M007,Recycled Material,Reprocessed Plastics,167.48,39.82,82.33,360,4.35
31/05/25 2:50,M003,Process Additive,Catalyst,116.56,0.00,129.36,608,0.46
31/05/25 2:55,M006,Process Additive,Coolant,181.18,0.00,145.41,916,4.92
31/05/25 3:00,M010,Finished Material,Machine Component,63.16,0.00,126.91,360,2.87
31/05/25 3:05,M010,Raw Material,Steel,197.95,0.00,159.11,370,0.14
31/05/25 3:10,M010,Raw Material,Polypropylene,95.53,0.00,157.38,418,4.28
31/05/25 3:15,M007,Intermediate Material,Textiles,161.53,0.00,124.9,948,0.55
31/05/25 3:20,M006,Intermediate Material,Textiles,185.49,0.00,153.8,936,3.88
31/05/25 3:25,M004,Hazardous Material,Lead-Based Alloy,118.62,0.00,128.44,860,2.01
31/05/25 3:30,M006,Finished Material,Circuit Board,177.03,0.00,157.31,286,0.07
31/05/25 3:35,M004,Raw Material,Polypropylene,122.12,0.00,151.25,109,2.02
31/05/25 3:40,M006,Hazardous Material,Lead-Based Alloy,65.37,0.00,95.72,477,3.79
31/05/25 3:45,M008,Recycled Material,Scrap Steel,115.33,16.36,161.07,738,2.11
31/05/25 3:50,M009,Raw Material,Steel,135.32,0.00,199.02,570,0.60
31/05/25 3:55,M007,Recycled Material,Scrap Steel,80.95,45.39,157.54,466,0.90
31/05/25 4:00,M007,Raw Material,Steel,119.17,0.00,155.51,558,0.87
31/05/25 4:05,M007,Process Additive,Coolant,125.74,0.00,180.54,308,0.64
31/05/25 4:10,M007,Raw Material,Aluminum,100.32,0.00,175.3,239,4.13
31/05/25 4:15,M001,Raw Material,Aluminum,82.07,0.00,157.53,968,0.66
31/05/25 4:20,M001,Raw Material,Aluminum,98.64,0.00,190.1,328,0.22
31/05/25 4:25,M007,Recycled Material,Reprocessed Plastics,52.56,22.66,145.35,889,4.95
31/05/25 4:30,M006,Intermediate Material,Sheet Metal,66.98,0.00,89.3,513,1.48
31/05/25 4:35,M009,Intermediate Material,Plastic Resin,177.52,0.00,101.32,960,4.69
31/05/25 4:40,M009,Recycled Material,Reprocessed Plastics,79,5.32,141.09,655,4.67
31/05/25 4:45,M004,Intermediate Material,Plastic Resin,93.15,0.00,98.08,452,0.75
31/05/25 4:50,M010,Recycled Material,Reprocessed Plastics,104.58,26.05,170.2,487,1.92
31/05/25 4:55,M010,Intermediate Material,Textiles,57.07,0.00,199.37,264,0.48
31/05/25 5:00,M009,Finished Material,Packaging,56.95,0.00,80.37,624,0.78
31/05/25 5:05,M002,Finished Material,Machine Component,100.43,0.00,111.54,931,4.12
31/05/25 5:10,M002,Intermediate Material,Plastic Resin,65.06,0.00,92.46,659,0.95
31/05/25 5:15,M004,Process Additive,Industrial Oil,178.23,0.00,89.35,688,3.57
31/05/25 5:20,M010,Process Additive,Coolant,199.07,0.00,165.1,744,1.83
31/05/25 5:25,M008,Recycled Material,Reprocessed Plastics,189.19,37.76,125.22,452,1.01
31/05/25 5:30,M008,Raw Material,Steel,122.83,0.00,169.98,144,1.14
31/05/25 5:35,M006,Finished Material,Machine Component,153.79,0.00,94.66,555,1.70
31/05/25 5:40,M006,Hazardous Material,Lead-Based Alloy,81.23,0.00,80.7,233,0.92
31/05/25 5:45,M003,Intermediate Material,Sheet Metal,195.19,0.00,134.01,512,4.96
31/05/25 5:50,M005,Intermediate Material,Sheet Metal,149.31,0.00,103.11,918,4.26
31/05/25 5:55,M006,Raw Material,Cotton,144.03,0.00,99.18,167,0.33
31/05/25 6:00,M006,Intermediate Material,Textiles,74.25,0.00,170.24,108,4.19
31/05/25 6:05,M010,Finished Material,Packaging,81.85,0.00,86.67,931,2.36
31/05/25 6:10,M005,Intermediate Material,Sheet Metal,145.16,0.00,165.68,907,0.58
31/05/25 6:15,M002,Recycled Material,Scrap Steel,61.27,3.89,153.51,217,0.15
31/05/25 6:20,M005,Recycled Material,Scrap Steel,57.21,16.58,157.8,147,1.56
31/05/25 6:25,M006,Recycled Material,Reprocessed Plastics,130.23,20.03,121.57,121,1.00
31/05/25 6:30,M010,Process Additive,Industrial Oil,120.83,0.00,155.95,238,2.30
31/05/25 6:35,M009,Intermediate Material,Textiles,185.88,0.00,168.54,108,0.83
31/05/25 6:40,M004,Intermediate Material,Plastic Resin,90.18,0.00,145.26,987,4.64
31/05/25 6:45,M008,Recycled Material,Reprocessed Plastics,103.53,23.66,127.87,419,1.07
31/05/25 6:50,M006,Hazardous Material,Lead-Based Alloy,133.12,0.00,92,533,1.18
31/05/25 6:55,M002,Intermediate Material,Textiles,165.68,0.00,121.1,342,1.30
31/05/25 7:00,M005,Hazardous Material,Lead-Based Alloy,192.37,0.00,128.75,844,2.55
31/05/25 7:05,M008,Hazardous Material,Lead-Based Alloy,133.7,0.00,97.4,318,3.21
31/05/25 7:10,M005,Finished Material,Machine Component,145.15,0.00,175.8,385,2.27
31/05/25 7:15,M005,Hazardous Material,Solvent,128.79,0.00,174.22,504,3.89
31/05/25 7:20,M005,Process Additive,Coolant,62.06,0.00,111.5,220,3.15
31/05/25 7:25,M008,Intermediate Material,Textiles,161.44,0.00,91.17,235,1.90
31/05/25 7:30,M001,Recycled Material,Scrap Steel,82.91,39.46,90.24,339,4.52
31/05/25 7:35,M003,Recycled Material,Reprocessed Plastics,167.86,33.16,93.83,884,0.66
31/05/25 7:40,M010,Process Additive,Coolant,89.59,0.00,168.77,752,4.60
31/05/25 7:45,M006,Finished Material,Packaging,166.74,0.00,180.32,552,0.86
31/05/25 7:50,M001,Recycled Material,Reprocessed Plastics,116.21,43.04,106.13,735,4.81
31/05/25 7:55,M008,Hazardous Material,Lead-Based Alloy,86.18,0.00,153.38,842,1.07
31/05/25 8:00,M007,Hazardous Material,Solvent,74.13,0.00,165.73,451,4.84
31/05/25 8:05,M004,Hazardous Material,Lead-Based Alloy,172.51,0.00,90.47,775,3.92
31/05/25 8:10,M010,Intermediate Material,Textiles,189.89,0.00,142.04,800,2.82
31/05/25 8:15,M002,Hazardous Material,Lead-Based Alloy,182.5,0.00,166.8,113,2.21
31/05/25 8:20,M010,Hazardous Material,Solvent,129.83,0.00,192.72,447,0.05
31/05/25 8:25,M001,Recycled Material,Scrap Steel,101.86,34.23,111.81,236,2.30
31/05/25 8:30,M009,Process Additive,Coolant,165.43,0.00,156.15,264,0.36
31/05/25 8:35,M007,Intermediate Material,Textiles,119.31,0.00,165.86,417,1.15
31/05/25 8:40,M009,Raw Material,Polypropylene,90.37,0.00,123.51,989,4.13
31/05/25 8:45,M006,Raw Material,Polypropylene,138.92,0.00,134.29,308,3.25
31/05/25 8:50,M002,Process Additive,Coolant,107.74,0.00,105.49,657,1.31
31/05/25 8:55,M006,Process Additive,Coolant,169.96,0.00,90.71,771,0.71
31/05/25 9:00,M002,Hazardous Material,Solvent,133.98,0.00,104.54,231,4.86
31/05/25 9:05,M006,Hazardous Material,Lead-Based Alloy,58.39,0.00,148.87,732,3.56
31/05/25 9:10,M001,Hazardous Material,Lead-Based Alloy,148.06,0.00,102.24,829,0.20
31/05/25 9:15,M005,Raw Material,Cotton,114.01,0.00,189.87,706,2.19
31/05/25 9:20,M007,Hazardous Material,Lead-Based Alloy,154.51,0.00,99.07,268,1.89
31/05/25 9:25,M007,Recycled Material,Reprocessed Plastics,59.05,46.51,159.95,712,4.73
31/05/25 9:30,M008,Recycled Material,Scrap Steel,99.16,42.62,149.64,519,0.93
31/05/25 9:35,M010,Process Additive,Catalyst,52.73,0.00,93.83,192,1.09
31/05/25 9:40,M006,Intermediate Material,Sheet Metal,67.72,0.00,120.57,358,3.42
31/05/25 9:45,M004,Recycled Material,Reprocessed Plastics,108.33,29.07,135.8,536,2.38
31/05/25 9:50,M006,Recycled Material,Reprocessed Plastics,93.57,10.53,90.36,627,0.88
31/05/25 9:55,M002,Raw Material,Polypropylene,186.46,0.00,119.66,872,3.49
31/05/25 10:00,M003,Raw Material,Polypropylene,106.25,0.00,197.68,266,0.50
31/05/25 10:05,M009,Process Additive,Coolant,97.58,0.00,98.5,943,4.62
31/05/25 10:10,M005,Process Additive,Industrial Oil,102.9,0.00,142.74,313,3.64
31/05/25 10:15,M001,Recycled Material,Scrap Steel,72.32,28.03,113.83,692,2.88
31/05/25 10:20,M010,Intermediate Material,Textiles,173.95,0.00,156.11,672,3.65
31/05/25 10:25,M007,Recycled Material,Scrap Steel,64.69,20.00,161.41,887,4.45
31/05/25 10:30,M003,Hazardous Material,Solvent,92.76,0.00,117.4,300,0.16
31/05/25 10:35,M003,Finished Material,Circuit Board,162.02,0.00,131.03,360,4.34
31/05/25 10:40,M002,Recycled Material,Scrap Steel,147.89,0.89,156.56,608,4.56
31/05/25 10:45,M003,Raw Material,Steel,181.24,0.00,159.05,938,3.19
31/05/25 10:50,M006,Raw Material,Aluminum,147.47,0.00,115.26,905,0.02
31/05/25 10:55,M008,Hazardous Material,Lead-Based Alloy,140.32,0.00,133.14,851,2.80
31/05/25 11:00,M002,Raw Material,Polypropylene,126.17,0.00,150.28,456,3.86
31/05/25 11:05,M001,Finished Material,Machine Component,179.64,0.00,100.48,944,1.48
31/05/25 11:10,M008,Hazardous Material,Solvent,144.95,0.00,117,886,1.54
31/05/25 11:15,M002,Process Additive,Industrial Oil,151.98,0.00,183.14,902,2.59
31/05/25 11:20,M008,Hazardous Material,Solvent,177.07,0.00,89.3,814,4.71
31/05/25 11:25,M010,Hazardous Material,Lead-Based Alloy,70.07,0.00,93.76,761,1.00
31/05/25 11:30,M010,Raw Material,Steel,109.69,0.00,142.82,790,0.07
31/05/25 11:35,M008,Recycled Material,Scrap Steel,84.46,39.03,162.99,695,1.55
31/05/25 11:40,M010,Raw Material,Polypropylene,65.37,0.00,117.73,929,2.88
31/05/25 11:45,M009,Process Additive,Industrial Oil,120.09,0.00,193.35,489,2.45
31/05/25 11:50,M008,Process Additive,Industrial Oil,115.01,0.00,109.04,555,1.40
31/05/25 11:55,M007,Finished Material,Machine Component,164.5,0.00,132.89,451,4.14
31/05/25 12:00,M004,Finished Material,Machine Component,65.2,0.00,115.59,506,0.34
31/05/25 12:05,M002,Raw Material,Cotton,170.77,0.00,124.29,930,1.86
31/05/25 12:10,M003,Process Additive,Industrial Oil,185.83,0.00,94.12,634,2.47
31/05/25 12:15,M008,Hazardous Material,Lead-Based Alloy,97.18,0.00,156.57,379,3.66
31/05/25 12:20,M004,Intermediate Material,Plastic Resin,63.17,0.00,94.71,183,0.14
31/05/25 12:25,M009,Hazardous Material,Lead-Based Alloy,154.04,0.00,174.19,685,3.33
31/05/25 12:30,M002,Process Additive,Industrial Oil,57.98,0.00,90.77,232,0.23
31/05/25 12:35,M002,Finished Material,Machine Component,171.84,0.00,136.09,817,2.80
31/05/25 12:40,M006,Finished Material,Machine Component,135.3,0.00,91.58,702,4.35
31/05/25 12:45,M005,Intermediate Material,Sheet Metal,166.81,0.00,86.78,856,0.34
31/05/25 12:50,M005,Process Additive,Catalyst,130.85,0.00,111.52,898,2.39
31/05/25 12:55,M001,Hazardous Material,Lead-Based Alloy,162.41,0.00,85.18,284,2.31
31/05/25 13:00,M006,Recycled Material,Reprocessed Plastics,159.84,20.49,114.57,437,1.37
31/05/25 13:05,M005,Finished Material,Machine Component,59.11,0.00,100.67,739,4.39
31/05/25 13:10,M006,Finished Material,Machine Component,109.77,0.00,132.36,740,0.66
31/05/25 13:15,M001,Recycled Material,Scrap Steel,135.76,7.46,174.04,892,1.18
31/05/25 13:20,M002,Finished Material,Packaging,147.19,0.00,197.16,620,4.40
31/05/25 13:25,M004,Intermediate Material,Plastic Resin,163.24,0.00,113.2,336,2.91
31/05/25 13:30,M006,Raw Material,Aluminum,135.44,0.00,158.5,804,1.01
31/05/25 13:35,M009,Finished Material,Machine Component,108.41,0.00,182.84,613,0.23
31/05/25 13:40,M003,Hazardous Material,Solvent,91.78,0.00,192,257,2.25
31/05/25 13:45,M004,Recycled Material,Scrap Steel,148.85,27.61,188.92,382,3.09
31/05/25 13:50,M005,Raw Material,Polypropylene,171.14,0.00,134.94,156,1.32
31/05/25 13:55,M008,Process Additive,Industrial Oil,101.93,0.00,187.48,748,3.03
31/05/25 14:00,M007,Finished Material,Circuit Board,175.48,0.00,131.75,652,3.85
31/05/25 14:05,M003,Intermediate Material,Textiles,127.64,0.00,81.37,799,0.08
31/05/25 14:10,M003,Hazardous Material,Solvent,130.45,0.00,130.55,593,3.65
31/05/25 14:15,M009,Intermediate Material,Textiles,90.21,0.00,117.69,421,1.01
31/05/25 14:20,M010,Intermediate Material,Sheet Metal,77.15,0.00,100.4,230,2.57
31/05/25 14:25,M002,Recycled Material,Scrap Steel,80.72,47.57,178.35,938,1.09
31/05/25 14:30,M003,Finished Material,Circuit Board,84.15,0.00,139.39,330,1.52
31/05/25 14:35,M003,Process Additive,Industrial Oil,184.79,0.00,185.71,970,0.29
31/05/25 14:40,M004,Hazardous Material,Lead-Based Alloy,88.14,0.00,145.19,763,2.97
31/05/25 14:45,M009,Finished Material,Circuit Board,198.62,0.00,99.69,802,4.78
31/05/25 14:50,M003,Intermediate Material,Textiles,190.92,0.00,116.13,872,4.29
31/05/25 14:55,M007,Raw Material,Cotton,62.16,0.00,141,196,3.83
31/05/25 15:00,M007,Intermediate Material,Sheet Metal,190.5,0.00,188.84,345,3.22
31/05/25 15:05,M008,Finished Material,Machine Component,157.35,0.00,161.71,282,0.40
31/05/25 15:10,M005,Process Additive,Catalyst,103.58,0.00,116.23,557,0.66
31/05/25 15:15,M008,Raw Material,Steel,180.99,0.00,198.86,725,4.59
31/05/25 15:20,M010,Recycled Material,Reprocessed Plastics,165.84,8.26,101.01,451,3.07
31/05/25 15:25,M008,Intermediate Material,Sheet Metal,82.76,0.00,110.37,980,4.03
31/05/25 15:30,M001,Hazardous Material,Lead-Based Alloy,167.49,0.00,132.55,375,4.23
31/05/25 15:35,M003,Finished Material,Circuit Board,162.76,0.00,186.62,153,2.00
31/05/25 15:40,M001,Finished Material,Packaging,86.98,0.00,156.69,565,2.44
31/05/25 15:45,M007,Finished Material,Packaging,107.28,0.00,171.25,619,1.78
31/05/25 15:50,M009,Recycled Material,Reprocessed Plastics,193.25,36.36,189.4,424,2.34
31/05/25 15:55,M004,Intermediate Material,Sheet Metal,99.86,0.00,106.69,316,2.49
31/05/25 16:00,M010,Raw Material,Aluminum,87,0.00,166.8,866,2.96
31/05/25 16:05,M005,Finished Material,Circuit Board,98.98,0.00,151.3,396,3.40
31/05/25 16:10,M008,Recycled Material,Scrap Steel,192.79,8.44,192.69,637,0.60
31/05/25 16:15,M001,Recycled Material,Reprocessed Plastics,73.21,27.05,185.52,916,3.07
31/05/25 16:20,M003,Intermediate Material,Plastic Resin,148.55,0.00,170.52,435,2.13
31/05/25 16:25,M008,Finished Material,Circuit Board,184.69,0.00,133.59,155,0.39
31/05/25 16:30,M001,Raw Material,Steel,116.93,0.00,156.57,440,3.47
31/05/25 16:35,M008,Recycled Material,Reprocessed Plastics,121.99,18.42,85.18,528,2.27
31/05/25 16:40,M005,Process Additive,Coolant,153.75,0.00,174.74,909,2.54
31/05/25 16:45,M001,Finished Material,Machine Component,192.38,0.00,164.12,599,3.14
31/05/25 16:50,M009,Finished Material,Packaging,127.29,0.00,108.21,929,0.83
31/05/25 16:55,M005,Hazardous Material,Lead-Based Alloy,82.87,0.00,161.17,101,4.89
31/05/25 17:00,M001,Hazardous Material,Lead-Based Alloy,83.65,0.00,94.48,646,2.40
31/05/25 17:05,M002,Process Additive,Catalyst,96.95,0.00,162.16,928,0.98
31/05/25 17:10,M004,Raw Material,Aluminum,126.43,0.00,182.73,110,0.95
31/05/25 17:15,M006,Process Additive,Industrial Oil,65.81,0.00,190.59,551,3.68
31/05/25 17:20,M002,Intermediate Material,Textiles,135.68,0.00,175.52,129,3.97
31/05/25 17:25,M005,Hazardous Material,Lead-Based Alloy,165.67,0.00,144.93,818,1.82
31/05/25 17:30,M010,Recycled Material,Scrap Steel,70.72,8.87,150,995,4.17
31/05/25 17:35,M009,Raw Material,Aluminum,186.08,0.00,108.23,920,3.50
31/05/25 17:40,M010,Hazardous Material,Solvent,81.6,0.00,149.35,744,0.19
31/05/25 17:45,M003,Raw Material,Polypropylene,192.69,0.00,179.66,675,2.07
31/05/25 17:50,M004,Raw Material,Aluminum,131.43,0.00,182.19,692,0.34
31/05/25 17:55,M010,Process Additive,Catalyst,108.94,0.00,84.69,764,1.90
31/05/25 18:00,M010,Hazardous Material,Solvent,177.01,0.00,178.31,379,4.13
31/05/25 18:05,M010,Raw Material,Steel,131.86,0.00,89.82,208,1.72
31/05/25 18:10,M003,Recycled Material,Scrap Steel,98.44,44.39,107.43,854,0.51
31/05/25 18:15,M009,Finished Material,Circuit Board,128.81,0.00,96.27,615,1.51
31/05/25 18:20,M004,Raw Material,Aluminum,74.2,0.00,167.81,921,0.90
31/05/25 18:25,M006,Intermediate Material,Sheet Metal,153.09,0.00,181.11,272,2.44
31/05/25 18:30,M003,Intermediate Material,Sheet Metal,179.79,0.00,164.13,326,1.44
31/05/25 18:35,M007,Recycled Material,Scrap Steel,131.32,20.90,132.7,474,3.97
31/05/25 18:40,M008,Intermediate Material,Plastic Resin,116.11,0.00,93.15,685,2.54
31/05/25 18:45,M005,Recycled Material,Scrap Steel,102.88,35.12,116.14,503,4.59
31/05/25 18:50,M006,Finished Material,Machine Component,92.97,0.00,171.15,162,3.07
31/05/25 18:55,M009,Intermediate Material,Plastic Resin,153.6,0.00,144.08,547,3.91
31/05/25 19:00,M010,Hazardous Material,Solvent,64.08,0.00,163.4,874,4.89
31/05/25 19:05,M003,Hazardous Material,Lead-Based Alloy,134.74,0.00,171.59,591,3.76
31/05/25 19:10,M007,Raw Material,Polypropylene,86.21,0.00,179.24,102,4.57
31/05/25 19:15,M009,Raw Material,Steel,167.31,0.00,82.8,593,4.25
31/05/25 19:20,M008,Hazardous Material,Lead-Based Alloy,195.9,0.00,94.03,956,2.59
31/05/25 19:25,M003,Finished Material,Machine Component,80.5,0.00,156.72,172,2.93
31/05/25 19:30,M008,Finished Material,Packaging,57.15,0.00,189.39,290,1.59
31/05/25 19:35,M009,Raw Material,Aluminum,84.63,0.00,160.89,264,2.37
31/05/25 19:40,M005,Finished Material,Machine Component,181.05,0.00,111.81,810,1.75
31/05/25 19:45,M005,Process Additive,Coolant,192.08,0.00,133.24,606,3.55
31/05/25 19:50,M003,Process Additive,Coolant,169.56,0.00,177.97,846,3.43
31/05/25 19:55,M002,Recycled Material,Reprocessed Plastics,53.56,46.27,146.97,560,2.84
31/05/25 20:00,M010,Finished Material,Machine Component,68.85,0.00,80.69,890,1.88
31/05/25 20:05,M004,Recycled Material,Reprocessed Plastics,141.39,26.59,99.84,563,1.88
31/05/25 20:10,M009,Intermediate Material,Plastic Resin,196.51,0.00,152.61,959,4.76
31/05/25 20:15,M001,Hazardous Material,Solvent,127.67,0.00,172.57,677,0.15
31/05/25 20:20,M002,Intermediate Material,Textiles,197.41,0.00,101.14,184,4.71
31/05/25 20:25,M007,Intermediate Material,Plastic Resin,169.7,0.00,195.68,906,2.78
31/05/25 20:30,M006,Recycled Material,Reprocessed Plastics,61.24,8.65,188.42,275,0.85
31/05/25 20:35,M006,Finished Material,Circuit Board,141.18,0.00,103.04,529,0.65
31/05/25 20:40,M009,Process Additive,Coolant,84.47,0.00,160.69,916,2.71
31/05/25 20:45,M009,Process Additive,Industrial Oil,158.59,0.00,91.92,271,1.77
31/05/25 20:50,M003,Raw Material,Steel,89.81,0.00,102.34,676,4.90
31/05/25 20:55,M009,Intermediate Material,Textiles,164.29,0.00,94.12,398,2.41
31/05/25 21:00,M010,Recycled Material,Reprocessed Plastics,114.66,39.93,135.98,311,0.13
31/05/25 21:05,M002,Recycled Material,Scrap Steel,139.51,13.32,153.8,321,4.38
31/05/25 21:10,M008,Process Additive,Industrial Oil,81.97,0.00,129.9,798,2.68
31/05/25 21:15,M005,Hazardous Material,Lead-Based Alloy,95.46,0.00,158.36,830,2.98
31/05/25 21:20,M007,Recycled Material,Scrap Steel,133.49,40.66,88.19,257,0.01
31/05/25 21:25,M005,Hazardous Material,Solvent,102.54,0.00,174.72,444,0.46
31/05/25 21:30,M010,Process Additive,Industrial Oil,105.98,0.00,128.38,396,3.77
31/05/25 21:35,M006,Finished Material,Packaging,177.12,0.00,163.28,155,4.68
31/05/25 21:40,M002,Raw Material,Cotton,104.54,0.00,100.95,563,3.54
31/05/25 21:45,M010,Hazardous Material,Solvent,74.69,0.00,183.65,447,2.36
31/05/25 21:50,M006,Raw Material,Aluminum,186.39,0.00,120.36,354,4.47
31/05/25 21:55,M002,Finished Material,Circuit Board,182.92,0.00,102.16,586,0.84
31/05/25 22:00,M005,Process Additive,Catalyst,166.85,0.00,177.1,422,3.13
31/05/25 22:05,M004,Finished Material,Circuit Board,117.94,0.00,118.06,235,1.65
31/05/25 22:10,M007,Recycled Material,Reprocessed Plastics,72.28,30.94,133.01,596,2.60
31/05/25 22:15,M010,Raw Material,Cotton,97.9,0.00,89.66,306,2.72
31/05/25 22:20,M007,Recycled Material,Scrap Steel,110.65,24.14,190.65,113,3.04
31/05/25 22:25,M010,Raw Material,Cotton,81.29,0.00,166.43,273,3.09
31/05/25 22:30,M002,Recycled Material,Reprocessed Plastics,91.13,0.75,128,392,3.17
31/05/25 22:35,M006,Process Additive,Coolant,53.81,0.00,166.14,709,0.40
31/05/25 22:40,M010,Process Additive,Coolant,99.93,0.00,159.84,432,3.74
31/05/25 22:45,M005,Hazardous Material,Solvent,60.64,0.00,156.7,684,0.90
31/05/25 22:50,M003,Hazardous Material,Lead-Based Alloy,175.56,0.00,165.57,134,3.55
31/05/25 22:55,M003,Hazardous Material,Lead-Based Alloy,196.33,0.00,188.32,183,3.32
31/05/25 23:00,M005,Hazardous Material,Solvent,78.41,0.00,154.6,653,3.68
31/05/25 23:05,M006,Hazardous Material,Solvent,108.75,0.00,83.99,106,3.31
31/05/25 23:10,M005,Intermediate Material,Plastic Resin,150.59,0.00,92.59,483,3.03
31/05/25 23:15,M002,Recycled Material,Scrap Steel,113.31,43.48,185.61,134,2.71
31/05/25 23:20,M005,Process Additive,Coolant,80.15,0.00,157.4,873,4.42
31/05/25 23:25,M008,Finished Material,Packaging,196.02,0.00,92.48,283,2.11
31/05/25 23:30,M001,Hazardous Material,Solvent,104.02,0.00,120.2,933,1.60
31/05/25 23:35,M008,Hazardous Material,Solvent,199.14,0.00,191.98,959,0.41
31/05/25 23:40,M007,Hazardous Material,Lead-Based Alloy,143.58,0.00,119.6,207,2.87
31/05/25 23:45,M009,Hazardous Material,Solvent,92.87,0.00,116.33,586,0.97
31/05/25 23:50,M003,Raw Material,Cotton,146.07,0.00,199.29,883,1.61
31/05/25 23:55,M006,Recycled Material,Reprocessed Plastics,184.31,46.18,135.46,506,0.20
01/06/25 0:00,M006,Finished Material,Machine Component,132.82,0.00,140.9,295,1.56
01/06/25 0:05,M006,Recycled Material,Reprocessed Plastics,162.92,35.95,191.46,974,2.33
01/06/25 0:10,M006,Process Additive,Industrial Oil,196.12,0.00,88.51,944,1.61
01/06/25 0:15,M006,Intermediate Material,Plastic Resin,118.09,0.00,189.63,757,1.72
01/06/25 0:20,M007,Intermediate Material,Plastic Resin,110.14,0.00,170.77,678,2.69
01/06/25 0:25,M009,Raw Material,Polypropylene,68.87,0.00,198.45,701,0.75
01/06/25 0:30,M001,Hazardous Material,Solvent,88.23,0.00,108.58,204,2.11
01/06/25 0:35,M005,Finished Material,Machine Component,55.86,0.00,197.05,511,3.17
01/06/25 0:40,M010,Intermediate Material,Sheet Metal,85.81,0.00,120.17,811,4.10
01/06/25 0:45,M004,Hazardous Material,Lead-Based Alloy,158.85,0.00,106.98,769,0.44
01/06/25 0:50,M010,Intermediate Material,Textiles,73.2,0.00,182.11,623,1.62
01/06/25 0:55,M010,Finished Material,Circuit Board,125.25,0.00,192.31,745,0.87
01/06/25 1:00,M001,Recycled Material,Reprocessed Plastics,115.22,10.38,140,559,4.58
01/06/25 1:05,M002,Raw Material,Steel,53.22,0.00,181.31,184,0.00
01/06/25 1:10,M001,Intermediate Material,Sheet Metal,162.13,0.00,127.9,969,0.45
01/06/25 1:15,M009,Raw Material,Cotton,169.42,0.00,117.01,739,4.59
01/06/25 1:20,M010,Raw Material,Cotton,195.93,0.00,97.24,606,3.47
01/06/25 1:25,M007,Process Additive,Industrial Oil,72.16,0.00,167.87,881,1.47
01/06/25 1:30,M003,Process Additive,Industrial Oil,163.7,0.00,98.5,932,4.38
01/06/25 1:35,M002,Process Additive,Industrial Oil,105.26,0.00,134.78,699,4.90
01/06/25 1:40,M003,Recycled Material,Scrap Steel,193.84,23.20,127.42,503,4.54
01/06/25 1:45,M007,Intermediate Material,Plastic Resin,70.44,0.00,170.28,294,1.06
01/06/25 1:50,M001,Raw Material,Steel,164.58,0.00,136.93,798,0.22
01/06/25 1:55,M008,Recycled Material,Reprocessed Plastics,96.28,0.99,106.53,672,4.55
01/06/25 2:00,M005,Hazardous Material,Lead-Based Alloy,123.11,0.00,118.81,566,2.74
01/06/25 2:05,M004,Raw Material,Aluminum,194.07,0.00,106.72,977,1.59
01/06/25 2:10,M004,Process Additive,Catalyst,124.8,0.00,100.77,957,2.45
01/06/25 2:15,M002,Finished Material,Circuit Board,175.96,0.00,196,326,2.26
01/06/25 2:20,M002,Process Additive,Industrial Oil,106.97,0.00,147.34,854,2.04
01/06/25 2:25,M007,Hazardous Material,Lead-Based Alloy,187.82,0.00,102.75,835,2.27
01/06/25 2:30,M004,Finished Material,Circuit Board,116.79,0.00,127.18,263,4.06
01/06/25 2:35,M005,Finished Material,Packaging,190.83,0.00,173.38,523,1.08
01/06/25 2:40,M006,Process Additive,Coolant,148.33,0.00,198,169,0.71
01/06/25 2:45,M010,Finished Material,Packaging,171.35,0.00,111.51,792,2.96
01/06/25 2:50,M010,Process Additive,Industrial Oil,98.24,0.00,186.21,444,2.88
01/06/25 2:55,M004,Raw Material,Steel,166.06,0.00,126.52,378,2.85
01/06/25 3:00,M008,Raw Material,Polypropylene,168.74,0.00,154.83,396,4.85
01/06/25 3:05,M006,Finished Material,Packaging,138.11,0.00,92.03,420,0.74
01/06/25 3:10,M002,Raw Material,Aluminum,55.64,0.00,171.34,616,2.73
01/06/25 3:15,M008,Raw Material,Cotton,60.92,0.00,180.48,750,2.15
01/06/25 3:20,M005,Intermediate Material,Sheet Metal,71.18,0.00,190.13,923,4.39
01/06/25 3:25,M001,Process Additive,Coolant,131.2,0.00,153.05,462,0.72
01/06/25 3:30,M001,Raw Material,Polypropylene,132.68,0.00,117.65,279,1.74
01/06/25 3:35,M006,Finished Material,Machine Component,191.15,0.00,142.07,932,0.71
01/06/25 3:40,M003,Hazardous Material,Lead-Based Alloy,192.91,0.00,157.2,926,1.33
01/06/25 3:45,M002,Recycled Material,Scrap Steel,52.65,48.17,125.93,319,3.00
01/06/25 3:50,M003,Hazardous Material,Lead-Based Alloy,154.7,0.00,177,521,3.77
01/06/25 3:55,M001,Recycled Material,Scrap Steel,174.98,12.56,141.96,604,0.71
01/06/25 4:00,M004,Process Additive,Catalyst,194.48,0.00,198.94,876,3.64
01/06/25 4:05,M009,Finished Material,Packaging,150.04,0.00,159.17,441,0.41
01/06/25 4:10,M006,Finished Material,Circuit Board,58.16,0.00,135.76,123,0.20
01/06/25 4:15,M009,Intermediate Material,Textiles,51.09,0.00,193.9,500,0.65
01/06/25 4:20,M004,Intermediate Material,Plastic Resin,101.43,0.00,145.54,571,4.21
01/06/25 4:25,M005,Intermediate Material,Textiles,85.13,0.00,163.61,504,3.81
01/06/25 4:30,M003,Intermediate Material,Plastic Resin,58.76,0.00,184.64,313,1.52
01/06/25 4:35,M004,Recycled Material,Scrap Steel,185.21,34.01,96.43,337,4.28
01/06/25 4:40,M002,Process Additive,Coolant,88.49,0.00,137.93,897,4.75
01/06/25 4:45,M004,Hazardous Material,Lead-Based Alloy,169.09,0.00,197.34,857,1.48
01/06/25 4:50,M002,Hazardous Material,Solvent,154.27,0.00,87.4,698,2.47
01/06/25 4:55,M001,Raw Material,Steel,91.44,0.00,112.45,323,0.18
01/06/25 5:00,M001,Hazardous Material,Lead-Based Alloy,172.64,0.00,150.49,921,1.21
01/06/25 5:05,M005,Raw Material,Cotton,154.53,0.00,86.58,641,4.62
01/06/25 5:10,M007,Hazardous Material,Solvent,150.04,0.00,127.08,435,2.61
01/06/25 5:15,M005,Intermediate Material,Sheet Metal,102.73,0.00,181.94,550,1.95
01/06/25 5:20,M006,Recycled Material,Reprocessed Plastics,104.93,21.74,172.18,400,1.56
01/06/25 5:25,M003,Hazardous Material,Lead-Based Alloy,124.14,0.00,120.95,188,3.02
01/06/25 5:30,M003,Process Additive,Industrial Oil,156.2,0.00,178.97,419,3.05
01/06/25 5:35,M003,Intermediate Material,Sheet Metal,63.53,0.00,126.25,727,4.80
01/06/25 5:40,M006,Intermediate Material,Sheet Metal,126.38,0.00,92.28,381,3.05
01/06/25 5:45,M008,Raw Material,Polypropylene,77.24,0.00,82.61,817,1.11
01/06/25 5:50,M006,Recycled Material,Reprocessed Plastics,117.41,11.02,101.22,151,1.45
01/06/25 5:55,M004,Hazardous Material,Solvent,156.68,0.00,105.58,250,3.77
01/06/25 6:00,M002,Recycled Material,Reprocessed Plastics,145.9,10.20,167.76,304,3.16
01/06/25 6:05,M008,Recycled Material,Reprocessed Plastics,82.65,43.66,166.05,544,1.60
01/06/25 6:10,M009,Process Additive,Catalyst,71.43,0.00,185.9,541,4.96
01/06/25 6:15,M005,Finished Material,Machine Component,178.47,0.00,189.02,700,4.94
01/06/25 6:20,M006,Finished Material,Packaging,182.06,0.00,148.4,324,3.18
01/06/25 6:25,M004,Finished Material,Machine Component,162.98,0.00,191.22,640,4.65
01/06/25 6:30,M005,Finished Material,Packaging,154.07,0.00,157.09,752,4.32
01/06/25 6:35,M010,Hazardous Material,Lead-Based Alloy,111.24,0.00,136.1,217,3.12
01/06/25 6:40,M008,Process Additive,Industrial Oil,97.53,0.00,89.43,833,1.74
01/06/25 6:45,M006,Process Additive,Industrial Oil,56.51,0.00,191.7,925,2.98
01/06/25 6:50,M009,Raw Material,Cotton,169.28,0.00,152.69,490,4.43
01/06/25 6:55,M002,Process Additive,Catalyst,129.16,0.00,83.3,599,0.36
01/06/25 7:00,M009,Recycled Material,Scrap Steel,138.9,45.19,178.84,846,0.93
01/06/25 7:05,M007,Hazardous Material,Lead-Based Alloy,146.26,0.00,122.73,515,0.84
01/06/25 7:10,M005,Intermediate Material,Sheet Metal,108.55,0.00,124.91,997,4.89
01/06/25 7:15,M002,Recycled Material,Reprocessed Plastics,112.62,0.53,111.88,441,3.82
01/06/25 7:20,M007,Hazardous Material,Lead-Based Alloy,160.17,0.00,173.06,719,4.10
01/06/25 7:25,M005,Finished Material,Machine Component,62.53,0.00,168.11,809,0.65
01/06/25 7:30,M004,Intermediate Material,Plastic Resin,155.94,0.00,83.86,935,3.49
01/06/25 7:35,M004,Intermediate Material,Plastic Resin,192.52,0.00,123.85,951,0.70
01/06/25 7:40,M003,Intermediate Material,Sheet Metal,171.04,0.00,104.34,406,2.54
01/06/25 7:45,M010,Finished Material,Circuit Board,98.69,0.00,165.54,918,1.02
01/06/25 7:50,M002,Recycled Material,Scrap Steel,166.27,3.93,86.89,769,1.40
01/06/25 7:55,M007,Intermediate Material,Sheet Metal,168.57,0.00,143,495,3.81
01/06/25 8:00,M008,Raw Material,Steel,134.95,0.00,139.39,971,1.05
01/06/25 8:05,M001,Finished Material,Machine Component,95.14,0.00,115.42,734,0.95
01/06/25 8:10,M009,Raw Material,Aluminum,195.87,0.00,97.84,399,4.51
01/06/25 8:15,M001,Hazardous Material,Solvent,78.96,0.00,178.77,341,1.79
01/06/25 8:20,M001,Process Additive,Coolant,153.87,0.00,133.95,974,2.06
01/06/25 8:25,M008,Raw Material,Cotton,153.77,0.00,155.59,376,0.96
01/06/25 8:30,M009,Finished Material,Circuit Board,78.42,0.00,115.47,441,4.52
01/06/25 8:35,M004,Hazardous Material,Solvent,132.92,0.00,81,579,4.15
01/06/25 8:40,M001,Recycled Material,Reprocessed Plastics,159.41,17.34,199.03,383,1.65
01/06/25 8:45,M005,Raw Material,Aluminum,69.82,0.00,133.22,595,4.90
01/06/25 8:50,M001,Intermediate Material,Sheet Metal,133.1,0.00,86.53,875,2.17
01/06/25 8:55,M008,Intermediate Material,Plastic Resin,76.53,0.00,150.88,869,3.63
01/06/25 9:00,M005,Process Additive,Coolant,102.63,0.00,192.66,829,4.02
01/06/25 9:05,M001,Recycled Material,Reprocessed Plastics,123.32,32.03,87.84,954,0.04
01/06/25 9:10,M009,Intermediate Material,Sheet Metal,112.38,0.00,166.85,402,1.00
01/06/25 9:15,M008,Raw Material,Steel,152.43,0.00,142.26,271,1.66
01/06/25 9:20,M006,Process Additive,Industrial Oil,171.69,0.00,135.22,344,1.69
01/06/25 9:25,M005,Hazardous Material,Solvent,68.83,0.00,117.38,634,2.10
01/06/25 9:30,M010,Hazardous Material,Lead-Based Alloy,74.88,0.00,187.74,969,4.24
01/06/25 9:35,M004,Process Additive,Industrial Oil,77.64,0.00,196.81,558,4.67
01/06/25 9:40,M005,Finished Material,Machine Component,145.95,0.00,80.88,335,2.59
01/06/25 9:45,M008,Raw Material,Aluminum,189.17,0.00,186.42,447,2.64
01/06/25 9:50,M008,Finished Material,Packaging,123.66,0.00,120.2,266,0.91
01/06/25 9:55,M002,Finished Material,Packaging,150.16,0.00,197.47,146,0.17
01/06/25 10:00,M005,Raw Material,Aluminum,82.22,0.00,196.48,236,4.83
01/06/25 10:05,M001,Intermediate Material,Sheet Metal,151.68,0.00,145.4,755,1.05
01/06/25 10:10,M005,Process Additive,Industrial Oil,103.84,0.00,83.95,155,0.63
01/06/25 10:15,M006,Finished Material,Packaging,111.71,0.00,145.16,512,1.89
01/06/25 10:20,M010,Process Additive,Catalyst,163.32,0.00,128.85,446,2.54
01/06/25 10:25,M010,Process Additive,Catalyst,60.64,0.00,149.24,655,3.47
01/06/25 10:30,M006,Finished Material,Circuit Board,175.94,0.00,165.17,417,1.47
01/06/25 10:35,M006,Finished Material,Machine Component,87.14,0.00,99.39,499,2.49
01/06/25 10:40,M004,Recycled Material,Reprocessed Plastics,137.23,43.58,98.74,314,0.44
01/06/25 10:45,M009,Hazardous Material,Solvent,66.32,0.00,194.03,509,1.15
01/06/25 10:50,M005,Intermediate Material,Textiles,171.57,0.00,152.39,199,1.70
01/06/25 10:55,M002,Recycled Material,Scrap Steel,94.3,39.68,134.76,874,1.78
01/06/25 11:00,M005,Finished Material,Packaging,67.07,0.00,190.92,791,1.30
01/06/25 11:05,M001,Recycled Material,Reprocessed Plastics,146.45,49.37,127.61,197,4.89
01/06/25 11:10,M007,Recycled Material,Reprocessed Plastics,196.42,44.56,134.96,922,1.13
01/06/25 11:15,M002,Intermediate Material,Textiles,87.24,0.00,192.32,523,0.82
01/06/25 11:20,M010,Intermediate Material,Sheet Metal,95.3,0.00,152.07,532,4.23
01/06/25 11:25,M002,Process Additive,Catalyst,129.78,0.00,98.58,318,4.23
01/06/25 11:30,M010,Process Additive,Coolant,110.17,0.00,121.06,537,2.24
01/06/25 11:35,M006,Finished Material,Machine Component,62.56,0.00,112.78,661,3.42
01/06/25 11:40,M004,Process Additive,Coolant,64.64,0.00,125.83,917,2.90
01/06/25 11:45,M007,Hazardous Material,Lead-Based Alloy,126.39,0.00,97.97,788,0.83
01/06/25 11:50,M010,Raw Material,Polypropylene,146.39,0.00,106.85,584,4.78
01/06/25 11:55,M006,Finished Material,Packaging,148.67,0.00,153.57,631,4.67
01/06/25 12:00,M002,Finished Material,Circuit Board,155.27,0.00,162.61,627,2.11
01/06/25 12:05,M005,Process Additive,Coolant,128.63,0.00,132.42,638,4.58
01/06/25 12:10,M004,Intermediate Material,Sheet Metal,118.63,0.00,143.83,199,2.02
01/06/25 12:15,M005,Process Additive,Industrial Oil,149.47,0.00,198.22,503,3.76
01/06/25 12:20,M008,Finished Material,Circuit Board,125.65,0.00,171.51,802,0.28
01/06/25 12:25,M002,Process Additive,Industrial Oil,158.01,0.00,146.73,573,1.34
01/06/25 12:30,M001,Process Additive,Coolant,61.59,0.00,87.75,925,4.28
01/06/25 12:35,M010,Hazardous Material,Solvent,157.67,0.00,163.79,647,3.16
01/06/25 12:40,M002,Raw Material,Cotton,93.3,0.00,126.86,418,0.66
01/06/25 12:45,M008,Process Additive,Industrial Oil,94.5,0.00,89.83,271,4.17
01/06/25 12:50,M009,Finished Material,Machine Component,177.83,0.00,181.6,613,2.83
01/06/25 12:55,M004,Finished Material,Machine Component,54.49,0.00,93.83,861,1.18
01/06/25 13:00,M008,Finished Material,Machine Component,83.57,0.00,90.48,680,4.90
01/06/25 13:05,M001,Raw Material,Polypropylene,146.9,0.00,149.89,283,1.28
01/06/25 13:10,M001,Raw Material,Aluminum,131.31,0.00,123.05,783,3.27
01/06/25 13:15,M010,Finished Material,Packaging,118.64,0.00,101.44,893,4.36
01/06/25 13:20,M002,Finished Material,Machine Component,57.89,0.00,88.56,666,2.17
01/06/25 13:25,M008,Raw Material,Polypropylene,189.26,0.00,172.88,855,2.89
01/06/25 13:30,M008,Hazardous Material,Lead-Based Alloy,195.89,0.00,118.66,786,0.23
01/06/25 13:35,M007,Process Additive,Industrial Oil,161.84,0.00,143.39,327,4.26
01/06/25 13:40,M010,Hazardous Material,Solvent,171.25,0.00,140.33,596,1.99
01/06/25 13:45,M010,Finished Material,Circuit Board,130.66,0.00,176,389,4.83
01/06/25 13:50,M009,Finished Material,Machine Component,61.38,0.00,101.09,252,1.19
01/06/25 13:55,M010,Recycled Material,Scrap Steel,102.53,44.75,104.51,611,0.21
01/06/25 14:00,M007,Intermediate Material,Plastic Resin,71.48,0.00,120.09,500,1.35
01/06/25 14:05,M004,Recycled Material,Scrap Steel,66.63,42.31,198.37,914,4.42
01/06/25 14:10,M008,Raw Material,Polypropylene,120.39,0.00,187.44,542,0.81
01/06/25 14:15,M010,Hazardous Material,Solvent,124.62,0.00,124.85,409,2.52
01/06/25 14:20,M001,Finished Material,Circuit Board,135.31,0.00,110.6,220,1.33
01/06/25 14:25,M010,Hazardous Material,Solvent,127.17,0.00,198.08,910,2.56
01/06/25 14:30,M006,Recycled Material,Scrap Steel,68.36,40.31,140.37,667,4.59
01/06/25 14:35,M007,Recycled Material,Reprocessed Plastics,129.01,16.65,168,414,3.09
01/06/25 14:40,M006,Intermediate Material,Textiles,81.38,0.00,107.23,500,4.66
01/06/25 14:45,M010,Hazardous Material,Lead-Based Alloy,68.88,0.00,167.78,353,3.92
01/06/25 14:50,M007,Raw Material,Polypropylene,158.21,0.00,185.48,912,4.97
01/06/25 14:55,M003,Finished Material,Circuit Board,179.75,0.00,144.21,560,3.68
01/06/25 15:00,M001,Finished Material,Circuit Board,117.82,0.00,136.08,663,2.17
01/06/25 15:05,M009,Hazardous Material,Lead-Based Alloy,118.42,0.00,194.72,901,0.58
01/06/25 15:10,M003,Raw Material,Polypropylene,175.51,0.00,120.54,434,1.89
01/06/25 15:15,M007,Recycled Material,Scrap Steel,153.55,37.46,105.17,299,4.88
01/06/25 15:20,M009,Finished Material,Circuit Board,81.33,0.00,154.28,915,3.30
01/06/25 15:25,M003,Intermediate Material,Sheet Metal,179.16,0.00,188.64,873,0.92
01/06/25 15:30,M001,Intermediate Material,Plastic Resin,139.17,0.00,196.62,684,2.74
01/06/25 15:35,M003,Raw Material,Polypropylene,146.4,0.00,133.52,833,3.69
01/06/25 15:40,M008,Finished Material,Circuit Board,187.32,0.00,91.1,337,1.00
01/06/25 15:45,M008,Finished Material,Packaging,171.78,0.00,169.36,857,2.47
01/06/25 15:50,M008,Finished Material,Packaging,102.05,0.00,80.82,283,3.00
01/06/25 15:55,M010,Finished Material,Packaging,69.47,0.00,98.57,124,0.34
01/06/25 16:00,M004,Recycled Material,Scrap Steel,161.63,16.05,136.92,373,3.57
01/06/25 16:05,M009,Process Additive,Industrial Oil,188.6,0.00,192.43,822,1.48
01/06/25 16:10,M002,Raw Material,Aluminum,140.6,0.00,144.63,301,4.37
01/06/25 16:15,M007,Hazardous Material,Solvent,162.3,0.00,154.78,659,4.20
01/06/25 16:20,M007,Hazardous Material,Lead-Based Alloy,63.13,0.00,145.86,804,0.10
01/06/25 16:25,M004,Intermediate Material,Textiles,79.66,0.00,108.22,544,3.75
01/06/25 16:30,M004,Finished Material,Machine Component,60.52,0.00,166.33,163,1.42
01/06/25 16:35,M007,Raw Material,Polypropylene,182.78,0.00,186.65,530,0.44
01/06/25 16:40,M006,Hazardous Material,Lead-Based Alloy,125.77,0.00,157.43,111,1.99
01/06/25 16:45,M010,Hazardous Material,Solvent,149.22,0.00,98.14,912,2.89
01/06/25 16:50,M003,Intermediate Material,Sheet Metal,161.37,0.00,138.85,616,2.90
01/06/25 16:55,M006,Finished Material,Packaging,128.39,0.00,149.71,759,3.25
01/06/25 17:00,M001,Raw Material,Steel,199.35,0.00,147.15,912,2.59
01/06/25 17:05,M002,Raw Material,Cotton,73.75,0.00,97.75,916,0.71
01/06/25 17:10,M008,Process Additive,Catalyst,115.97,0.00,108.44,135,0.45
01/06/25 17:15,M005,Process Additive,Industrial Oil,50.88,0.00,193.58,308,1.54
01/06/25 17:20,M005,Process Additive,Industrial Oil,100.89,0.00,138.29,241,1.33
01/06/25 17:25,M005,Raw Material,Cotton,125.18,0.00,145.87,586,3.74
01/06/25 17:30,M001,Intermediate Material,Sheet Metal,137.56,0.00,140.83,755,0.95
01/06/25 17:35,M001,Hazardous Material,Lead-Based Alloy,106.13,0.00,189.53,711,4.33
01/06/25 17:40,M001,Process Additive,Catalyst,86,0.00,151.13,887,2.89
01/06/25 17:45,M003,Intermediate Material,Plastic Resin,185.04,0.00,83.38,865,4.33
01/06/25 17:50,M005,Intermediate Material,Plastic Resin,56.91,0.00,152.83,499,1.02
01/06/25 17:55,M001,Recycled Material,Scrap Steel,113.57,28.02,113.79,167,4.73
01/06/25 18:00,M008,Recycled Material,Reprocessed Plastics,175.09,46.05,153.32,189,3.45
01/06/25 18:05,M007,Finished Material,Packaging,115.69,0.00,102.44,527,0.63
01/06/25 18:10,M001,Process Additive,Industrial Oil,165.26,0.00,139.09,912,3.55
01/06/25 18:15,M002,Raw Material,Steel,153.28,0.00,186.88,164,0.23
01/06/25 18:20,M001,Hazardous Material,Lead-Based Alloy,101.61,0.00,151.08,283,1.06
01/06/25 18:25,M007,Process Additive,Industrial Oil,67.37,0.00,129.63,264,4.22
01/06/25 18:30,M006,Raw Material,Polypropylene,183.12,0.00,187.07,951,2.53
01/06/25 18:35,M001,Raw Material,Polypropylene,141.33,0.00,129.99,125,4.12
01/06/25 18:40,M005,Recycled Material,Scrap Steel,106.01,2.15,116.07,759,2.93
01/06/25 18:45,M006,Finished Material,Circuit Board,121.21,0.00,189.98,365,0.63
01/06/25 18:50,M001,Process Additive,Coolant,81.6,0.00,82.62,636,4.14
01/06/25 18:55,M009,Hazardous Material,Solvent,99.72,0.00,95.23,329,0.81
01/06/25 19:00,M009,Process Additive,Coolant,67.35,0.00,107.69,296,1.61
01/06/25 19:05,M001,Intermediate Material,Textiles,188.36,0.00,87.15,591,3.74
01/06/25 19:10,M001,Raw Material,Aluminum,85.81,0.00,105.74,655,0.70
01/06/25 19:15,M006,Raw Material,Cotton,76.09,0.00,117.23,184,3.71
01/06/25 19:20,M006,Recycled Material,Scrap Steel,184.08,46.94,184.96,643,1.01
01/06/25 19:25,M009,Recycled Material,Scrap Steel,89.58,19.03,117.39,449,4.20
01/06/25 19:30,M004,Finished Material,Machine Component,137.74,0.00,93.48,870,3.24
01/06/25 19:35,M009,Hazardous Material,Lead-Based Alloy,176.09,0.00,178.96,780,1.58
01/06/25 19:40,M005,Finished Material,Machine Component,143.93,0.00,166.81,300,4.95
01/06/25 19:45,M001,Process Additive,Industrial Oil,82.55,0.00,185.58,782,3.33
01/06/25 19:50,M006,Hazardous Material,Lead-Based Alloy,125.13,0.00,123.24,625,4.93
01/06/25 19:55,M004,Process Additive,Industrial Oil,178.19,0.00,131.58,716,0.76
01/06/25 20:00,M009,Finished Material,Circuit Board,160.06,0.00,151.58,711,1.38
01/06/25 20:05,M002,Hazardous Material,Solvent,166.04,0.00,133.19,300,1.19
01/06/25 20:10,M002,Intermediate Material,Textiles,180.76,0.00,163.66,490,3.71
01/06/25 20:15,M006,Process Additive,Coolant,166.36,0.00,120.92,773,0.30
01/06/25 20:20,M003,Intermediate Material,Sheet Metal,145.77,0.00,82.16,294,2.72
01/06/25 20:25,M005,Recycled Material,Scrap Steel,117.49,18.48,105.48,288,4.78
01/06/25 20:30,M005,Recycled Material,Reprocessed Plastics,61.4,9.44,124.37,708,0.50
01/06/25 20:35,M007,Raw Material,Aluminum,56.69,0.00,167.62,141,3.64
01/06/25 20:40,M010,Hazardous Material,Lead-Based Alloy,91.18,0.00,80.66,941,2.22
01/06/25 20:45,M002,Finished Material,Packaging,113.17,0.00,87.19,853,0.16
01/06/25 20:50,M004,Raw Material,Cotton,170.77,0.00,117.08,721,3.63
01/06/25 20:55,M007,Intermediate Material,Sheet Metal,64.3,0.00,123.13,766,3.81
01/06/25 21:00,M010,Recycled Material,Reprocessed Plastics,80.31,24.72,119.28,936,4.92
01/06/25 21:05,M009,Recycled Material,Scrap Steel,169.38,46.77,99.03,123,4.49
01/06/25 21:10,M001,Raw Material,Aluminum,96.92,0.00,103.68,959,3.54
01/06/25 21:15,M009,Raw Material,Aluminum,101.55,0.00,156.69,289,0.73
01/06/25 21:20,M008,Finished Material,Machine Component,51.92,0.00,160.52,705,2.46
01/06/25 21:25,M008,Finished Material,Packaging,158.38,0.00,184.37,334,1.73
01/06/25 21:30,M009,Finished Material,Circuit Board,156.14,0.00,99.21,544,1.55
01/06/25 21:35,M002,Finished Material,Machine Component,137.81,0.00,184.6,826,2.55
01/06/25 21:40,M002,Recycled Material,Scrap Steel,191,35.47,185.04,602,2.34
01/06/25 21:45,M010,Intermediate Material,Plastic Resin,146.39,0.00,129.93,905,4.20
01/06/25 21:50,M004,Hazardous Material,Lead-Based Alloy,50.86,0.00,124.24,182,4.18
01/06/25 21:55,M006,Finished Material,Packaging,119.8,0.00,174.83,932,1.78
01/06/25 22:00,M004,Finished Material,Packaging,84.66,0.00,114.73,356,3.12
01/06/25 22:05,M009,Raw Material,Polypropylene,185.63,0.00,147.48,623,4.15
01/06/25 22:10,M007,Hazardous Material,Solvent,93.91,0.00,106.46,789,2.46
01/06/25 22:15,M004,Raw Material,Polypropylene,144.6,0.00,81.36,723,0.11
01/06/25 22:20,M001,Raw Material,Steel,168.64,0.00,175.55,327,3.04
01/06/25 22:25,M002,Raw Material,Polypropylene,51.87,0.00,121.32,684,2.34
01/06/25 22:30,M007,Intermediate Material,Sheet Metal,177.78,0.00,188.75,358,2.53
01/06/25 22:35,M005,Intermediate Material,Sheet Metal,100.04,0.00,116.14,367,4.66
01/06/25 22:40,M008,Process Additive,Coolant,53.16,0.00,141.77,334,2.77
01/06/25 22:45,M009,Finished Material,Packaging,133.75,0.00,190.91,182,1.16
01/06/25 22:50,M008,Finished Material,Circuit Board,137.18,0.00,119.25,627,2.68
01/06/25 22:55,M001,Recycled Material,Scrap Steel,168.69,40.92,189.14,224,1.54
01/06/25 23:00,M004,Process Additive,Coolant,94.13,0.00,144.08,545,4.07
01/06/25 23:05,M007,Intermediate Material,Textiles,157.14,0.00,173.08,656,2.22
01/06/25 23:10,M001,Intermediate Material,Sheet Metal,79.91,0.00,106.75,258,3.76
01/06/25 23:15,M008,Raw Material,Polypropylene,141.44,0.00,108.69,243,2.38
01/06/25 23:20,M005,Raw Material,Aluminum,106.96,0.00,121.14,431,3.09
01/06/25 23:25,M005,Process Additive,Catalyst,189.04,0.00,99.86,838,3.63
01/06/25 23:30,M002,Raw Material,Steel,125.66,0.00,157.72,838,2.68
01/06/25 23:35,M001,Process Additive,Catalyst,152.26,0.00,91.15,341,3.30
01/06/25 23:40,M009,Finished Material,Circuit Board,121.06,0.00,138.57,892,4.18
01/06/25 23:45,M010,Raw Material,Polypropylene,148.5,0.00,139.68,193,2.67
01/06/25 23:50,M002,Finished Material,Circuit Board,174.02,0.00,97.31,877,0.19
01/06/25 23:55,M003,Raw Material,Polypropylene,195.44,0.00,91.39,321,1.76
02/06/25 0:00,M008,Intermediate Material,Textiles,87.09,0.00,87.06,983,3.84
02/06/25 0:05,M006,Process Additive,Catalyst,108.61,0.00,114.89,662,0.60
02/06/25 0:10,M005,Raw Material,Polypropylene,119.5,0.00,134.53,213,4.97
02/06/25 0:15,M001,Finished Material,Machine Component,187.29,0.00,147.75,247,3.76
02/06/25 0:20,M004,Hazardous Material,Solvent,112.11,0.00,96.39,749,1.83
02/06/25 0:25,M002,Finished Material,Machine Component,65.95,0.00,80.01,875,4.22
02/06/25 0:30,M003,Recycled Material,Reprocessed Plastics,97.57,22.63,124.78,457,4.28
02/06/25 0:35,M010,Finished Material,Packaging,72.52,0.00,124.57,599,2.15
02/06/25 0:40,M004,Intermediate Material,Plastic Resin,174.76,0.00,175.76,525,1.44
02/06/25 0:45,M004,Process Additive,Industrial Oil,124.32,0.00,101.69,399,1.97
02/06/25 0:50,M001,Recycled Material,Scrap Steel,147.33,2.90,198.5,643,1.03
02/06/25 0:55,M001,Process Additive,Industrial Oil,165.72,0.00,186.2,501,1.08
02/06/25 1:00,M004,Raw Material,Steel,76.57,0.00,123.08,427,4.71
02/06/25 1:05,M008,Process Additive,Coolant,89.63,0.00,114.95,304,1.98
02/06/25 1:10,M008,Intermediate Material,Plastic Resin,191.84,0.00,91.92,116,2.60
02/06/25 1:15,M005,Raw Material,Aluminum,186.74,0.00,140.91,567,4.02
02/06/25 1:20,M001,Hazardous Material,Lead-Based Alloy,164.71,0.00,162.33,308,1.33
02/06/25 1:25,M010,Finished Material,Packaging,108.67,0.00,137.05,908,3.00
02/06/25 1:30,M004,Process Additive,Industrial Oil,143.13,0.00,177.04,444,4.34
02/06/25 1:35,M003,Raw Material,Polypropylene,93.66,0.00,164.6,526,0.67
02/06/25 1:40,M007,Recycled Material,Scrap Steel,193.22,26.93,179.29,261,4.65
02/06/25 1:45,M008,Raw Material,Steel,81.28,0.00,87.84,194,2.06
02/06/25 1:50,M008,Intermediate Material,Sheet Metal,168.8,0.00,94.44,854,3.21
02/06/25 1:55,M008,Process Additive,Catalyst,91.54,0.00,88.04,371,2.43
02/06/25 2:00,M003,Raw Material,Polypropylene,101.24,0.00,187.02,553,3.66
02/06/25 2:05,M007,Hazardous Material,Solvent,139.73,0.00,163.52,240,2.30
02/06/25 2:10,M003,Process Additive,Industrial Oil,136.34,0.00,159.02,151,3.77
02/06/25 2:15,M004,Raw Material,Steel,198.12,0.00,150.74,277,1.04
02/06/25 2:20,M004,Finished Material,Packaging,133.33,0.00,185.04,585,2.50
02/06/25 2:25,M004,Finished Material,Packaging,104.75,0.00,130.25,737,0.93
02/06/25 2:30,M002,Hazardous Material,Solvent,133.12,0.00,170.46,859,1.92
02/06/25 2:35,M007,Finished Material,Packaging,128.89,0.00,132.53,436,3.70
02/06/25 2:40,M002,Raw Material,Polypropylene,176.73,0.00,175.61,752,3.12
02/06/25 2:45,M004,Process Additive,Coolant,167.12,0.00,129.43,451,4.03
02/06/25 2:50,M001,Raw Material,Polypropylene,117.25,0.00,161.17,567,3.79
02/06/25 2:55,M010,Intermediate Material,Textiles,85.11,0.00,157.69,894,4.97
02/06/25 3:00,M002,Recycled Material,Reprocessed Plastics,179.66,45.39,164.28,724,4.73
02/06/25 3:05,M009,Recycled Material,Scrap Steel,135.43,26.98,185.82,337,3.24
02/06/25 3:10,M007,Finished Material,Packaging,123.49,0.00,179.33,336,3.12
02/06/25 3:15,M007,Intermediate Material,Plastic Resin,69.21,0.00,108.64,111,0.09
02/06/25 3:20,M008,Process Additive,Coolant,51.68,0.00,81.09,672,1.38
02/06/25 3:25,M004,Hazardous Material,Lead-Based Alloy,167.12,0.00,148.84,200,0.33
02/06/25 3:30,M006,Intermediate Material,Textiles,146.85,0.00,80.54,757,2.35
02/06/25 3:35,M001,Recycled Material,Reprocessed Plastics,177.88,46.00,158.8,843,3.63
02/06/25 3:40,M007,Raw Material,Aluminum,106.05,0.00,164.75,524,2.13
02/06/25 3:45,M001,Intermediate Material,Textiles,146.12,0.00,95.73,674,0.13
02/06/25 3:50,M003,Intermediate Material,Textiles,95.13,0.00,180.91,543,0.42
02/06/25 3:55,M007,Process Additive,Industrial Oil,120.95,0.00,179.31,675,2.16
02/06/25 4:00,M007,Intermediate Material,Plastic Resin,103.23,0.00,139.74,153,1.49
02/06/25 4:05,M004,Hazardous Material,Lead-Based Alloy,79.57,0.00,148.51,302,4.93
02/06/25 4:10,M009,Process Additive,Industrial Oil,143.39,0.00,165.42,291,3.87
02/06/25 4:15,M010,Raw Material,Cotton,110.78,0.00,110.58,671,1.83
02/06/25 4:20,M008,Process Additive,Industrial Oil,116.64,0.00,180.58,681,2.76
02/06/25 4:25,M005,Raw Material,Cotton,53.87,0.00,177.5,429,1.50
02/06/25 4:30,M003,Raw Material,Aluminum,115,0.00,181.77,497,3.44
02/06/25 4:35,M003,Hazardous Material,Solvent,118.9,0.00,151.29,357,4.51
02/06/25 4:40,M002,Hazardous Material,Lead-Based Alloy,155.25,0.00,129.17,144,2.45
02/06/25 4:45,M002,Finished Material,Circuit Board,54.31,0.00,89.5,558,2.85
02/06/25 4:50,M008,Recycled Material,Reprocessed Plastics,191.22,2.32,101.47,114,0.12
02/06/25 4:55,M004,Finished Material,Packaging,114.51,0.00,172.76,322,2.56
02/06/25 5:00,M003,Intermediate Material,Plastic Resin,97.94,0.00,96.92,716,1.55
02/06/25 5:05,M003,Process Additive,Coolant,148.19,0.00,128.17,748,3.13
02/06/25 5:10,M003,Finished Material,Circuit Board,75.4,0.00,110.94,932,3.23
02/06/25 5:15,M001,Hazardous Material,Solvent,65.89,0.00,186.08,682,3.94
02/06/25 5:20,M006,Process Additive,Coolant,73.89,0.00,163.34,199,2.22
02/06/25 5:25,M007,Process Additive,Coolant,157.46,0.00,147.26,531,1.52
02/06/25 5:30,M010,Process Additive,Industrial Oil,174.28,0.00,158.56,280,2.04
02/06/25 5:35,M009,Hazardous Material,Solvent,105.61,0.00,196.73,256,0.30
02/06/25 5:40,M004,Finished Material,Circuit Board,93.01,0.00,103.58,110,2.03
02/06/25 5:45,M005,Intermediate Material,Sheet Metal,126.53,0.00,193.66,641,2.89
02/06/25 5:50,M005,Recycled Material,Scrap Steel,139.96,29.15,199.77,524,2.99
02/06/25 5:55,M009,Raw Material,Aluminum,83.45,0.00,181.19,173,0.30
02/06/25 6:00,M005,Hazardous Material,Lead-Based Alloy,124.24,0.00,158.82,328,3.30
02/06/25 6:05,M005,Recycled Material,Scrap Steel,181.49,19.25,143.9,640,2.34
02/06/25 6:10,M006,Hazardous Material,Lead-Based Alloy,78.41,0.00,92.06,759,4.01
02/06/25 6:15,M008,Hazardous Material,Lead-Based Alloy,100.45,0.00,195.4,654,3.72
02/06/25 6:20,M006,Raw Material,Polypropylene,81.84,0.00,171.28,284,4.95
02/06/25 6:25,M010,Recycled Material,Scrap Steel,84.48,37.20,135.51,879,3.93
02/06/25 6:30,M004,Intermediate Material,Textiles,50.48,0.00,83.66,192,1.28
02/06/25 6:35,M004,Intermediate Material,Textiles,186.16,0.00,172.97,527,3.64
02/06/25 6:40,M010,Process Additive,Catalyst,95.12,0.00,174.22,942,1.32
02/06/25 6:45,M003,Intermediate Material,Sheet Metal,189.77,0.00,84.03,813,4.35
02/06/25 6:50,M009,Recycled Material,Reprocessed Plastics,131.96,8.70,188.96,294,4.69
02/06/25 6:55,M005,Hazardous Material,Solvent,128.58,0.00,153.86,405,4.29
02/06/25 7:00,M002,Raw Material,Polypropylene,115.69,0.00,113.92,579,1.57
02/06/25 7:05,M008,Intermediate Material,Sheet Metal,155.27,0.00,90.15,743,1.25
02/06/25 7:10,M006,Recycled Material,Scrap Steel,118.46,9.49,90.34,386,1.13
02/06/25 7:15,M002,Finished Material,Packaging,118.73,0.00,194.66,358,4.91
02/06/25 7:20,M007,Raw Material,Cotton,91.08,0.00,107.41,751,3.56
02/06/25 7:25,M001,Raw Material,Polypropylene,186.48,0.00,142.49,377,0.62
02/06/25 7:30,M008,Intermediate Material,Plastic Resin,81.55,0.00,86.69,678,4.18
02/06/25 7:35,M008,Process Additive,Coolant,67.54,0.00,198.7,286,1.92
02/06/25 7:40,M001,Finished Material,Circuit Board,170.59,0.00,180,156,4.55
02/06/25 7:45,M009,Finished Material,Packaging,69.77,0.00,153.6,306,0.22
02/06/25 7:50,M003,Intermediate Material,Sheet Metal,164.71,0.00,104.83,575,0.15
02/06/25 7:55,M006,Finished Material,Circuit Board,82.49,0.00,199.75,519,4.86
02/06/25 8:00,M008,Intermediate Material,Textiles,94.81,0.00,84.19,242,2.52
02/06/25 8:05,M004,Process Additive,Coolant,68.52,0.00,148.82,946,0.58
02/06/25 8:10,M008,Finished Material,Packaging,199.38,0.00,144.44,443,1.67
02/06/25 8:15,M007,Recycled Material,Scrap Steel,67.92,45.21,84.75,258,2.36
02/06/25 8:20,M007,Intermediate Material,Textiles,157.52,0.00,144.18,551,4.08
02/06/25 8:25,M006,Finished Material,Machine Component,196.52,0.00,169.49,236,2.65
02/06/25 8:30,M001,Recycled Material,Reprocessed Plastics,189.49,39.22,98.95,227,0.53
02/06/25 8:35,M010,Process Additive,Industrial Oil,61.86,0.00,182.8,442,1.91
02/06/25 8:40,M007,Recycled Material,Reprocessed Plastics,142.01,37.72,105.31,174,0.57
02/06/25 8:45,M003,Hazardous Material,Lead-Based Alloy,144.78,0.00,162.16,632,0.34
02/06/25 8:50,M005,Intermediate Material,Sheet Metal,132.64,0.00,160.44,741,0.90
02/06/25 8:55,M008,Hazardous Material,Solvent,97.93,0.00,180.09,396,4.82
02/06/25 9:00,M001,Hazardous Material,Solvent,98.46,0.00,144.89,443,3.00
02/06/25 9:05,M001,Recycled Material,Scrap Steel,95.89,28.98,145.84,627,2.64
02/06/25 9:10,M010,Hazardous Material,Solvent,143.24,0.00,179.92,987,4.45
02/06/25 9:15,M005,Raw Material,Cotton,55.82,0.00,174.61,693,3.78
02/06/25 9:20,M001,Hazardous Material,Solvent,139.42,0.00,85.82,795,3.22
02/06/25 9:25,M002,Hazardous Material,Lead-Based Alloy,78.1,0.00,80.11,889,2.49
02/06/25 9:30,M008,Intermediate Material,Sheet Metal,129.97,0.00,187.51,1000,0.45
02/06/25 9:35,M004,Raw Material,Aluminum,195.46,0.00,106.45,307,4.77
02/06/25 9:40,M008,Recycled Material,Scrap Steel,101.85,28.22,149.39,461,1.17
02/06/25 9:45,M005,Raw Material,Aluminum,190.49,0.00,163.54,702,3.16
02/06/25 9:50,M004,Intermediate Material,Plastic Resin,83.05,0.00,109.83,819,1.79
02/06/25 9:55,M009,Hazardous Material,Solvent,165.58,0.00,173.65,806,0.09
02/06/25 10:00,M002,Recycled Material,Scrap Steel,122.93,8.87,91.66,787,4.13
02/06/25 10:05,M002,Finished Material,Machine Component,95.16,0.00,112.59,762,4.60
02/06/25 10:10,M006,Raw Material,Aluminum,151.59,0.00,170.78,814,0.37
02/06/25 10:15,M002,Recycled Material,Scrap Steel,182.02,24.74,109.62,593,2.42
02/06/25 10:20,M010,Finished Material,Machine Component,84.72,0.00,192.85,749,3.15
02/06/25 10:25,M002,Finished Material,Machine Component,145.14,0.00,174.64,110,2.23
02/06/25 10:30,M008,Intermediate Material,Sheet Metal,96.15,0.00,109.2,282,4.70
02/06/25 10:35,M005,Raw Material,Polypropylene,95.51,0.00,82.46,262,0.38
02/06/25 10:40,M009,Process Additive,Coolant,194.43,0.00,199.16,993,1.03
02/06/25 10:45,M005,Intermediate Material,Plastic Resin,60.4,0.00,120.45,943,0.16
02/06/25 10:50,M003,Hazardous Material,Lead-Based Alloy,87.69,0.00,89.95,263,2.64
02/06/25 10:55,M007,Hazardous Material,Solvent,114.18,0.00,132.64,492,1.47
02/06/25 11:00,M010,Hazardous Material,Lead-Based Alloy,107.42,0.00,104.76,254,0.17
02/06/25 11:05,M005,Hazardous Material,Lead-Based Alloy,110.97,0.00,180.69,295,0.43
02/06/25 11:10,M010,Hazardous Material,Lead-Based Alloy,153.17,0.00,136.66,932,0.17
02/06/25 11:15,M005,Recycled Material,Scrap Steel,189.21,23.48,195.59,902,3.14
02/06/25 11:20,M003,Recycled Material,Scrap Steel,183.5,6.47,175.9,572,2.69
02/06/25 11:25,M004,Raw Material,Polypropylene,195.35,0.00,173.94,386,0.79
02/06/25 11:30,M001,Hazardous Material,Lead-Based Alloy,85.66,0.00,172.86,747,0.99
02/06/25 11:35,M007,Hazardous Material,Solvent,177.74,0.00,166.7,835,3.36
02/06/25 11:40,M008,Intermediate Material,Sheet Metal,87.37,0.00,98.84,985,4.42
02/06/25 11:45,M003,Hazardous Material,Lead-Based Alloy,147.39,0.00,109.63,241,1.53
02/06/25 11:50,M001,Recycled Material,Scrap Steel,127.55,34.26,157.48,513,0.10
02/06/25 11:55,M007,Hazardous Material,Lead-Based Alloy,186.72,0.00,110.27,479,0.13
02/06/25 12:00,M006,Finished Material,Packaging,111,0.00,123.02,636,0.84
02/06/25 12:05,M002,Recycled Material,Scrap Steel,79.95,48.34,155.44,634,3.38
02/06/25 12:10,M002,Intermediate Material,Plastic Resin,134.06,0.00,85.65,427,4.32
02/06/25 12:15,M003,Raw Material,Cotton,90.52,0.00,132.3,406,3.66
02/06/25 12:20,M001,Process Additive,Industrial Oil,89.95,0.00,114.63,809,3.39
02/06/25 12:25,M006,Recycled Material,Scrap Steel,113.36,43.54,86.58,513,1.48
02/06/25 12:30,M001,Finished Material,Circuit Board,115.8,0.00,116.67,502,4.47
02/06/25 12:35,M001,Process Additive,Catalyst,82.69,0.00,180.85,731,3.52
02/06/25 12:40,M009,Intermediate Material,Plastic Resin,92.58,0.00,125.15,912,3.61
02/06/25 12:45,M004,Recycled Material,Reprocessed Plastics,159.18,45.55,102.25,890,3.73
02/06/25 12:50,M005,Intermediate Material,Plastic Resin,126.49,0.00,173.91,173,0.88
02/06/25 12:55,M009,Finished Material,Machine Component,146.06,0.00,172.45,903,0.53
02/06/25 13:00,M009,Intermediate Material,Plastic Resin,196.28,0.00,99.14,954,3.57
02/06/25 13:05,M010,Hazardous Material,Solvent,117.24,0.00,148.07,964,1.43
02/06/25 13:10,M009,Raw Material,Polypropylene,153.95,0.00,84.46,823,2.76
02/06/25 13:15,M003,Recycled Material,Reprocessed Plastics,110.25,4.51,81.28,137,2.80
02/06/25 13:20,M008,Intermediate Material,Sheet Metal,98.54,0.00,142.55,502,2.52
02/06/25 13:25,M005,Hazardous Material,Lead-Based Alloy,54.53,0.00,182.1,382,2.30
02/06/25 13:30,M007,Process Additive,Coolant,142.35,0.00,155.47,874,3.49
02/06/25 13:35,M009,Finished Material,Machine Component,183.89,0.00,88.35,286,0.13
02/06/25 13:40,M005,Raw Material,Polypropylene,168.73,0.00,140.28,846,2.42
02/06/25 13:45,M007,Process Additive,Coolant,164.94,0.00,80.93,530,4.73
02/06/25 13:50,M007,Intermediate Material,Sheet Metal,182.74,0.00,98.11,345,0.97
02/06/25 13:55,M003,Recycled Material,Scrap Steel,110,38.41,160.83,173,1.04
02/06/25 14:00,M008,Hazardous Material,Solvent,191.79,0.00,162.75,306,1.64
02/06/25 14:05,M004,Process Additive,Catalyst,189.67,0.00,99.52,119,1.56
02/06/25 14:10,M009,Hazardous Material,Solvent,82.86,0.00,146.16,959,3.02
02/06/25 14:15,M006,Intermediate Material,Plastic Resin,172.55,0.00,85.76,970,0.20
02/06/25 14:20,M005,Process Additive,Industrial Oil,161.99,0.00,193.83,850,2.00
02/06/25 14:25,M007,Recycled Material,Scrap Steel,106.01,25.68,149.44,682,0.78
02/06/25 14:30,M005,Intermediate Material,Textiles,145.95,0.00,158.35,187,1.68
02/06/25 14:35,M009,Finished Material,Packaging,86.93,0.00,98.63,483,4.13
02/06/25 14:40,M001,Intermediate Material,Sheet Metal,66.1,0.00,145.15,499,2.01
02/06/25 14:45,M001,Intermediate Material,Textiles,141.39,0.00,192.84,286,2.62
02/06/25 14:50,M002,Process Additive,Catalyst,125.88,0.00,127.26,458,4.44
02/06/25 14:55,M010,Finished Material,Circuit Board,173.99,0.00,137.87,213,4.77
02/06/25 15:00,M006,Process Additive,Catalyst,162.5,0.00,163.84,493,4.02
02/06/25 15:05,M002,Process Additive,Industrial Oil,133.66,0.00,106.71,486,1.94
02/06/25 15:10,M005,Process Additive,Catalyst,79.51,0.00,135.96,388,1.14
02/06/25 15:15,M004,Process Additive,Catalyst,71.26,0.00,193.11,576,2.74
02/06/25 15:20,M005,Process Additive,Coolant,115.14,0.00,196.15,166,0.54
02/06/25 15:25,M006,Process Additive,Coolant,134.34,0.00,89.25,518,4.60
02/06/25 15:30,M010,Recycled Material,Reprocessed Plastics,150.76,18.50,141.37,969,2.14
02/06/25 15:35,M001,Finished Material,Circuit Board,120.65,0.00,145.39,792,4.75
02/06/25 15:40,M007,Raw Material,Polypropylene,162.35,0.00,136.53,117,2.26
02/06/25 15:45,M009,Finished Material,Circuit Board,72.41,0.00,151.83,848,3.56
02/06/25 15:50,M003,Recycled Material,Scrap Steel,51.88,41.19,187.72,537,3.12
02/06/25 15:55,M010,Process Additive,Coolant,175.98,0.00,175.41,924,0.76
02/06/25 16:00,M008,Process Additive,Coolant,147.86,0.00,117.72,695,4.55
02/06/25 16:05,M009,Hazardous Material,Solvent,79.3,0.00,146.36,675,1.48
02/06/25 16:10,M005,Intermediate Material,Textiles,133.62,0.00,160.14,635,1.37
02/06/25 16:15,M005,Process Additive,Coolant,183.63,0.00,122.44,455,4.74
02/06/25 16:20,M008,Intermediate Material,Textiles,179.7,0.00,121.08,534,3.59
02/06/25 16:25,M010,Hazardous Material,Solvent,146.48,0.00,143.53,452,4.65
02/06/25 16:30,M002,Intermediate Material,Textiles,53.2,0.00,198.68,742,1.13
02/06/25 16:35,M003,Recycled Material,Reprocessed Plastics,82.34,44.75,127.32,746,3.88
02/06/25 16:40,M005,Hazardous Material,Solvent,80.92,0.00,172.55,691,2.25
02/06/25 16:45,M009,Recycled Material,Reprocessed Plastics,104.97,45.37,115.46,979,2.50
02/06/25 16:50,M009,Raw Material,Cotton,103.46,0.00,107.24,139,2.90
02/06/25 16:55,M002,Finished Material,Packaging,185.73,0.00,154.12,890,3.15
02/06/25 17:00,M006,Raw Material,Steel,170.51,0.00,117.93,323,4.11
02/06/25 17:05,M005,Process Additive,Industrial Oil,111.87,0.00,98.28,135,2.94
02/06/25 17:10,M007,Intermediate Material,Plastic Resin,142.24,0.00,154.48,529,4.62
02/06/25 17:15,M003,Recycled Material,Scrap Steel,82.2,40.48,101.33,312,4.88
02/06/25 17:20,M004,Raw Material,Cotton,169.5,0.00,100.92,298,2.10
02/06/25 17:25,M009,Raw Material,Aluminum,183.14,0.00,85.36,584,2.78
02/06/25 17:30,M010,Recycled Material,Scrap Steel,113.32,6.03,124.46,532,2.92
02/06/25 17:35,M005,Finished Material,Packaging,120.3,0.00,196.04,174,0.79
02/06/25 17:40,M009,Intermediate Material,Textiles,165.16,0.00,169.79,361,3.43
02/06/25 17:45,M005,Raw Material,Cotton,91.35,0.00,83.27,802,0.54
02/06/25 17:50,M001,Raw Material,Cotton,145.99,0.00,161.34,455,4.57
02/06/25 17:55,M009,Process Additive,Industrial Oil,57.51,0.00,111.24,483,2.35
02/06/25 18:00,M009,Recycled Material,Reprocessed Plastics,142.78,7.50,183.48,986,3.70
02/06/25 18:05,M001,Raw Material,Cotton,189.03,0.00,121.58,795,3.12
02/06/25 18:10,M008,Finished Material,Machine Component,95.87,0.00,93.84,378,0.68
02/06/25 18:15,M001,Raw Material,Steel,81.63,0.00,114.23,247,0.01
02/06/25 18:20,M007,Finished Material,Packaging,120.08,0.00,190.7,169,4.62
02/06/25 18:25,M001,Process Additive,Catalyst,114.36,0.00,142.99,583,3.21
02/06/25 18:30,M001,Finished Material,Packaging,183.71,0.00,146.96,918,2.44
02/06/25 18:35,M007,Intermediate Material,Sheet Metal,62.09,0.00,132.05,211,0.73
02/06/25 18:40,M001,Process Additive,Coolant,154.47,0.00,140.89,506,4.03
02/06/25 18:45,M010,Hazardous Material,Lead-Based Alloy,162.16,0.00,160.92,839,0.48
02/06/25 18:50,M007,Process Additive,Catalyst,172.46,0.00,92.21,330,2.11
02/06/25 18:55,M007,Finished Material,Circuit Board,75.06,0.00,195.18,980,4.18
02/06/25 19:00,M009,Recycled Material,Scrap Steel,152.73,6.97,108.51,121,3.55
02/06/25 19:05,M006,Raw Material,Cotton,174.55,0.00,152.27,366,2.42
02/06/25 19:10,M004,Process Additive,Catalyst,132.06,0.00,163.41,506,0.03
02/06/25 19:15,M009,Intermediate Material,Plastic Resin,154.44,0.00,116.24,858,2.34
02/06/25 19:20,M005,Intermediate Material,Plastic Resin,96.75,0.00,175.78,786,4.86
02/06/25 19:25,M006,Recycled Material,Reprocessed Plastics,177.17,4.47,195.44,507,0.93
02/06/25 19:30,M004,Intermediate Material,Sheet Metal,137.55,0.00,101.67,482,0.05
02/06/25 19:35,M010,Recycled Material,Reprocessed Plastics,62.32,38.20,96.15,204,1.96
02/06/25 19:40,M009,Finished Material,Circuit Board,196.04,0.00,135.14,487,3.34
02/06/25 19:45,M001,Finished Material,Machine Component,148.82,0.00,167.53,734,1.12
02/06/25 19:50,M009,Hazardous Material,Lead-Based Alloy,189.49,0.00,87.42,118,1.35
02/06/25 19:55,M009,Raw Material,Cotton,149.81,0.00,136.41,291,3.00
02/06/25 20:00,M002,Hazardous Material,Lead-Based Alloy,51.47,0.00,95.49,133,0.44
02/06/25 20:05,M009,Process Additive,Catalyst,59.21,0.00,121.98,589,1.14
02/06/25 20:10,M002,Hazardous Material,Solvent,181.59,0.00,122.13,520,2.46
02/06/25 20:15,M003,Intermediate Material,Plastic Resin,66.12,0.00,141.28,443,3.64
02/06/25 20:20,M004,Hazardous Material,Solvent,68.73,0.00,91.51,792,2.83
02/06/25 20:25,M010,Hazardous Material,Lead-Based Alloy,73.94,0.00,111.75,282,3.45
02/06/25 20:30,M005,Process Additive,Coolant,54.11,0.00,169.08,542,4.63
02/06/25 20:35,M002,Process Additive,Catalyst,144.43,0.00,163.21,237,0.26
02/06/25 20:40,M010,Recycled Material,Reprocessed Plastics,155.15,13.87,144.85,167,2.76
02/06/25 20:45,M009,Intermediate Material,Plastic Resin,170.55,0.00,120.5,702,0.59
02/06/25 20:50,M004,Intermediate Material,Sheet Metal,169.3,0.00,165,274,1.40
02/06/25 20:55,M007,Finished Material,Circuit Board,166.99,0.00,89.25,279,0.28
02/06/25 21:00,M001,Hazardous Material,Solvent,67.08,0.00,194.64,625,0.01
02/06/25 21:05,M008,Raw Material,Aluminum,101.02,0.00,195.36,835,1.53
02/06/25 21:10,M004,Intermediate Material,Plastic Resin,73.25,0.00,87.14,807,4.96
02/06/25 21:15,M008,Raw Material,Aluminum,114.62,0.00,148.25,483,2.90
02/06/25 21:20,M006,Recycled Material,Scrap Steel,123.87,9.34,186.19,962,3.27
02/06/25 21:25,M010,Intermediate Material,Textiles,50.28,0.00,111.41,540,3.73
02/06/25 21:30,M010,Hazardous Material,Lead-Based Alloy,184.51,0.00,186.63,171,3.64
02/06/25 21:35,M003,Raw Material,Aluminum,122.02,0.00,101.73,541,3.62
02/06/25 21:40,M007,Recycled Material,Scrap Steel,107.94,34.52,101.71,609,0.27
02/06/25 21:45,M003,Finished Material,Machine Component,61.89,0.00,174.29,527,0.81
02/06/25 21:50,M001,Hazardous Material,Lead-Based Alloy,51.99,0.00,104.78,291,0.09
02/06/25 21:55,M010,Raw Material,Polypropylene,156.41,0.00,156.48,957,2.89
02/06/25 22:00,M009,Process Additive,Industrial Oil,167.31,0.00,176.14,353,4.95
02/06/25 22:05,M002,Finished Material,Packaging,139.11,0.00,107.57,593,4.11
02/06/25 22:10,M002,Intermediate Material,Textiles,119.4,0.00,148.14,631,2.36
02/06/25 22:15,M003,Hazardous Material,Solvent,189.47,0.00,88.74,866,0.20
02/06/25 22:20,M003,Intermediate Material,Textiles,120.35,0.00,127.89,123,3.71
02/06/25 22:25,M001,Raw Material,Cotton,172.01,0.00,168.6,731,2.13
02/06/25 22:30,M003,Finished Material,Machine Component,181.43,0.00,168.46,720,4.42
02/06/25 22:35,M009,Process Additive,Industrial Oil,105.96,0.00,181.05,886,2.93
02/06/25 22:40,M002,Intermediate Material,Textiles,98.4,0.00,117,169,1.13
02/06/25 22:45,M008,Finished Material,Packaging,89.17,0.00,144.46,759,1.68
02/06/25 22:50,M002,Hazardous Material,Solvent,87.91,0.00,193.45,787,1.11
02/06/25 22:55,M005,Process Additive,Industrial Oil,76.28,0.00,166.12,768,2.53
02/06/25 23:00,M006,Process Additive,Industrial Oil,51.39,0.00,143,255,3.17
02/06/25 23:05,M002,Recycled Material,Scrap Steel,199.49,44.60,159.73,380,2.68
02/06/25 23:10,M004,Raw Material,Polypropylene,140.27,0.00,155.72,905,4.34
02/06/25 23:15,M010,Recycled Material,Reprocessed Plastics,151.13,19.84,81.33,863,2.24
02/06/25 23:20,M003,Process Additive,Coolant,124.91,0.00,139.51,610,1.65
02/06/25 23:25,M009,Hazardous Material,Lead-Based Alloy,161.7,0.00,175.27,649,1.12
02/06/25 23:30,M004,Intermediate Material,Plastic Resin,120.74,0.00,89.56,963,3.58
02/06/25 23:35,M001,Finished Material,Circuit Board,168.97,0.00,98.14,722,2.60
02/06/25 23:40,M008,Process Additive,Coolant,113.21,0.00,172.19,306,0.45
02/06/25 23:45,M009,Finished Material,Circuit Board,170.97,0.00,184.61,955,3.48
02/06/25 23:50,M002,Recycled Material,Reprocessed Plastics,142.38,35.66,82.27,148,3.16
02/06/25 23:55,M005,Process Additive,Industrial Oil,139.89,0.00,125.21,951,2.88
03/06/25 0:00,M003,Intermediate Material,Textiles,53.75,0.00,163.37,535,0.33
03/06/25 0:05,M010,Raw Material,Steel,121.82,0.00,112.6,630,4.79
03/06/25 0:10,M005,Intermediate Material,Plastic Resin,74.21,0.00,183,963,4.58
03/06/25 0:15,M008,Raw Material,Aluminum,59.35,0.00,165.77,766,4.01
03/06/25 0:20,M008,Intermediate Material,Textiles,137,0.00,172.45,590,1.76
03/06/25 0:25,M006,Hazardous Material,Lead-Based Alloy,74.28,0.00,112.79,313,1.65
03/06/25 0:30,M010,Finished Material,Machine Component,187.36,0.00,197.05,216,1.18
03/06/25 0:35,M004,Raw Material,Cotton,161.42,0.00,124.73,374,0.98
03/06/25 0:40,M004,Intermediate Material,Plastic Resin,112.29,0.00,106.33,464,0.62
03/06/25 0:45,M010,Recycled Material,Scrap Steel,148.54,24.84,178.86,593,3.98
03/06/25 0:50,M001,Process Additive,Industrial Oil,188.6,0.00,199.66,976,0.60
03/06/25 0:55,M009,Hazardous Material,Solvent,71.26,0.00,181.49,855,1.88
03/06/25 1:00,M010,Recycled Material,Reprocessed Plastics,112.44,46.46,123.13,323,3.95
03/06/25 1:05,M003,Hazardous Material,Solvent,52.77,0.00,104.38,372,2.43
03/06/25 1:10,M010,Recycled Material,Reprocessed Plastics,161.18,34.69,191.63,413,0.00
03/06/25 1:15,M007,Hazardous Material,Solvent,72.42,0.00,106.01,627,0.94
03/06/25 1:20,M010,Intermediate Material,Sheet Metal,180.25,0.00,193.86,130,0.37
03/06/25 1:25,M009,Recycled Material,Scrap Steel,67.01,9.49,145.22,293,3.64
03/06/25 1:30,M003,Raw Material,Steel,171.55,0.00,195.96,742,3.23
03/06/25 1:35,M008,Intermediate Material,Textiles,80.44,0.00,131.46,226,2.04
03/06/25 1:40,M001,Raw Material,Cotton,60.48,0.00,92.96,972,1.22
03/06/25 1:45,M007,Finished Material,Machine Component,196.41,0.00,162.83,706,1.66
03/06/25 1:50,M009,Raw Material,Polypropylene,161.76,0.00,89.04,938,1.55
03/06/25 1:55,M005,Finished Material,Machine Component,186.25,0.00,108.96,136,1.18
03/06/25 2:00,M002,Hazardous Material,Solvent,138.08,0.00,179.77,165,1.94
03/06/25 2:05,M003,Intermediate Material,Textiles,96.91,0.00,128.77,328,4.11
03/06/25 2:10,M004,Recycled Material,Reprocessed Plastics,173.83,44.41,80.59,932,4.38
03/06/25 2:15,M004,Process Additive,Industrial Oil,180.72,0.00,167.31,194,2.49
03/06/25 2:20,M010,Finished Material,Circuit Board,199.96,0.00,92.67,973,2.79
03/06/25 2:25,M009,Hazardous Material,Lead-Based Alloy,87.18,0.00,177.52,430,0.37
03/06/25 2:30,M003,Recycled Material,Scrap Steel,141.56,17.58,156.93,189,1.33
03/06/25 2:35,M010,Recycled Material,Scrap Steel,156.22,18.85,109.18,322,0.18
03/06/25 2:40,M005,Recycled Material,Reprocessed Plastics,110.6,25.76,120.41,372,0.99
03/06/25 2:45,M007,Process Additive,Coolant,125.9,0.00,153.26,364,2.01
03/06/25 2:50,M004,Recycled Material,Scrap Steel,87.24,46.86,85.02,846,0.03
03/06/25 2:55,M008,Raw Material,Cotton,150.14,0.00,177.47,255,1.18
03/06/25 3:00,M003,Process Additive,Industrial Oil,161.73,0.00,179.74,223,4.54
03/06/25 3:05,M009,Finished Material,Circuit Board,138.95,0.00,81.43,103,0.54
03/06/25 3:10,M003,Hazardous Material,Solvent,70.13,0.00,138.57,839,2.51
03/06/25 3:15,M009,Recycled Material,Reprocessed Plastics,64.66,19.32,129.93,527,3.26
03/06/25 3:20,M008,Raw Material,Cotton,55.58,0.00,111.29,806,1.18
03/06/25 3:25,M008,Intermediate Material,Plastic Resin,155.58,0.00,89.73,341,1.87
03/06/25 3:30,M004,Process Additive,Coolant,161.32,0.00,131.36,269,0.63
03/06/25 3:35,M009,Finished Material,Machine Component,118.73,0.00,190.9,496,0.18
03/06/25 3:40,M010,Recycled Material,Reprocessed Plastics,167.34,45.10,149.26,689,4.75
03/06/25 3:45,M002,Finished Material,Circuit Board,107.09,0.00,152.78,482,2.77
03/06/25 3:50,M006,Raw Material,Polypropylene,64.49,0.00,174.35,479,3.11
03/06/25 3:55,M005,Raw Material,Steel,96.62,0.00,141.15,719,4.01
03/06/25 4:00,M006,Recycled Material,Scrap Steel,132.81,19.33,124.27,786,1.36
03/06/25 4:05,M006,Recycled Material,Reprocessed Plastics,193.63,18.03,131.41,998,3.82
03/06/25 4:10,M003,Intermediate Material,Plastic Resin,52.59,0.00,198.03,872,3.49
03/06/25 4:15,M003,Intermediate Material,Textiles,53.94,0.00,115.25,744,0.45
03/06/25 4:20,M001,Recycled Material,Reprocessed Plastics,74.75,35.91,112.44,123,0.49
03/06/25 4:25,M002,Recycled Material,Scrap Steel,166.55,2.11,116.07,361,0.87
03/06/25 4:30,M001,Hazardous Material,Lead-Based Alloy,94.57,0.00,183.78,186,3.37
03/06/25 4:35,M009,Finished Material,Machine Component,119.48,0.00,167.3,586,1.06
03/06/25 4:40,M002,Finished Material,Packaging,85.92,0.00,133.51,312,0.20
03/06/25 4:45,M008,Intermediate Material,Plastic Resin,123.95,0.00,156.5,499,3.68
03/06/25 4:50,M009,Recycled Material,Reprocessed Plastics,88.11,24.87,189.19,706,1.80
03/06/25 4:55,M006,Intermediate Material,Plastic Resin,130.03,0.00,184.19,928,1.59
03/06/25 5:00,M010,Hazardous Material,Solvent,67.99,0.00,112.43,398,1.24
03/06/25 5:05,M001,Process Additive,Industrial Oil,132.14,0.00,95.26,393,1.18
03/06/25 5:10,M009,Hazardous Material,Solvent,133.76,0.00,128.53,133,2.13
03/06/25 5:15,M005,Finished Material,Circuit Board,189.27,0.00,115.81,855,0.77
03/06/25 5:20,M001,Hazardous Material,Solvent,136.85,0.00,109.79,608,1.66
03/06/25 5:25,M008,Hazardous Material,Lead-Based Alloy,65.14,0.00,194.76,117,2.65
03/06/25 5:30,M001,Recycled Material,Scrap Steel,135.92,26.03,119.88,455,0.03
03/06/25 5:35,M006,Finished Material,Packaging,146.8,0.00,196.28,717,1.94
03/06/25 5:40,M004,Recycled Material,Scrap Steel,176.95,46.02,136.89,842,2.51
03/06/25 5:45,M001,Hazardous Material,Solvent,192.08,0.00,127.57,341,4.55
03/06/25 5:50,M001,Process Additive,Industrial Oil,173.62,0.00,108.46,415,5.00
03/06/25 5:55,M003,Recycled Material,Reprocessed Plastics,104.42,31.72,161.19,227,4.56
03/06/25 6:00,M003,Hazardous Material,Solvent,53.09,0.00,155.56,538,2.88
03/06/25 6:05,M007,Hazardous Material,Lead-Based Alloy,94.87,0.00,98.55,205,0.62
03/06/25 6:10,M005,Process Additive,Coolant,162.85,0.00,142.35,743,3.13
03/06/25 6:15,M005,Recycled Material,Scrap Steel,109.19,9.38,116.76,693,1.06
03/06/25 6:20,M010,Recycled Material,Reprocessed Plastics,180.03,45.59,103.68,717,0.62
03/06/25 6:25,M007,Raw Material,Polypropylene,161.37,0.00,139.16,294,4.25
03/06/25 6:30,M010,Raw Material,Polypropylene,103.82,0.00,156.52,296,2.08
03/06/25 6:35,M003,Intermediate Material,Sheet Metal,62.09,0.00,198.5,902,1.06
03/06/25 6:40,M003,Finished Material,Circuit Board,157.76,0.00,146.64,220,3.41
03/06/25 6:45,M001,Intermediate Material,Textiles,123.36,0.00,102.94,844,4.83
03/06/25 6:50,M009,Raw Material,Steel,192.07,0.00,168.89,901,4.78
03/06/25 6:55,M010,Hazardous Material,Lead-Based Alloy,178.83,0.00,162.96,665,3.87
03/06/25 7:00,M008,Raw Material,Cotton,179.33,0.00,192.97,621,3.30
03/06/25 7:05,M005,Intermediate Material,Sheet Metal,190.72,0.00,132.02,133,2.99
03/06/25 7:10,M004,Intermediate Material,Textiles,59.9,0.00,101.59,243,3.94
03/06/25 7:15,M010,Finished Material,Circuit Board,66.21,0.00,189.53,155,1.80
03/06/25 7:20,M004,Hazardous Material,Lead-Based Alloy,91.91,0.00,195.57,629,3.01
03/06/25 7:25,M005,Recycled Material,Scrap Steel,127.29,14.09,151.1,935,1.07
03/06/25 7:30,M008,Intermediate Material,Plastic Resin,158.25,0.00,81.52,938,4.57
03/06/25 7:35,M004,Finished Material,Machine Component,128.18,0.00,148.53,256,4.33
03/06/25 7:40,M001,Intermediate Material,Sheet Metal,175.99,0.00,84.24,111,0.56
03/06/25 7:45,M010,Intermediate Material,Plastic Resin,148.46,0.00,195.18,982,1.99
03/06/25 7:50,M002,Recycled Material,Scrap Steel,126.12,16.16,123.7,462,0.25
03/06/25 7:55,M002,Finished Material,Packaging,63.8,0.00,164.49,577,4.24
03/06/25 8:00,M007,Raw Material,Polypropylene,73.88,0.00,174.96,241,1.48
03/06/25 8:05,M004,Recycled Material,Reprocessed Plastics,121.62,35.32,179.27,744,3.84
03/06/25 8:10,M002,Raw Material,Steel,125.19,0.00,86.4,282,3.22
03/06/25 8:15,M007,Process Additive,Catalyst,65.46,0.00,191.25,772,2.95
03/06/25 8:20,M005,Hazardous Material,Solvent,191.59,0.00,111.91,480,0.75
03/06/25 8:25,M006,Finished Material,Circuit Board,63.53,0.00,138.6,698,4.67
03/06/25 8:30,M001,Process Additive,Industrial Oil,116.27,0.00,198.98,519,1.72
03/06/25 8:35,M004,Intermediate Material,Plastic Resin,79.69,0.00,110.88,968,1.54
03/06/25 8:40,M009,Hazardous Material,Lead-Based Alloy,142.65,0.00,83.03,951,4.09
03/06/25 8:45,M001,Raw Material,Aluminum,87.61,0.00,82.66,909,0.36
03/06/25 8:50,M003,Recycled Material,Reprocessed Plastics,106.33,1.40,195.38,236,1.87
03/06/25 8:55,M010,Process Additive,Coolant,131.61,0.00,115.5,213,0.49
03/06/25 9:00,M009,Process Additive,Catalyst,93.06,0.00,91.22,852,0.88
03/06/25 9:05,M008,Process Additive,Catalyst,72.28,0.00,197.79,736,1.28
03/06/25 9:10,M005,Recycled Material,Scrap Steel,80.39,23.99,132.4,745,2.09
03/06/25 9:15,M005,Hazardous Material,Lead-Based Alloy,144.92,0.00,126.06,341,3.45
03/06/25 9:20,M003,Recycled Material,Reprocessed Plastics,62.99,17.52,189.84,452,0.02
03/06/25 9:25,M008,Intermediate Material,Sheet Metal,79.36,0.00,85.52,633,2.38
03/06/25 9:30,M004,Hazardous Material,Lead-Based Alloy,155.65,0.00,180.94,706,2.73
03/06/25 9:35,M003,Recycled Material,Scrap Steel,93.83,22.29,159.83,384,1.53
03/06/25 9:40,M005,Recycled Material,Scrap Steel,170.89,14.73,111.31,363,2.85
03/06/25 9:45,M006,Hazardous Material,Lead-Based Alloy,87.41,0.00,89.97,172,4.74
03/06/25 9:50,M006,Intermediate Material,Sheet Metal,157.89,0.00,197.44,740,2.66
03/06/25 9:55,M006,Hazardous Material,Solvent,190.65,0.00,143.91,267,0.98
03/06/25 10:00,M009,Hazardous Material,Solvent,107.63,0.00,140.99,665,4.90
03/06/25 10:05,M004,Intermediate Material,Sheet Metal,190.81,0.00,92.13,352,3.28
03/06/25 10:10,M006,Finished Material,Circuit Board,75.9,0.00,166.41,689,3.41
03/06/25 10:15,M005,Process Additive,Coolant,52.89,0.00,89.6,511,2.73
03/06/25 10:20,M002,Raw Material,Steel,199.07,0.00,158.44,950,0.79
03/06/25 10:25,M008,Raw Material,Cotton,78.2,0.00,141.33,399,0.39
03/06/25 10:30,M003,Intermediate Material,Plastic Resin,103.71,0.00,194,825,1.72
03/06/25 10:35,M005,Process Additive,Catalyst,68.37,0.00,192.63,877,4.74
03/06/25 10:40,M004,Raw Material,Steel,110.97,0.00,163.75,368,4.21
03/06/25 10:45,M008,Recycled Material,Reprocessed Plastics,117.31,4.52,180.12,854,2.82
03/06/25 10:50,M007,Recycled Material,Reprocessed Plastics,100.36,33.64,91.16,549,0.73
03/06/25 10:55,M009,Recycled Material,Reprocessed Plastics,73.13,38.42,132.1,216,2.40
03/06/25 11:00,M002,Process Additive,Coolant,186.68,0.00,99.22,277,4.08
03/06/25 11:05,M003,Hazardous Material,Solvent,99.6,0.00,193.55,677,2.03
03/06/25 11:10,M006,Raw Material,Cotton,92.31,0.00,114.87,946,0.49
03/06/25 11:15,M001,Process Additive,Coolant,178.36,0.00,83.35,432,3.63
03/06/25 11:20,M009,Finished Material,Circuit Board,149.71,0.00,152.65,887,0.80
03/06/25 11:25,M008,Hazardous Material,Solvent,153.98,0.00,163.53,705,0.19
03/06/25 11:30,M010,Recycled Material,Reprocessed Plastics,99.37,28.81,89.57,203,0.53
03/06/25 11:35,M008,Raw Material,Cotton,127.9,0.00,89.18,558,4.54
03/06/25 11:40,M010,Finished Material,Circuit Board,113.34,0.00,138.32,533,4.41
03/06/25 11:45,M007,Recycled Material,Scrap Steel,151.33,26.30,131.62,604,4.06
03/06/25 11:50,M009,Hazardous Material,Solvent,67.74,0.00,131.06,282,0.12
03/06/25 11:55,M009,Process Additive,Industrial Oil,148.21,0.00,123.91,726,1.49
03/06/25 12:00,M001,Raw Material,Polypropylene,192.19,0.00,114.61,816,0.42
03/06/25 12:05,M006,Raw Material,Cotton,127.13,0.00,150.22,448,0.45
03/06/25 12:10,M009,Hazardous Material,Lead-Based Alloy,62.07,0.00,161.41,887,4.24
03/06/25 12:15,M009,Recycled Material,Scrap Steel,90.78,49.41,147.14,428,0.58
03/06/25 12:20,M005,Hazardous Material,Solvent,179.66,0.00,134.34,569,3.29
03/06/25 12:25,M007,Hazardous Material,Solvent,93.56,0.00,96.87,196,4.94
03/06/25 12:30,M004,Finished Material,Machine Component,194.63,0.00,162.36,673,0.98
03/06/25 12:35,M007,Hazardous Material,Solvent,119.28,0.00,195.88,932,4.49
03/06/25 12:40,M010,Process Additive,Coolant,53.29,0.00,92.76,660,4.89
03/06/25 12:45,M006,Raw Material,Aluminum,75.25,0.00,112.51,745,4.71
03/06/25 12:50,M003,Intermediate Material,Textiles,164.04,0.00,177.03,648,3.07
03/06/25 12:55,M004,Raw Material,Aluminum,130.59,0.00,188.26,848,2.33
03/06/25 13:00,M001,Process Additive,Industrial Oil,136.07,0.00,184.93,997,0.92
03/06/25 13:05,M007,Intermediate Material,Textiles,194.19,0.00,98.07,899,4.75
03/06/25 13:10,M006,Intermediate Material,Plastic Resin,113.88,0.00,94.25,105,3.62
03/06/25 13:15,M009,Process Additive,Industrial Oil,77.19,0.00,133.39,549,4.01
03/06/25 13:20,M001,Recycled Material,Reprocessed Plastics,119.45,48.51,185.67,763,0.07
03/06/25 13:25,M010,Recycled Material,Scrap Steel,194.49,12.03,118.84,347,2.36
03/06/25 13:30,M005,Process Additive,Catalyst,184.73,0.00,193.78,886,3.52
03/06/25 13:35,M004,Raw Material,Cotton,134.11,0.00,96.65,366,2.58
03/06/25 13:40,M008,Raw Material,Polypropylene,191.47,0.00,162.69,599,0.74
03/06/25 13:45,M005,Intermediate Material,Plastic Resin,158.02,0.00,171.78,698,4.68
03/06/25 13:50,M007,Intermediate Material,Plastic Resin,154.07,0.00,142.76,129,0.18
03/06/25 13:55,M008,Intermediate Material,Sheet Metal,74.99,0.00,167.51,650,2.78
03/06/25 14:00,M003,Intermediate Material,Textiles,116.4,0.00,190.28,915,2.44
03/06/25 14:05,M009,Recycled Material,Reprocessed Plastics,55.85,3.45,160.11,862,1.50
03/06/25 14:10,M003,Process Additive,Coolant,87.31,0.00,85.33,229,3.10
03/06/25 14:15,M004,Intermediate Material,Sheet Metal,53.25,0.00,105.78,513,2.36
03/06/25 14:20,M005,Raw Material,Steel,138.3,0.00,199.88,448,4.11
03/06/25 14:25,M005,Intermediate Material,Plastic Resin,53.59,0.00,150.71,320,0.54
03/06/25 14:30,M009,Raw Material,Steel,85.58,0.00,113.43,130,4.57
03/06/25 14:35,M002,Process Additive,Catalyst,167.36,0.00,157.06,142,4.66
03/06/25 14:40,M005,Process Additive,Industrial Oil,168.48,0.00,174.88,235,4.62
03/06/25 14:45,M006,Finished Material,Packaging,131.69,0.00,165.18,630,1.84
03/06/25 14:50,M009,Raw Material,Cotton,92.02,0.00,146.2,818,3.95
03/06/25 14:55,M007,Finished Material,Machine Component,88.74,0.00,185.61,274,0.95
03/06/25 15:00,M009,Recycled Material,Reprocessed Plastics,74.76,16.73,116.33,385,4.80
03/06/25 15:05,M002,Finished Material,Packaging,155.06,0.00,138.25,242,1.93
03/06/25 15:10,M009,Hazardous Material,Solvent,187.19,0.00,196.12,517,2.18
03/06/25 15:15,M002,Intermediate Material,Plastic Resin,101.74,0.00,90.01,543,3.34
03/06/25 15:20,M002,Intermediate Material,Textiles,90.57,0.00,181.99,217,4.17
03/06/25 15:25,M002,Raw Material,Cotton,57.92,0.00,127.67,857,0.51
03/06/25 15:30,M010,Recycled Material,Scrap Steel,111.31,9.06,125.2,377,2.34
03/06/25 15:35,M001,Intermediate Material,Sheet Metal,106.95,0.00,88.33,419,0.34
03/06/25 15:40,M001,Hazardous Material,Lead-Based Alloy,92.19,0.00,105.72,699,1.79
03/06/25 15:45,M005,Raw Material,Polypropylene,169.61,0.00,183.02,818,1.95
03/06/25 15:50,M003,Hazardous Material,Solvent,161.76,0.00,164.96,603,0.86
03/06/25 15:55,M005,Recycled Material,Scrap Steel,170.57,33.75,88.19,982,2.78
03/06/25 16:00,M008,Raw Material,Cotton,187.17,0.00,117.04,498,0.71
03/06/25 16:05,M004,Recycled Material,Reprocessed Plastics,189.66,36.57,137.06,690,3.12
03/06/25 16:10,M007,Finished Material,Machine Component,79.99,0.00,163.8,973,3.13
03/06/25 16:15,M005,Intermediate Material,Sheet Metal,64.89,0.00,82.97,771,2.79
03/06/25 16:20,M002,Intermediate Material,Plastic Resin,149.53,0.00,178.56,711,0.66
03/06/25 16:25,M010,Raw Material,Cotton,58.6,0.00,142.11,327,4.24
03/06/25 16:30,M005,Intermediate Material,Plastic Resin,67.18,0.00,169.6,844,1.32
03/06/25 16:35,M005,Recycled Material,Scrap Steel,112.41,44.98,159.86,682,0.67
03/06/25 16:40,M003,Process Additive,Catalyst,116.76,0.00,177.69,199,2.11
03/06/25 16:45,M005,Raw Material,Steel,92.03,0.00,140.12,822,2.86
03/06/25 16:50,M003,Process Additive,Industrial Oil,89.91,0.00,156.46,905,4.16
03/06/25 16:55,M006,Recycled Material,Reprocessed Plastics,111.24,19.73,152.42,181,4.07
03/06/25 17:00,M001,Raw Material,Aluminum,159.82,0.00,85.36,312,1.21
03/06/25 17:05,M008,Process Additive,Catalyst,136.74,0.00,165.49,734,1.37
03/06/25 17:10,M008,Process Additive,Coolant,119.09,0.00,130.23,487,3.30
03/06/25 17:15,M008,Recycled Material,Reprocessed Plastics,190.33,40.22,195.71,831,0.46
03/06/25 17:20,M005,Finished Material,Packaging,65.48,0.00,190.03,882,4.93
03/06/25 17:25,M005,Raw Material,Aluminum,74.9,0.00,173.45,265,0.55
03/06/25 17:30,M005,Finished Material,Machine Component,79.94,0.00,96.3,795,1.42
03/06/25 17:35,M005,Finished Material,Packaging,69.98,0.00,116.74,197,0.07
03/06/25 17:40,M005,Hazardous Material,Lead-Based Alloy,97.31,0.00,154.51,956,0.26
03/06/25 17:45,M009,Raw Material,Aluminum,113.37,0.00,89.07,399,2.00
03/06/25 17:50,M001,Process Additive,Catalyst,149.92,0.00,144.43,332,2.41
03/06/25 17:55,M006,Intermediate Material,Textiles,118.59,0.00,170.21,137,1.60
03/06/25 18:00,M009,Intermediate Material,Plastic Resin,63.69,0.00,145.15,609,1.79
03/06/25 18:05,M010,Process Additive,Industrial Oil,148.68,0.00,194.95,431,1.36
03/06/25 18:10,M006,Raw Material,Aluminum,186.61,0.00,197.25,138,0.63
03/06/25 18:15,M010,Process Additive,Industrial Oil,195.3,0.00,97.91,937,0.22
03/06/25 18:20,M009,Process Additive,Catalyst,98.2,0.00,193.17,910,0.50
03/06/25 18:25,M002,Process Additive,Coolant,186.56,0.00,122.81,728,4.23
03/06/25 18:30,M006,Hazardous Material,Lead-Based Alloy,186.95,0.00,88.41,811,2.20
03/06/25 18:35,M007,Recycled Material,Reprocessed Plastics,98.4,40.08,125.49,147,0.59
03/06/25 18:40,M002,Raw Material,Cotton,165.07,0.00,104.56,661,0.22
03/06/25 18:45,M004,Intermediate Material,Textiles,103.27,0.00,144.48,506,0.35
03/06/25 18:50,M005,Process Additive,Catalyst,156.31,0.00,94.53,693,0.78
03/06/25 18:55,M002,Finished Material,Machine Component,100.69,0.00,117.39,979,4.94
03/06/25 19:00,M002,Raw Material,Steel,179.66,0.00,183.15,518,2.77
03/06/25 19:05,M003,Recycled Material,Scrap Steel,67.73,11.73,81.74,225,1.87
03/06/25 19:10,M009,Process Additive,Coolant,56.24,0.00,104.49,433,3.14
03/06/25 19:15,M010,Recycled Material,Reprocessed Plastics,83.55,9.94,92.87,220,1.01
03/06/25 19:20,M002,Finished Material,Circuit Board,96.55,0.00,110.62,782,1.91
03/06/25 19:25,M007,Intermediate Material,Textiles,66.69,0.00,104.16,811,4.03
03/06/25 19:30,M003,Raw Material,Polypropylene,84.05,0.00,113.12,980,1.29
03/06/25 19:35,M007,Raw Material,Steel,175.94,0.00,114.97,845,0.56
03/06/25 19:40,M003,Raw Material,Polypropylene,157.8,0.00,146.39,710,2.79
03/06/25 19:45,M005,Recycled Material,Reprocessed Plastics,82.98,10.00,188.9,128,2.40
03/06/25 19:50,M009,Raw Material,Aluminum,177.55,0.00,102.66,341,1.06
03/06/25 19:55,M004,Recycled Material,Reprocessed Plastics,59.45,22.16,93.33,130,3.37
03/06/25 20:00,M008,Finished Material,Machine Component,107.98,0.00,144.24,444,4.79
03/06/25 20:05,M005,Hazardous Material,Lead-Based Alloy,125.94,0.00,147.03,979,4.05
03/06/25 20:10,M002,Intermediate Material,Sheet Metal,183.77,0.00,161.58,885,2.61
03/06/25 20:15,M010,Raw Material,Polypropylene,50.68,0.00,177.44,142,3.51
03/06/25 20:20,M010,Raw Material,Cotton,179.86,0.00,147.87,799,3.36
03/06/25 20:25,M006,Recycled Material,Scrap Steel,108.01,20.19,103.25,318,3.78
03/06/25 20:30,M007,Finished Material,Circuit Board,153.48,0.00,127.58,309,2.72
03/06/25 20:35,M008,Process Additive,Coolant,123.41,0.00,94.15,181,0.91
03/06/25 20:40,M005,Intermediate Material,Textiles,103.79,0.00,178.99,860,0.95
03/06/25 20:45,M010,Intermediate Material,Textiles,88.94,0.00,187.87,274,2.56
03/06/25 20:50,M003,Hazardous Material,Lead-Based Alloy,165.27,0.00,186.12,476,3.72
03/06/25 20:55,M007,Raw Material,Polypropylene,58.06,0.00,146.63,575,1.41
03/06/25 21:00,M008,Recycled Material,Scrap Steel,107.69,27.15,104.68,445,2.50
03/06/25 21:05,M003,Hazardous Material,Lead-Based Alloy,90.22,0.00,169.53,233,1.16
03/06/25 21:10,M006,Raw Material,Cotton,131.95,0.00,117.47,875,2.96
03/06/25 21:15,M010,Intermediate Material,Textiles,174.32,0.00,192.37,736,1.95
03/06/25 21:20,M007,Finished Material,Circuit Board,180.83,0.00,103.56,820,0.74
03/06/25 21:25,M010,Raw Material,Aluminum,137.79,0.00,136.43,815,3.73
03/06/25 21:30,M008,Process Additive,Coolant,168.55,0.00,176.56,529,3.58
03/06/25 21:35,M001,Intermediate Material,Textiles,68.27,0.00,156.29,655,2.06
03/06/25 21:40,M007,Process Additive,Catalyst,77.45,0.00,151.69,711,4.39
03/06/25 21:45,M009,Raw Material,Aluminum,140.92,0.00,129.47,429,4.86
03/06/25 21:50,M005,Hazardous Material,Lead-Based Alloy,119.09,0.00,94.99,850,3.63
03/06/25 21:55,M010,Raw Material,Steel,143.56,0.00,150.48,213,4.14
03/06/25 22:00,M004,Recycled Material,Reprocessed Plastics,96.53,22.27,99.29,198,0.60
03/06/25 22:05,M009,Process Additive,Coolant,56.51,0.00,172.81,916,1.28
03/06/25 22:10,M001,Hazardous Material,Lead-Based Alloy,195.19,0.00,90.56,705,3.93
03/06/25 22:15,M002,Recycled Material,Scrap Steel,102.93,42.80,96.03,778,2.58
03/06/25 22:20,M005,Finished Material,Circuit Board,192.92,0.00,196.75,754,4.03
03/06/25 22:25,M001,Process Additive,Coolant,98.9,0.00,192.22,279,4.63
03/06/25 22:30,M010,Hazardous Material,Solvent,67.38,0.00,93.1,946,3.37
03/06/25 22:35,M008,Process Additive,Catalyst,186.75,0.00,177.3,483,4.79
03/06/25 22:40,M004,Recycled Material,Reprocessed Plastics,68.62,25.19,174.03,580,0.12
03/06/25 22:45,M008,Raw Material,Aluminum,78.93,0.00,134.38,226,3.28
03/06/25 22:50,M003,Process Additive,Industrial Oil,106.52,0.00,141.15,213,3.66
03/06/25 22:55,M003,Raw Material,Aluminum,196.77,0.00,198.08,626,0.60
03/06/25 23:00,M004,Hazardous Material,Solvent,197.98,0.00,154.3,438,0.41
03/06/25 23:05,M007,Finished Material,Circuit Board,155.32,0.00,124.92,370,0.16
03/06/25 23:10,M006,Hazardous Material,Solvent,76.06,0.00,178.47,471,2.98
03/06/25 23:15,M010,Finished Material,Packaging,126.92,0.00,142.09,421,3.88
03/06/25 23:20,M006,Intermediate Material,Sheet Metal,140.04,0.00,153.37,594,3.93
03/06/25 23:25,M003,Process Additive,Catalyst,137.79,0.00,146.16,463,2.80
03/06/25 23:30,M006,Process Additive,Coolant,70.41,0.00,180.98,429,1.47
03/06/25 23:35,M009,Finished Material,Machine Component,190.01,0.00,180.82,989,3.98
03/06/25 23:40,M002,Intermediate Material,Textiles,125.6,0.00,162.67,799,2.82
03/06/25 23:45,M008,Intermediate Material,Sheet Metal,147.79,0.00,161.14,803,1.18
03/06/25 23:50,M001,Finished Material,Machine Component,161.96,0.00,97.53,152,0.02
03/06/25 23:55,M002,Recycled Material,Scrap Steel,141.26,42.97,122.46,464,4.38
04/06/25 0:00,M008,Recycled Material,Scrap Steel,69.89,44.19,157.9,222,1.96
04/06/25 0:05,M007,Intermediate Material,Sheet Metal,181.34,0.00,162.89,750,4.24
04/06/25 0:10,M008,Process Additive,Catalyst,160.86,0.00,104.62,389,4.08
04/06/25 0:15,M001,Intermediate Material,Textiles,52.45,0.00,129.66,349,4.78
04/06/25 0:20,M009,Recycled Material,Scrap Steel,69.12,31.32,134.6,219,3.40
04/06/25 0:25,M006,Hazardous Material,Solvent,186.18,0.00,82.38,331,4.84
04/06/25 0:30,M002,Hazardous Material,Solvent,99.8,0.00,119.09,290,2.53
04/06/25 0:35,M008,Recycled Material,Scrap Steel,116.92,23.11,186.4,159,0.05
04/06/25 0:40,M005,Raw Material,Steel,164.38,0.00,183.88,915,2.79
04/06/25 0:45,M009,Recycled Material,Scrap Steel,176.06,18.65,137.21,703,2.94
04/06/25 0:50,M010,Recycled Material,Reprocessed Plastics,100.8,42.25,198.61,718,2.38
04/06/25 0:55,M007,Process Additive,Catalyst,199.55,0.00,86.04,808,2.36
04/06/25 1:00,M002,Finished Material,Circuit Board,152.08,0.00,107.45,394,4.84
04/06/25 1:05,M002,Raw Material,Polypropylene,176.86,0.00,119.43,442,0.91
04/06/25 1:10,M005,Finished Material,Circuit Board,168.66,0.00,193.71,673,4.04
04/06/25 1:15,M003,Raw Material,Steel,104.29,0.00,87.66,334,4.62
04/06/25 1:20,M009,Finished Material,Circuit Board,139.18,0.00,102.87,176,3.84
04/06/25 1:25,M010,Process Additive,Catalyst,153.11,0.00,177.12,460,4.02
04/06/25 1:30,M003,Intermediate Material,Plastic Resin,99.11,0.00,172.42,951,4.07
04/06/25 1:35,M010,Recycled Material,Scrap Steel,153.1,46.67,174.17,859,4.30
04/06/25 1:40,M008,Recycled Material,Reprocessed Plastics,171.17,0.61,184.91,996,0.31
04/06/25 1:45,M001,Recycled Material,Scrap Steel,189.43,35.85,87.19,529,1.45
04/06/25 1:50,M006,Raw Material,Steel,131.06,0.00,101.36,847,1.38
04/06/25 1:55,M002,Finished Material,Machine Component,158.77,0.00,84.88,735,0.10
04/06/25 2:00,M004,Hazardous Material,Lead-Based Alloy,98.19,0.00,92.15,294,3.69
04/06/25 2:05,M005,Recycled Material,Scrap Steel,102.64,33.48,98.76,397,3.26
04/06/25 2:10,M002,Raw Material,Aluminum,189.73,0.00,89.47,999,2.76
04/06/25 2:15,M002,Intermediate Material,Plastic Resin,159.8,0.00,147.96,994,4.11
04/06/25 2:20,M006,Hazardous Material,Lead-Based Alloy,99.19,0.00,156.33,583,1.20
04/06/25 2:25,M004,Finished Material,Packaging,192.57,0.00,129.2,612,2.73
04/06/25 2:30,M007,Raw Material,Cotton,195.39,0.00,199.19,374,1.63
04/06/25 2:35,M007,Hazardous Material,Solvent,115.86,0.00,195.3,972,1.08
04/06/25 2:40,M002,Hazardous Material,Solvent,123.75,0.00,159.91,539,1.65
04/06/25 2:45,M002,Intermediate Material,Textiles,86.62,0.00,169.69,991,1.28
04/06/25 2:50,M010,Process Additive,Catalyst,82.65,0.00,135.55,811,2.76
04/06/25 2:55,M006,Recycled Material,Reprocessed Plastics,87.57,32.55,87.43,924,0.84
04/06/25 3:00,M004,Raw Material,Cotton,172.48,0.00,136.92,999,4.98
04/06/25 3:05,M005,Finished Material,Machine Component,173.63,0.00,190.48,132,3.27
04/06/25 3:10,M003,Hazardous Material,Solvent,51.96,0.00,89.01,178,2.54
04/06/25 3:15,M008,Recycled Material,Scrap Steel,54.74,3.64,188.01,659,3.56
04/06/25 3:20,M009,Raw Material,Aluminum,120.92,0.00,86.6,213,0.22
04/06/25 3:25,M008,Raw Material,Polypropylene,91.57,0.00,174.49,361,1.58
04/06/25 3:30,M004,Finished Material,Circuit Board,102.37,0.00,136.39,191,4.87
04/06/25 3:35,M002,Hazardous Material,Solvent,61.38,0.00,185.73,107,2.84
04/06/25 3:40,M006,Finished Material,Packaging,151.88,0.00,95.82,462,4.49
04/06/25 3:45,M009,Finished Material,Circuit Board,60.63,0.00,120.97,190,1.50
04/06/25 3:50,M007,Intermediate Material,Textiles,181.69,0.00,81.31,100,0.03
04/06/25 3:55,M009,Hazardous Material,Solvent,146.32,0.00,115.81,906,0.53
04/06/25 4:00,M004,Recycled Material,Reprocessed Plastics,74.83,8.94,124.25,539,3.95
04/06/25 4:05,M004,Raw Material,Polypropylene,134.55,0.00,122.6,649,2.79
04/06/25 4:10,M001,Finished Material,Machine Component,80.12,0.00,135.61,982,4.62
04/06/25 4:15,M002,Hazardous Material,Lead-Based Alloy,85.53,0.00,194.89,562,1.24
04/06/25 4:20,M002,Raw Material,Aluminum,172.72,0.00,118.28,930,0.97
04/06/25 4:25,M008,Finished Material,Machine Component,178.71,0.00,149.66,313,1.65
04/06/25 4:30,M009,Process Additive,Industrial Oil,154.19,0.00,121.63,169,3.13
04/06/25 4:35,M010,Process Additive,Industrial Oil,149.65,0.00,139.39,939,2.16
04/06/25 4:40,M008,Intermediate Material,Sheet Metal,138.15,0.00,172.71,932,4.17
04/06/25 4:45,M009,Hazardous Material,Lead-Based Alloy,65.62,0.00,196.21,247,0.48
04/06/25 4:50,M001,Recycled Material,Reprocessed Plastics,178.29,38.17,83.85,782,4.90
04/06/25 4:55,M010,Process Additive,Coolant,130.31,0.00,156.03,800,2.32
04/06/25 5:00,M001,Process Additive,Industrial Oil,105.28,0.00,163.07,579,2.03
04/06/25 5:05,M007,Recycled Material,Scrap Steel,69.65,18.66,112.55,501,1.91
04/06/25 5:10,M008,Raw Material,Aluminum,132.18,0.00,136.35,870,3.98
04/06/25 5:15,M003,Intermediate Material,Textiles,54.27,0.00,134.69,259,0.58
04/06/25 5:20,M007,Intermediate Material,Textiles,107.67,0.00,187.63,634,3.15
04/06/25 5:25,M003,Recycled Material,Scrap Steel,89.77,26.18,184.3,769,4.04
04/06/25 5:30,M003,Recycled Material,Reprocessed Plastics,160.75,14.56,127.3,103,3.15
04/06/25 5:35,M007,Hazardous Material,Solvent,190.61,0.00,196.6,723,3.92
04/06/25 5:40,M004,Intermediate Material,Sheet Metal,143.52,0.00,160.55,932,3.70
04/06/25 5:45,M004,Finished Material,Circuit Board,188.17,0.00,115.68,197,2.39
04/06/25 5:50,M006,Intermediate Material,Plastic Resin,193.63,0.00,143.84,454,2.08
04/06/25 5:55,M006,Finished Material,Circuit Board,92.48,0.00,129.76,364,0.12
04/06/25 6:00,M005,Finished Material,Packaging,93.68,0.00,187.85,514,4.66
04/06/25 6:05,M002,Recycled Material,Reprocessed Plastics,165.2,14.39,91.43,156,0.27
04/06/25 6:10,M004,Intermediate Material,Plastic Resin,137.93,0.00,110.87,956,4.41
04/06/25 6:15,M005,Intermediate Material,Sheet Metal,69.9,0.00,189.17,535,4.02
04/06/25 6:20,M007,Raw Material,Polypropylene,180.82,0.00,170.85,126,3.47
04/06/25 6:25,M009,Process Additive,Coolant,139.02,0.00,80.77,234,3.62
04/06/25 6:30,M010,Raw Material,Cotton,57.82,0.00,185.63,614,0.06
04/06/25 6:35,M003,Process Additive,Industrial Oil,192.64,0.00,137.28,340,0.09
04/06/25 6:40,M009,Finished Material,Machine Component,180.69,0.00,97.51,488,4.17
04/06/25 6:45,M007,Recycled Material,Reprocessed Plastics,83.85,30.96,186.79,634,3.48
04/06/25 6:50,M007,Raw Material,Steel,160.52,0.00,165.74,145,2.65
04/06/25 6:55,M009,Process Additive,Coolant,136.3,0.00,165.43,806,1.94
04/06/25 7:00,M002,Recycled Material,Reprocessed Plastics,168.16,29.23,195.1,246,2.21
04/06/25 7:05,M010,Process Additive,Industrial Oil,110.87,0.00,137.97,625,2.09
04/06/25 7:10,M001,Finished Material,Packaging,114.55,0.00,108.84,815,3.57
04/06/25 7:15,M008,Intermediate Material,Sheet Metal,199.72,0.00,172.61,361,2.71
04/06/25 7:20,M006,Process Additive,Coolant,61.73,0.00,106.25,781,1.63
04/06/25 7:25,M002,Finished Material,Packaging,155.69,0.00,105.05,667,4.41
04/06/25 7:30,M004,Raw Material,Steel,95.56,0.00,196.2,347,4.42
04/06/25 7:35,M003,Process Additive,Catalyst,188.02,0.00,148.05,784,1.67
04/06/25 7:40,M010,Finished Material,Circuit Board,51.15,0.00,146.79,182,4.68
04/06/25 7:45,M008,Finished Material,Machine Component,74.79,0.00,113.86,387,4.61
04/06/25 7:50,M007,Raw Material,Steel,175.9,0.00,84.19,802,4.56
04/06/25 7:55,M002,Hazardous Material,Solvent,161.5,0.00,182.85,911,1.88
04/06/25 8:00,M009,Hazardous Material,Lead-Based Alloy,157.35,0.00,148.87,654,2.15
04/06/25 8:05,M004,Recycled Material,Reprocessed Plastics,166.04,14.95,82.08,178,2.77
04/06/25 8:10,M009,Recycled Material,Reprocessed Plastics,181.23,48.04,177.74,408,3.76
04/06/25 8:15,M004,Recycled Material,Scrap Steel,76.52,3.28,99.93,776,3.30
04/06/25 8:20,M007,Raw Material,Steel,69.56,0.00,87.61,934,3.57
04/06/25 8:25,M002,Intermediate Material,Sheet Metal,169.14,0.00,174.82,739,1.20
04/06/25 8:30,M004,Hazardous Material,Solvent,81.02,0.00,85.41,495,0.19
04/06/25 8:35,M004,Finished Material,Circuit Board,172.51,0.00,175.9,703,2.22
04/06/25 8:40,M006,Recycled Material,Scrap Steel,120.21,48.47,124.1,859,3.72
04/06/25 8:45,M005,Finished Material,Circuit Board,53.25,0.00,150.84,415,1.85
04/06/25 8:50,M001,Recycled Material,Scrap Steel,195.27,16.88,198.85,862,0.03
04/06/25 8:55,M008,Recycled Material,Reprocessed Plastics,137.66,34.71,103.2,342,4.70
04/06/25 9:00,M010,Hazardous Material,Solvent,159.79,0.00,123.32,831,4.59
04/06/25 9:05,M006,Process Additive,Coolant,193.78,0.00,154.6,361,4.05
04/06/25 9:10,M003,Hazardous Material,Solvent,199.71,0.00,190.63,365,0.46
04/06/25 9:15,M004,Recycled Material,Scrap Steel,72.19,44.05,143.35,541,4.28
04/06/25 9:20,M004,Intermediate Material,Textiles,78.47,0.00,158.29,111,1.74
04/06/25 9:25,M002,Finished Material,Circuit Board,66.18,0.00,94.86,771,3.50
04/06/25 9:30,M008,Intermediate Material,Sheet Metal,154.48,0.00,184.21,530,2.35
04/06/25 9:35,M010,Raw Material,Aluminum,161.37,0.00,94.96,316,3.71
04/06/25 9:40,M006,Finished Material,Packaging,76.39,0.00,190.91,178,4.07
04/06/25 9:45,M002,Raw Material,Steel,191.69,0.00,145.91,778,3.65
04/06/25 9:50,M009,Recycled Material,Scrap Steel,182.76,10.33,152.13,942,0.32
04/06/25 9:55,M009,Finished Material,Packaging,62.37,0.00,157.38,675,4.71
04/06/25 10:00,M007,Raw Material,Aluminum,52.68,0.00,170.98,622,0.77
04/06/25 10:05,M010,Recycled Material,Scrap Steel,131.84,13.30,104.47,425,4.61
04/06/25 10:10,M009,Recycled Material,Scrap Steel,197.64,12.41,193.11,617,3.59
04/06/25 10:15,M001,Process Additive,Catalyst,128.7,0.00,172.82,597,3.29
04/06/25 10:20,M010,Recycled Material,Scrap Steel,118.59,27.82,148.26,282,1.40
04/06/25 10:25,M007,Process Additive,Coolant,73.78,0.00,103.96,452,4.68
04/06/25 10:30,M009,Finished Material,Packaging,158.25,0.00,112.62,379,0.14
04/06/25 10:35,M010,Intermediate Material,Textiles,165.88,0.00,83.51,248,2.88
04/06/25 10:40,M008,Process Additive,Coolant,197.55,0.00,175.53,256,4.63
04/06/25 10:45,M005,Hazardous Material,Lead-Based Alloy,63.6,0.00,135.64,653,2.88
04/06/25 10:50,M004,Recycled Material,Scrap Steel,147.12,30.34,92.93,737,1.96
04/06/25 10:55,M009,Recycled Material,Reprocessed Plastics,151.57,36.02,92.8,155,3.90
04/06/25 11:00,M005,Hazardous Material,Solvent,183.13,0.00,195.58,432,1.21
04/06/25 11:05,M008,Hazardous Material,Lead-Based Alloy,147.79,0.00,100.68,526,0.95
04/06/25 11:10,M005,Process Additive,Catalyst,116.74,0.00,140.82,172,0.36
04/06/25 11:15,M008,Process Additive,Catalyst,106.67,0.00,176.62,820,1.46
04/06/25 11:20,M007,Recycled Material,Reprocessed Plastics,127.91,13.41,150.24,637,3.47
04/06/25 11:25,M006,Recycled Material,Scrap Steel,57.37,2.16,93.96,362,4.34
04/06/25 11:30,M003,Intermediate Material,Textiles,82.11,0.00,156.86,959,4.58
04/06/25 11:35,M007,Raw Material,Cotton,188.25,0.00,142.52,974,1.76
04/06/25 11:40,M003,Hazardous Material,Solvent,53.43,0.00,160.6,395,1.07
04/06/25 11:45,M001,Finished Material,Machine Component,130.11,0.00,177.41,394,2.67
04/06/25 11:50,M007,Finished Material,Circuit Board,129.97,0.00,139.49,430,2.20
04/06/25 11:55,M006,Recycled Material,Reprocessed Plastics,128.49,6.50,158.17,914,2.17
04/06/25 12:00,M001,Finished Material,Circuit Board,186.7,0.00,149.71,587,4.72
04/06/25 12:05,M004,Finished Material,Circuit Board,83.11,0.00,122.62,730,3.50
04/06/25 12:10,M001,Recycled Material,Reprocessed Plastics,91.25,21.88,194.02,320,0.98
04/06/25 12:15,M001,Hazardous Material,Solvent,58.05,0.00,120.56,908,0.15
04/06/25 12:20,M004,Intermediate Material,Sheet Metal,172.32,0.00,193.32,397,4.32
04/06/25 12:25,M004,Finished Material,Circuit Board,197.26,0.00,136.39,237,4.88
04/06/25 12:30,M008,Finished Material,Machine Component,143.36,0.00,130.68,329,0.48
04/06/25 12:35,M009,Process Additive,Industrial Oil,161.75,0.00,82.43,248,1.96
04/06/25 12:40,M002,Finished Material,Circuit Board,68.35,0.00,169.44,964,1.60
04/06/25 12:45,M003,Recycled Material,Scrap Steel,185.43,10.40,90.05,555,3.51
04/06/25 12:50,M009,Finished Material,Packaging,187.52,0.00,136.36,626,3.44
04/06/25 12:55,M005,Recycled Material,Scrap Steel,194.95,18.59,114.85,118,3.75
04/06/25 13:00,M002,Raw Material,Cotton,108.88,0.00,141.29,581,0.82
04/06/25 13:05,M004,Finished Material,Machine Component,56.93,0.00,173.66,658,0.46
04/06/25 13:10,M010,Recycled Material,Reprocessed Plastics,158.44,5.40,189.31,941,2.52
04/06/25 13:15,M003,Recycled Material,Scrap Steel,147.01,47.72,174.96,205,3.87
04/06/25 13:20,M002,Hazardous Material,Solvent,128.86,0.00,168.81,673,3.82
04/06/25 13:25,M008,Recycled Material,Scrap Steel,90.51,39.77,111.58,338,1.86
04/06/25 13:30,M002,Hazardous Material,Solvent,145.52,0.00,171.09,424,4.95
04/06/25 13:35,M008,Intermediate Material,Plastic Resin,92.83,0.00,135.3,418,4.17
04/06/25 13:40,M008,Intermediate Material,Plastic Resin,89.62,0.00,160.91,566,2.98
04/06/25 13:45,M004,Raw Material,Steel,116.33,0.00,95.37,294,2.12
04/06/25 13:50,M009,Raw Material,Aluminum,158.6,0.00,119.79,376,4.69
04/06/25 13:55,M003,Intermediate Material,Plastic Resin,86.78,0.00,162.01,562,2.26
04/06/25 14:00,M001,Process Additive,Catalyst,65.45,0.00,179.85,444,4.59
04/06/25 14:05,M009,Hazardous Material,Solvent,62.57,0.00,127.38,299,0.75
04/06/25 14:10,M006,Hazardous Material,Lead-Based Alloy,109.77,0.00,95.31,617,2.29
04/06/25 14:15,M006,Process Additive,Coolant,157.95,0.00,140.12,138,4.21
04/06/25 14:20,M005,Intermediate Material,Sheet Metal,170.8,0.00,197.18,901,3.43
04/06/25 14:25,M010,Recycled Material,Reprocessed Plastics,118.87,35.50,88.29,685,2.03
04/06/25 14:30,M007,Finished Material,Machine Component,153.07,0.00,148.68,942,2.91
04/06/25 14:35,M003,Recycled Material,Scrap Steel,108.29,35.73,184.16,820,4.26
04/06/25 14:40,M008,Hazardous Material,Lead-Based Alloy,157.19,0.00,148.04,853,3.40
04/06/25 14:45,M009,Hazardous Material,Lead-Based Alloy,171.97,0.00,139.98,846,2.88
04/06/25 14:50,M004,Finished Material,Circuit Board,128.05,0.00,185.57,210,4.53
04/06/25 14:55,M004,Recycled Material,Scrap Steel,92.07,25.36,102.91,724,1.67
04/06/25 15:00,M003,Finished Material,Packaging,106.77,0.00,173.04,593,1.43
04/06/25 15:05,M005,Process Additive,Coolant,153.66,0.00,103.19,841,4.20
04/06/25 15:10,M003,Finished Material,Packaging,99.34,0.00,123.86,764,1.91
04/06/25 15:15,M009,Hazardous Material,Solvent,125.13,0.00,146.69,957,4.12
04/06/25 15:20,M006,Hazardous Material,Solvent,89.31,0.00,114.42,107,0.14
04/06/25 15:25,M009,Hazardous Material,Lead-Based Alloy,83.67,0.00,175.76,326,3.31
04/06/25 15:30,M002,Process Additive,Industrial Oil,177.62,0.00,114.11,792,2.52
04/06/25 15:35,M009,Raw Material,Steel,86.89,0.00,166.46,986,4.59
04/06/25 15:40,M005,Hazardous Material,Lead-Based Alloy,130.32,0.00,183.98,946,0.16
04/06/25 15:45,M010,Recycled Material,Reprocessed Plastics,97.48,11.14,162.45,444,1.17
04/06/25 15:50,M008,Process Additive,Industrial Oil,76.37,0.00,98.12,596,0.69
04/06/25 15:55,M006,Hazardous Material,Lead-Based Alloy,99.49,0.00,80.66,288,0.75
04/06/25 16:00,M008,Finished Material,Circuit Board,84.64,0.00,156.91,806,0.42
04/06/25 16:05,M004,Recycled Material,Scrap Steel,58.94,26.87,81.23,803,2.04
04/06/25 16:10,M003,Hazardous Material,Lead-Based Alloy,134.05,0.00,182.12,434,1.83
04/06/25 16:15,M008,Finished Material,Packaging,78.33,0.00,173.6,987,3.80
04/06/25 16:20,M001,Finished Material,Packaging,159.54,0.00,96.01,231,4.01
04/06/25 16:25,M005,Process Additive,Catalyst,167.95,0.00,151.1,325,0.20
04/06/25 16:30,M007,Raw Material,Steel,126.77,0.00,118.13,928,2.43
04/06/25 16:35,M005,Raw Material,Aluminum,111.13,0.00,80.22,871,4.41
04/06/25 16:40,M005,Raw Material,Polypropylene,176.01,0.00,196.2,226,2.55
04/06/25 16:45,M003,Intermediate Material,Plastic Resin,66.9,0.00,160.48,989,0.83
04/06/25 16:50,M010,Process Additive,Industrial Oil,61.69,0.00,95.26,283,0.97
04/06/25 16:55,M003,Finished Material,Circuit Board,82.59,0.00,149.32,798,0.68
04/06/25 17:00,M009,Process Additive,Catalyst,184.1,0.00,113.97,291,2.47
04/06/25 17:05,M006,Raw Material,Aluminum,70.63,0.00,165.59,900,4.68
04/06/25 17:10,M010,Raw Material,Cotton,177.22,0.00,86.29,878,0.42
04/06/25 17:15,M010,Process Additive,Industrial Oil,152.38,0.00,195.67,100,1.64
04/06/25 17:20,M008,Hazardous Material,Solvent,200,0.00,174.85,932,4.31
04/06/25 17:25,M009,Raw Material,Polypropylene,189.83,0.00,183.79,751,1.62
04/06/25 17:30,M002,Finished Material,Packaging,142.85,0.00,116.56,823,0.61
04/06/25 17:35,M010,Recycled Material,Scrap Steel,122.83,12.08,159.75,708,4.08
04/06/25 17:40,M002,Raw Material,Polypropylene,91.45,0.00,190.58,849,0.57
04/06/25 17:45,M007,Finished Material,Machine Component,199.92,0.00,89.4,399,0.55
04/06/25 17:50,M001,Process Additive,Catalyst,196.71,0.00,177.63,634,0.69
04/06/25 17:55,M001,Recycled Material,Reprocessed Plastics,149.68,19.02,97.48,740,0.15
04/06/25 18:00,M001,Hazardous Material,Lead-Based Alloy,144.78,0.00,164.66,295,2.17
04/06/25 18:05,M006,Intermediate Material,Textiles,153.44,0.00,147.57,309,3.05
04/06/25 18:10,M003,Process Additive,Catalyst,159.44,0.00,95.15,861,4.99
04/06/25 18:15,M006,Recycled Material,Reprocessed Plastics,111.8,36.52,154.26,196,4.40
04/06/25 18:20,M007,Recycled Material,Scrap Steel,184.03,7.12,178.11,731,1.55
04/06/25 18:25,M005,Finished Material,Circuit Board,64.54,0.00,82.61,690,2.25
04/06/25 18:30,M006,Intermediate Material,Sheet Metal,147.29,0.00,99.81,890,3.15
04/06/25 18:35,M008,Raw Material,Cotton,150.15,0.00,81.96,669,2.13
04/06/25 18:40,M009,Hazardous Material,Solvent,194.62,0.00,180.78,947,0.58
04/06/25 18:45,M003,Raw Material,Aluminum,172.88,0.00,96.92,818,1.72
04/06/25 18:50,M001,Process Additive,Industrial Oil,71.23,0.00,170.03,538,4.32
04/06/25 18:55,M009,Finished Material,Machine Component,97.95,0.00,87.29,426,3.98
04/06/25 19:00,M003,Intermediate Material,Plastic Resin,169.6,0.00,111.43,217,3.11
04/06/25 19:05,M001,Recycled Material,Scrap Steel,93.56,41.43,169.81,656,0.93
04/06/25 19:10,M008,Hazardous Material,Lead-Based Alloy,92.48,0.00,136.85,136,1.71
04/06/25 19:15,M007,Process Additive,Catalyst,166.38,0.00,161.26,963,2.42
04/06/25 19:20,M010,Raw Material,Aluminum,110.03,0.00,141.59,421,4.12
04/06/25 19:25,M004,Process Additive,Coolant,83.8,0.00,145.33,937,1.04
04/06/25 19:30,M010,Finished Material,Circuit Board,112.62,0.00,134.44,622,3.26
04/06/25 19:35,M004,Raw Material,Steel,197.19,0.00,101.16,887,4.71
04/06/25 19:40,M009,Process Additive,Catalyst,72.91,0.00,157.12,509,1.29
04/06/25 19:45,M010,Hazardous Material,Lead-Based Alloy,197.33,0.00,110.99,153,1.70
04/06/25 19:50,M006,Recycled Material,Reprocessed Plastics,160.13,40.71,89.48,934,2.35
04/06/25 19:55,M005,Finished Material,Circuit Board,166.44,0.00,172.46,135,1.26
04/06/25 20:00,M005,Finished Material,Packaging,145.47,0.00,116.09,991,3.52
04/06/25 20:05,M010,Finished Material,Circuit Board,163.24,0.00,82.1,480,1.40
04/06/25 20:10,M006,Process Additive,Catalyst,63.03,0.00,170.53,315,0.36
04/06/25 20:15,M002,Recycled Material,Reprocessed Plastics,189.36,29.18,188.44,234,0.92
04/06/25 20:20,M009,Intermediate Material,Sheet Metal,143.61,0.00,148.8,783,2.50
04/06/25 20:25,M008,Process Additive,Industrial Oil,115.75,0.00,195.41,714,4.13
04/06/25 20:30,M007,Finished Material,Circuit Board,50.53,0.00,113.39,978,1.60
04/06/25 20:35,M006,Raw Material,Polypropylene,195.87,0.00,143.78,790,1.90
04/06/25 20:40,M005,Raw Material,Cotton,79.59,0.00,146.36,272,2.53
04/06/25 20:45,M002,Raw Material,Polypropylene,157.97,0.00,147.64,264,1.74
04/06/25 20:50,M003,Raw Material,Steel,180.66,0.00,140.47,845,4.38
04/06/25 20:55,M007,Intermediate Material,Sheet Metal,197.5,0.00,195.4,544,4.89
04/06/25 21:00,M007,Process Additive,Coolant,108.53,0.00,186.92,536,4.34
04/06/25 21:05,M001,Raw Material,Polypropylene,173.07,0.00,177.5,307,1.60
04/06/25 21:10,M001,Raw Material,Polypropylene,109.47,0.00,115.44,569,3.33
04/06/25 21:15,M006,Process Additive,Catalyst,110.5,0.00,114.29,193,1.32
04/06/25 21:20,M007,Finished Material,Machine Component,199.63,0.00,120.82,249,3.45
04/06/25 21:25,M004,Finished Material,Packaging,175.1,0.00,125.97,252,1.84
04/06/25 21:30,M008,Recycled Material,Reprocessed Plastics,155.02,32.84,94.71,938,4.44
04/06/25 21:35,M006,Recycled Material,Reprocessed Plastics,162.69,45.10,128.24,113,1.99
04/06/25 21:40,M004,Recycled Material,Reprocessed Plastics,101.05,19.60,133.71,186,0.28
04/06/25 21:45,M010,Recycled Material,Reprocessed Plastics,135.62,29.96,153.9,288,1.40
04/06/25 21:50,M010,Finished Material,Machine Component,189.38,0.00,107.19,390,1.00
04/06/25 21:55,M010,Intermediate Material,Textiles,186.28,0.00,90.02,525,0.93
04/06/25 22:00,M009,Intermediate Material,Plastic Resin,139.77,0.00,114.13,558,3.15
04/06/25 22:05,M002,Recycled Material,Scrap Steel,83.51,12.36,168.73,157,0.58
04/06/25 22:10,M008,Hazardous Material,Solvent,121.68,0.00,172.7,146,1.84
04/06/25 22:15,M005,Finished Material,Machine Component,55.48,0.00,119.39,660,4.20
04/06/25 22:20,M002,Recycled Material,Reprocessed Plastics,188.09,30.55,186.38,742,4.55
04/06/25 22:25,M001,Finished Material,Packaging,108.91,0.00,141.35,419,1.91
04/06/25 22:30,M009,Recycled Material,Reprocessed Plastics,50.93,26.15,194.85,976,2.26
04/06/25 22:35,M007,Process Additive,Coolant,169.87,0.00,83.08,972,1.88
04/06/25 22:40,M004,Finished Material,Circuit Board,182.21,0.00,95.63,898,2.16
04/06/25 22:45,M003,Intermediate Material,Plastic Resin,64.77,0.00,154.6,742,0.71
04/06/25 22:50,M008,Intermediate Material,Plastic Resin,108.09,0.00,193.74,545,2.09
04/06/25 22:55,M004,Hazardous Material,Lead-Based Alloy,106.68,0.00,161.63,961,0.22
04/06/25 23:00,M008,Intermediate Material,Plastic Resin,152.09,0.00,170.93,906,3.33
04/06/25 23:05,M007,Process Additive,Catalyst,116.94,0.00,89.02,365,2.30
04/06/25 23:10,M007,Recycled Material,Reprocessed Plastics,153.93,37.17,194.82,743,0.59
04/06/25 23:15,M005,Raw Material,Aluminum,73.67,0.00,93.2,830,3.30
04/06/25 23:20,M003,Intermediate Material,Plastic Resin,179.16,0.00,149.86,361,4.07
04/06/25 23:25,M006,Finished Material,Machine Component,76.14,0.00,162.7,708,4.92
04/06/25 23:30,M008,Recycled Material,Reprocessed Plastics,130.7,45.42,130.72,408,4.00
04/06/25 23:35,M002,Raw Material,Polypropylene,187.74,0.00,137.4,926,0.36
04/06/25 23:40,M009,Intermediate Material,Sheet Metal,127.91,0.00,171.33,602,4.97
04/06/25 23:45,M004,Finished Material,Circuit Board,162.31,0.00,122.09,882,2.09
04/06/25 23:50,M008,Raw Material,Polypropylene,78.99,0.00,109.81,954,3.35
04/06/25 23:55,M009,Process Additive,Industrial Oil,139.91,0.00,103.91,793,1.93
05/06/25 0:00,M007,Hazardous Material,Solvent,153.46,0.00,116.91,732,2.74
05/06/25 0:05,M010,Process Additive,Coolant,161.18,0.00,90.37,143,4.21
05/06/25 0:10,M001,Hazardous Material,Solvent,181.21,0.00,143.35,318,2.78
05/06/25 0:15,M001,Process Additive,Industrial Oil,171.03,0.00,172.38,200,4.66
05/06/25 0:20,M002,Recycled Material,Reprocessed Plastics,145.39,49.31,91.72,918,0.02
05/06/25 0:25,M004,Process Additive,Coolant,128.93,0.00,103.26,529,0.44
05/06/25 0:30,M001,Process Additive,Catalyst,167.96,0.00,141.8,106,1.57
05/06/25 0:35,M008,Process Additive,Catalyst,137.4,0.00,165.09,596,1.80
05/06/25 0:40,M005,Finished Material,Circuit Board,75.39,0.00,171.58,349,2.51
05/06/25 0:45,M002,Intermediate Material,Textiles,139.99,0.00,170.99,569,2.84
05/06/25 0:50,M004,Process Additive,Catalyst,92.19,0.00,183.61,369,3.43
05/06/25 0:55,M006,Hazardous Material,Lead-Based Alloy,101.29,0.00,168.15,931,1.01
05/06/25 1:00,M001,Raw Material,Polypropylene,69.83,0.00,88.99,383,3.50
05/06/25 1:05,M008,Finished Material,Packaging,75.56,0.00,115.41,850,3.20
05/06/25 1:10,M007,Intermediate Material,Plastic Resin,82.14,0.00,123.05,241,2.58
05/06/25 1:15,M002,Recycled Material,Scrap Steel,174.61,30.87,132.25,1000,0.45